App,Category,Rating,Reviews,Installs
Photo Editor & Candy Camera & Grid & ScrapBook,ART_AND_DESIGN,4.1,159.0,10000.0
Coloring book moana,ART_AND_DESIGN,3.9,967.0,500000.0
"U Launcher Lite – FREE Live Cool Themes, Hide Apps",ART_AND_DESIGN,4.7,87510.0,5000000.0
Sketch - Draw & Paint,ART_AND_DESIGN,4.5,215644.0,50000000.0
Pixel Draw - Number Art Coloring Book,ART_AND_DESIGN,4.3,967.0,100000.0
Paper flowers instructions,ART_AND_DESIGN,4.4,167.0,50000.0
Smoke Effect Photo Maker - Smoke Editor,ART_AND_DESIGN,3.8,178.0,50000.0
Infinite Painter,ART_AND_DESIGN,4.1,36815.0,1000000.0
Garden Coloring Book,ART_AND_DESIGN,4.4,13791.0,1000000.0
Kids Paint Free - Drawing Fun,ART_AND_DESIGN,4.7,121.0,10000.0
Text on Photo - Fonteee,ART_AND_DESIGN,4.4,13880.0,1000000.0
Name Art Photo Editor - Focus n Filters,ART_AND_DESIGN,4.4,8788.0,1000000.0
Tattoo Name On My Photo Editor,ART_AND_DESIGN,4.2,44829.0,10000000.0
Mandala Coloring Book,ART_AND_DESIGN,4.6,4326.0,100000.0
3D Color Pixel by Number - Sandbox Art Coloring,ART_AND_DESIGN,4.4,1518.0,100000.0
Photo Designer - Write your name with shapes,ART_AND_DESIGN,4.7,3632.0,500000.0
350 Diy Room Decor Ideas,ART_AND_DESIGN,4.5,27.0,10000.0
FlipaClip - Cartoon animation,ART_AND_DESIGN,4.3,194216.0,5000000.0
ibis Paint X,ART_AND_DESIGN,4.6,224399.0,10000000.0
Logo Maker - Small Business,ART_AND_DESIGN,4.0,450.0,100000.0
Boys Photo Editor - Six Pack & Men's Suit,ART_AND_DESIGN,4.1,654.0,100000.0
Superheroes Wallpapers | 4K Backgrounds,ART_AND_DESIGN,4.7,7699.0,500000.0
Mcqueen Coloring pages,ART_AND_DESIGN,4.193338315362443,61.0,100000.0
HD Mickey Minnie Wallpapers,ART_AND_DESIGN,4.7,118.0,50000.0
Harley Quinn wallpapers HD,ART_AND_DESIGN,4.8,192.0,10000.0
Colorfit - Drawing & Coloring,ART_AND_DESIGN,4.7,20260.0,500000.0
Animated Photo Editor,ART_AND_DESIGN,4.1,203.0,100000.0
Pencil Sketch Drawing,ART_AND_DESIGN,3.9,136.0,10000.0
Easy Realistic Drawing Tutorial,ART_AND_DESIGN,4.1,223.0,100000.0
Pink Silver Bow Keyboard Theme,ART_AND_DESIGN,4.2,1120.0,100000.0
Art Drawing Ideas,ART_AND_DESIGN,4.1,227.0,50000.0
Anime Manga Coloring Book,ART_AND_DESIGN,4.5,5035.0,100000.0
Easy Origami Ideas,ART_AND_DESIGN,4.2,1015.0,100000.0
I Creative Idea,ART_AND_DESIGN,4.7,353.0,10000.0
How to draw Ladybug and Cat Noir,ART_AND_DESIGN,3.8,564.0,100000.0
UNICORN - Color By Number & Pixel Art Coloring,ART_AND_DESIGN,4.7,8145.0,500000.0
Floor Plan Creator,ART_AND_DESIGN,4.1,36639.0,5000000.0
PIP Camera - PIP Collage Maker,ART_AND_DESIGN,4.7,158.0,10000.0
How To Color Disney Princess - Coloring Pages,ART_AND_DESIGN,4.0,591.0,500000.0
Drawing Clothes Fashion Ideas,ART_AND_DESIGN,4.2,117.0,10000.0
Sad Poetry Photo Frames 2018,ART_AND_DESIGN,4.5,176.0,100000.0
Textgram - write on photos,ART_AND_DESIGN,4.4,295221.0,10000000.0
Paint Splash!,ART_AND_DESIGN,3.8,2206.0,100000.0
Popsicle Sticks and Similar DIY Craft Ideas,ART_AND_DESIGN,4.2,26.0,10000.0
"Canva: Poster, banner, card maker & graphic design",ART_AND_DESIGN,4.7,174531.0,10000000.0
Install images with music to make video without Net - 2018,ART_AND_DESIGN,4.6,1070.0,100000.0
Little Teddy Bear Colouring Book Game,ART_AND_DESIGN,4.2,85.0,100000.0
How To Draw Food,ART_AND_DESIGN,4.3,845.0,100000.0
Monster Truck Stunt 3D 2019,AUTO_AND_VEHICLES,4.2,367.0,100000.0
Real Tractor Farming,AUTO_AND_VEHICLES,4.0,1598.0,1000000.0
Ultimate F1 Racing Championship,AUTO_AND_VEHICLES,3.8,284.0,100000.0
Used Cars and Trucks for Sale,AUTO_AND_VEHICLES,4.6,17057.0,1000000.0
American Muscle Car Race,AUTO_AND_VEHICLES,3.9,129.0,100000.0
Offroad Oil Tanker Driver Transport Truck 2019,AUTO_AND_VEHICLES,4.3,542.0,100000.0
Tickets SDA 2018 and Exam from the State Traffic Safety Inspectorate with Drom.ru,AUTO_AND_VEHICLES,4.9,10479.0,100000.0
Gas Prices (Germany only),AUTO_AND_VEHICLES,4.4,805.0,50000.0
Extreme Rally Championship,AUTO_AND_VEHICLES,4.2,129.0,100000.0
Restart Navigator,AUTO_AND_VEHICLES,4.0,1403.0,100000.0
"REG - Check the regnumber, find information about Swedish vehicles",AUTO_AND_VEHICLES,3.9,3971.0,100000.0
CityBus Lviv,AUTO_AND_VEHICLES,4.6,534.0,10000.0
CDL Practice Test 2018 Edition,AUTO_AND_VEHICLES,4.9,7774.0,100000.0
"ezETC (ETC balance inquiry, meter trial, real-time traffic)",AUTO_AND_VEHICLES,4.3,38846.0,1000000.0
Free VIN Report for Used Cars,AUTO_AND_VEHICLES,4.6,2431.0,100000.0
DMV Permit Practice Test 2018 Edition,AUTO_AND_VEHICLES,4.9,6090.0,100000.0
Check Vehicle Tax,AUTO_AND_VEHICLES,3.9,295.0,10000.0
Used Cars Mexico,AUTO_AND_VEHICLES,4.0,190.0,50000.0
Ulysse Speedometer,AUTO_AND_VEHICLES,4.3,40211.0,5000000.0
REPUVE,AUTO_AND_VEHICLES,3.9,356.0,100000.0
Used cars for sale - Trovit,AUTO_AND_VEHICLES,4.2,52530.0,5000000.0
"Fines of the State Traffic Safety Inspectorate are official: inspection, payment of fines",AUTO_AND_VEHICLES,4.8,116986.0,5000000.0
SK Enca Direct Malls - Used Cars Search,AUTO_AND_VEHICLES,3.6,1379.0,500000.0
"Android Auto - Maps, Media, Messaging & Voice",AUTO_AND_VEHICLES,4.2,271920.0,10000000.0
PDD-UA,AUTO_AND_VEHICLES,4.8,736.0,100000.0
Tickets SDA 2019 + Exam RF,AUTO_AND_VEHICLES,4.8,7021.0,500000.0
Super Cars Wallpapers And Backgrounds,AUTO_AND_VEHICLES,4.6,197.0,50000.0
"Police Lights, Sirens & Follow Me",AUTO_AND_VEHICLES,4.5,737.0,100000.0
Police Detector (Speed Camera Radar),AUTO_AND_VEHICLES,4.3,3574.0,1000000.0
Best Car Wallpapers,AUTO_AND_VEHICLES,4.5,994.0,100000.0
Tickets + PDA 2018 Exam,AUTO_AND_VEHICLES,4.9,197136.0,1000000.0
Pick Your Part Garage,AUTO_AND_VEHICLES,3.9,142.0,50000.0
PakWheels: Buy & Sell Cars,AUTO_AND_VEHICLES,4.4,15168.0,1000000.0
Supervision service,AUTO_AND_VEHICLES,4.0,2155.0,500000.0
Speed Camera Detector - Traffic & Speed Alert,AUTO_AND_VEHICLES,4.3,138.0,100000.0
Used car search Goo net whole car Go to net,AUTO_AND_VEHICLES,3.7,5414.0,1000000.0
CarMax – Cars for Sale: Search Used Car Inventory,AUTO_AND_VEHICLES,4.4,21777.0,1000000.0
BEST CAR SOUNDS,AUTO_AND_VEHICLES,4.3,348.0,100000.0
RST - Sale of cars on the PCT,AUTO_AND_VEHICLES,3.2,250.0,100000.0
AutoScout24 Switzerland – Find your new car,AUTO_AND_VEHICLES,4.6,13372.0,1000000.0
Zona Azul Digital Fácil SP CET - OFFICIAL São Paulo,AUTO_AND_VEHICLES,4.6,7880.0,100000.0
SMS Park,AUTO_AND_VEHICLES,4.5,3617.0,100000.0
SKencar,AUTO_AND_VEHICLES,3.7,4806.0,1000000.0
Fuelio: Gas log & costs,AUTO_AND_VEHICLES,4.6,65786.0,1000000.0
auto fines,AUTO_AND_VEHICLES,4.6,31433.0,1000000.0
"Used car is the first car - used car purchase, used car quotation, dealer information to",AUTO_AND_VEHICLES,4.6,5097.0,1000000.0
All of the parking lot - National Park application (parking lot search / parking sharing / discount payment),AUTO_AND_VEHICLES,4.0,1754.0,500000.0
Inquiry Fines and Debits of Vehicles,AUTO_AND_VEHICLES,4.4,2680.0,500000.0
Gas Station,AUTO_AND_VEHICLES,4.0,1288.0,100000.0
Hush - Beauty for Everyone,BEAUTY,4.7,18900.0,500000.0
"ipsy: Makeup, Beauty, and Tips",BEAUTY,4.9,49790.0,1000000.0
Natural recipes for your beauty,BEAUTY,4.7,1150.0,100000.0
"BestCam Selfie-selfie, beauty camera, photo editor",BEAUTY,3.9,1739.0,500000.0
Mirror - Zoom & Exposure -,BEAUTY,3.9,32090.0,1000000.0
Beauty Selfie Camera,BEAUTY,4.2,2225.0,500000.0
Hairstyles step by step,BEAUTY,4.6,4369.0,100000.0
Filters for Selfie,BEAUTY,4.3,8572.0,1000000.0
Tie - Always be happy,BEAUTY,4.7,964.0,50000.0
Ulta Beauty,BEAUTY,4.7,42050.0,1000000.0
Prom MakeUp Tutorial,BEAUTY,4.8,104.0,10000.0
Selfie Camera,BEAUTY,4.2,17934.0,1000000.0
Sweet Selfie Beauty Camera,BEAUTY,4.3,601.0,100000.0
Colors of white in Urdu,BEAUTY,4.5,36.0,10000.0
Selfie Camera Photo Editor & Filter & Sticker,BEAUTY,4.1,187.0,50000.0
Wrinkles and rejuvenation,BEAUTY,4.193338315362443,182.0,100000.0
Eyes Makeup Beauty Tips,BEAUTY,4.2,30.0,10000.0
Photo Editor 2018,BEAUTY,4.5,134.0,10000.0
Step By Step Eyes Makeup Tutorial,BEAUTY,4.4,74.0,10000.0
Beauty Camera - Selfie Camera,BEAUTY,4.0,113715.0,10000000.0
Girls Hairstyles,BEAUTY,4.1,3595.0,500000.0
Mirror Camera (Mirror + Selfie Camera),BEAUTY,4.1,9315.0,1000000.0
Beauty Tips - Beauty Tips in Sinhala,BEAUTY,4.4,75.0,50000.0
Haircut Tutorials/Haircut Videos,BEAUTY,4.6,38.0,10000.0
"Sephora: Skin Care, Beauty Makeup & Fragrance Shop",BEAUTY,4.5,26834.0,1000000.0
Manicure - nail design,BEAUTY,4.193338315362443,119.0,50000.0
"Sticker Camera - Selfie Filters, Beauty Camera",BEAUTY,3.9,2277.0,500000.0
Filters for B Live,BEAUTY,4.4,2280.0,500000.0
Skin Care and Natural Beauty,BEAUTY,4.193338315362443,654.0,100000.0
Facial Wrinkle Reduction,BEAUTY,4.6,184.0,10000.0
Makeup Videos,BEAUTY,3.8,9.0,5000.0
"Secrets of beauty, youth and health",BEAUTY,4.193338315362443,77.0,10000.0
Recipes and tips for losing weight,BEAUTY,4.193338315362443,35.0,10000.0
Discover Color,BEAUTY,4.0,364.0,100000.0
Eyeliner step by step 2018,BEAUTY,4.3,18.0,5000.0
Dresses Ideas & Fashions +3000,BEAUTY,4.5,473.0,100000.0
"Lady adviser (beauty, health)",BEAUTY,4.193338315362443,30.0,10000.0
Step By Step Hairstyles For Women,BEAUTY,4.1,66.0,10000.0
Rainbow Camera,BEAUTY,3.7,3871.0,1000000.0
Methods of teeth whitening,BEAUTY,4.7,257.0,50000.0
Girls hairstyles 2018,BEAUTY,4.2,62.0,10000.0
Wattpad 📖 Free Books,BOOKS_AND_REFERENCE,4.6,2914724.0,100000000.0
E-Book Read - Read Book for free,BOOKS_AND_REFERENCE,4.5,1857.0,50000.0
Download free book with green book,BOOKS_AND_REFERENCE,4.6,4478.0,100000.0
Wikipedia,BOOKS_AND_REFERENCE,4.4,577550.0,10000000.0
Amazon Kindle,BOOKS_AND_REFERENCE,4.2,814080.0,100000000.0
Cool Reader,BOOKS_AND_REFERENCE,4.5,246315.0,10000000.0
Dictionary - Merriam-Webster,BOOKS_AND_REFERENCE,4.5,454060.0,10000000.0
NOOK: Read eBooks & Magazines,BOOKS_AND_REFERENCE,4.5,155446.0,10000000.0
Free Panda Radio Music,BOOKS_AND_REFERENCE,4.5,418.0,100000.0
Book store,BOOKS_AND_REFERENCE,4.4,22486.0,1000000.0
FBReader: Favorite Book Reader,BOOKS_AND_REFERENCE,4.5,203130.0,10000000.0
English Grammar Complete Handbook,BOOKS_AND_REFERENCE,4.6,1435.0,500000.0
Free Books - Spirit Fanfiction and Stories,BOOKS_AND_REFERENCE,4.8,116507.0,1000000.0
Google Play Books,BOOKS_AND_REFERENCE,3.9,1433233.0,1000000000.0
AlReader -any text book reader,BOOKS_AND_REFERENCE,4.6,90468.0,5000000.0
Offline English Dictionary,BOOKS_AND_REFERENCE,4.2,860.0,100000.0
Oxford Dictionary of English : Free,BOOKS_AND_REFERENCE,4.1,363934.0,10000000.0
Offline: English to Tagalog Dictionary,BOOKS_AND_REFERENCE,4.7,967.0,500000.0
Spanish English Translator,BOOKS_AND_REFERENCE,4.2,87873.0,10000000.0
FamilySearch Tree,BOOKS_AND_REFERENCE,4.3,17506.0,1000000.0
Cloud of Books,BOOKS_AND_REFERENCE,3.3,1862.0,1000000.0
Recipes of Prophetic Medicine for free,BOOKS_AND_REFERENCE,4.6,2084.0,500000.0
ReadEra – free ebook reader,BOOKS_AND_REFERENCE,4.8,47303.0,1000000.0
NOOK App for NOOK Devices,BOOKS_AND_REFERENCE,4.7,19080.0,500000.0
Anonymous caller detection,BOOKS_AND_REFERENCE,4.193338315362443,161.0,10000.0
Ebook Reader,BOOKS_AND_REFERENCE,4.1,85842.0,5000000.0
Litnet - E-books,BOOKS_AND_REFERENCE,4.6,7831.0,100000.0
Read books online,BOOKS_AND_REFERENCE,4.1,91615.0,5000000.0
English to Urdu Dictionary,BOOKS_AND_REFERENCE,4.6,4620.0,500000.0
eBoox: book reader fb2 epub zip,BOOKS_AND_REFERENCE,4.7,21336.0,1000000.0
English Persian Dictionary,BOOKS_AND_REFERENCE,4.5,26875.0,500000.0
Flybook,BOOKS_AND_REFERENCE,3.9,1778.0,500000.0
All Maths Formulas,BOOKS_AND_REFERENCE,4.4,2709.0,1000000.0
Ancestry,BOOKS_AND_REFERENCE,4.3,64513.0,5000000.0
HTC Help,BOOKS_AND_REFERENCE,4.2,8342.0,10000000.0
English translation from Bengali,BOOKS_AND_REFERENCE,4.5,527.0,100000.0
Pdf Book Download - Read Pdf Book,BOOKS_AND_REFERENCE,4.4,1322.0,100000.0
Free Book Reader,BOOKS_AND_REFERENCE,3.4,1680.0,100000.0
eBoox new: Reader for fb2 epub zip books,BOOKS_AND_REFERENCE,4.9,2739.0,50000.0
"Only 30 days in English, the guideline is guaranteed",BOOKS_AND_REFERENCE,4.6,1065.0,500000.0
Moon+ Reader,BOOKS_AND_REFERENCE,4.4,233757.0,10000000.0
SH-02J Owner's Manual (Android 8.0),BOOKS_AND_REFERENCE,4.193338315362443,2.0,50000.0
English-Myanmar Dictionary,BOOKS_AND_REFERENCE,4.4,8788.0,1000000.0
Golden Dictionary (EN-AR),BOOKS_AND_REFERENCE,4.4,51269.0,1000000.0
All Language Translator Free,BOOKS_AND_REFERENCE,4.4,30105.0,1000000.0
Azpen eReader,BOOKS_AND_REFERENCE,3.5,156.0,500000.0
URBANO V 02 instruction manual,BOOKS_AND_REFERENCE,4.193338315362443,114.0,100000.0
English Dictionary - Offline,BOOKS_AND_REFERENCE,4.4,341157.0,10000000.0
Visual Voicemail by MetroPCS,BUSINESS,4.1,16129.0,10000000.0
Indeed Job Search,BUSINESS,4.3,674730.0,50000000.0
Uber Driver,BUSINESS,4.4,1254730.0,10000000.0
ADP Mobile Solutions,BUSINESS,4.3,85185.0,5000000.0
Snag - Jobs Hiring Now,BUSINESS,4.3,32584.0,1000000.0
Docs To Go™ Free Office Suite,BUSINESS,4.1,217730.0,50000000.0
Google My Business,BUSINESS,4.4,70991.0,5000000.0
OfficeSuite : Free Office + PDF Editor,BUSINESS,4.3,1002861.0,100000000.0
USPS MOBILE®,BUSINESS,3.9,16589.0,1000000.0
Job Search by ZipRecruiter,BUSINESS,4.8,148945.0,1000000.0
Curriculum vitae App CV Builder Free Resume Maker,BUSINESS,4.5,4458.0,500000.0
Google Primer,BUSINESS,4.4,62272.0,10000000.0
Alba Heaven - Alvarez Job Portal Services,BUSINESS,4.0,8941.0,5000000.0
SuperLivePro,BUSINESS,4.3,46353.0,1000000.0
Facebook Pages Manager,BUSINESS,4.0,1279184.0,50000000.0
OfficeSuite Pro + PDF (Trial),BUSINESS,4.2,88073.0,10000000.0
My Space - Employment Center,BUSINESS,4.5,67000.0,1000000.0
Box,BUSINESS,4.2,159872.0,10000000.0
Polaris Office for LG,BUSINESS,4.2,30847.0,5000000.0
Call Blocker,BUSINESS,4.6,188841.0,5000000.0
Jobs in Alabama - Jobs in Alba,BUSINESS,4.1,11622.0,5000000.0
Square Point of Sale - POS,BUSINESS,4.6,95912.0,5000000.0
Plugin:AOT v5.0,BUSINESS,3.1,4034.0,100000.0
Kariyer.net,BUSINESS,3.9,45964.0,1000000.0
SEEK Job Search,BUSINESS,4.3,14955.0,1000000.0
Become a Job - Find a job or advertise,BUSINESS,4.1,6903.0,1000000.0
ZOOM Cloud Meetings,BUSINESS,4.4,31614.0,10000000.0
Easy Installer - Apps On SD,BUSINESS,4.1,23055.0,5000000.0
Facebook Ads Manager,BUSINESS,4.1,19023.0,1000000.0
"IndiaMART: Search Products, Buy, Sell & Trade",BUSINESS,4.5,207372.0,5000000.0
ViettelPost express delivery,BUSINESS,4.4,1225.0,100000.0
MyASUS - Service Center,BUSINESS,4.4,380837.0,10000000.0
Job Korea - Career Jobs,BUSINESS,4.3,10600.0,1000000.0
"104 Looking for a job - looking for a job, looking for a job, looking for a part-time job, health checkup, resume, treatment room",BUSINESS,4.4,74359.0,1000000.0
Myanmar 2D/3D,BUSINESS,4.6,822.0,100000.0
Quick PDF Scanner + OCR FREE,BUSINESS,4.2,80805.0,5000000.0
sABN,BUSINESS,4.4,2287.0,1000000.0
ATI Cargoes and Transportation,BUSINESS,4.7,4162.0,100000.0
Secure Folder,BUSINESS,3.8,14760.0,50000000.0
UPS Mobile,BUSINESS,3.9,23243.0,5000000.0
Y! Mobile menu,BUSINESS,4.193338315362443,9.0,100000.0
SignEasy | Sign and Fill PDF and other Documents,BUSINESS,4.3,8978.0,1000000.0
Genius Scan - PDF Scanner,BUSINESS,4.4,42492.0,1000000.0
Tiny Scanner - PDF Scanner App,BUSINESS,4.7,286897.0,10000000.0
Fast Scanner : Free PDF Scan,BUSINESS,4.5,103755.0,10000000.0
Mobile Doc Scanner (MDScan) Lite,BUSINESS,4.2,46505.0,1000000.0
TurboScan: scan documents and receipts in PDF,BUSINESS,4.7,11442.0,100000.0
Tiny Scanner Pro: PDF Doc Scan,BUSINESS,4.8,10295.0,100000.0
Zenefits,BUSINESS,4.2,296.0,50000.0
Google Ads,BUSINESS,4.3,29313.0,5000000.0
Slack,BUSINESS,4.4,51507.0,5000000.0
FreshBooks Classic,BUSINESS,4.1,1802.0,100000.0
Insightly CRM,BUSINESS,3.8,1383.0,100000.0
QuickBooks Accounting: Invoicing & Expenses,BUSINESS,4.3,23175.0,1000000.0
HipChat - Chat Built for Teams,BUSINESS,3.8,5868.0,500000.0
Xero Accounting Software,BUSINESS,3.5,2111.0,100000.0
"MailChimp - Email, Marketing Automation",BUSINESS,4.1,5448.0,500000.0
Crew - Free Messaging and Scheduling,BUSINESS,4.6,4159.0,500000.0
Asana: organize team projects,BUSINESS,4.3,20815.0,1000000.0
Google Analytics,BUSINESS,4.5,78662.0,1000000.0
AdWords Express,BUSINESS,4.1,7149.0,1000000.0
Accounting App - Zoho Books,BUSINESS,4.5,3079.0,100000.0
Invoice & Time Tracking - Zoho,BUSINESS,4.6,5800.0,100000.0
join.me - Simple Meetings,BUSINESS,4.0,6989.0,1000000.0
Invoice 2go — Professional Invoices and Estimates,BUSINESS,4.2,16422.0,1000000.0
Cisco Webex Meetings,BUSINESS,4.4,108741.0,10000000.0
ScreenMeet. Easy Phone Meeting,BUSINESS,4.0,624.0,100000.0
Cisco Webex Teams,BUSINESS,4.2,1661.0,100000.0
Microsoft Remote Desktop,BUSINESS,4.2,97702.0,5000000.0
Start Meeting,BUSINESS,4.1,308.0,50000.0
ClickMeeting Webinars,BUSINESS,3.8,5211.0,1000000.0
BlueJeans for Android,BUSINESS,3.9,1058.0,500000.0
Skype for Business for Android,BUSINESS,3.9,78172.0,10000000.0
Quick PDF Scanner + OCR FREE,BUSINESS,4.2,80804.0,5000000.0
OfficeSuite : Free Office + PDF Editor,BUSINESS,4.3,1002859.0,100000000.0
Slack,BUSINESS,4.4,51510.0,5000000.0
Verify - Receipts & Expenses,BUSINESS,4.5,413.0,10000.0
LINE WEBTOON - Free Comics,COMICS,4.5,1013635.0,10000000.0
Manga Master - Best manga & comic reader,COMICS,4.6,24005.0,500000.0
GANMA! - All original stories free of charge for all original comics,COMICS,4.7,57106.0,1000000.0
Röhrich Werner Soundboard,COMICS,4.7,2249.0,500000.0
Unicorn Pokez - Color By Number,COMICS,4.8,516.0,50000.0
MangaToon - Comics updated Daily,COMICS,3.9,834.0,50000.0
Manga Net – Best Online Manga Reader,COMICS,4.1,1010.0,50000.0
Manga Rock - Best Manga Reader,COMICS,4.4,238970.0,1000000.0
Manga - read Thai translation,COMICS,4.6,302.0,10000.0
The Vietnam Story - Fun Stories,COMICS,4.5,438.0,10000.0
Dragon Ball Wallpaper - Ringtones,COMICS,4.7,73.0,10000.0
Funny Jokes Photos,COMICS,4.4,39.0,10000.0
Truyện Vui Tý Quậy,COMICS,4.5,144.0,10000.0
Comic Es - Shojo manga / love comics free of charge ♪ ♪,COMICS,3.9,2181.0,100000.0
comico Popular Original Cartoon Updated Everyday Comico,COMICS,3.2,93965.0,5000000.0
Daily Manga - Comic & Webtoon,COMICS,3.2,1446.0,100000.0
"漫咖 Comics - Manga,Novel and Stories",COMICS,4.1,12088.0,1000000.0
Emmanuella Funny Videos 2018,COMICS,4.5,314.0,100000.0
DC Comics,COMICS,4.2,25671.0,1000000.0
Manga Zero - Japanese cartoon and comic reader,COMICS,4.2,15194.0,1000000.0
Marvel Unlimited,COMICS,3.7,22551.0,1000000.0
"Tapas – Comics, Novels, and Stories",COMICS,4.5,29839.0,1000000.0
Children's cartoons (Mithu-Mina-Raju),COMICS,4.6,279.0,100000.0
Narrator's Voice,COMICS,4.5,564387.0,5000000.0
【Ranobbe complete free】 Novelba - Free app that you can read and write novels,COMICS,4.193338315362443,1330.0,50000.0
Faustop Sounds,COMICS,4.7,1677.0,100000.0
Manga Mania - Best online manga reader,COMICS,4.4,757.0,10000.0
- Free Comics - Comic Apps,COMICS,3.5,115.0,10000.0
Manga AZ - Manga Comic Reader,COMICS,3.3,125.0,5000.0
Buff Thun - Daily Free Webtoon / Comics / Web Fiction / Mini Game,COMICS,4.5,9952.0,500000.0
pixiv comic - everyone's manga app,COMICS,4.4,18814.0,1000000.0
Funny Jokes and Stories 2018,COMICS,4.2,21.0,5000.0
Hojiboy Tojiboyev Life Hacks,COMICS,5.0,15.0,1000.0
Perfect Viewer,COMICS,4.4,51981.0,5000000.0
"Best Wallpapers Backgrounds(100,000+ 4K HD)",COMICS,4.7,3596.0,10000.0
think Comics,COMICS,4.4,1006.0,50000.0
Memes Button,COMICS,4.4,5968.0,1000000.0
"Laftel - Watching and Announcing Snooping, Streaming",COMICS,4.6,4895.0,100000.0
Messenger – Text and Video Chat for Free,COMMUNICATION,4.0,56642847.0,1000000000.0
WhatsApp Messenger,COMMUNICATION,4.4,69119316.0,1000000000.0
Messenger for SMS,COMMUNICATION,4.3,125257.0,10000000.0
Google Chrome: Fast & Secure,COMMUNICATION,4.3,9642995.0,1000000000.0
Messenger Lite: Free Calls & Messages,COMMUNICATION,4.4,1429035.0,100000000.0
Gmail,COMMUNICATION,4.3,4604324.0,1000000000.0
Hangouts,COMMUNICATION,4.0,3419249.0,1000000000.0
Viber Messenger,COMMUNICATION,4.3,11334799.0,500000000.0
My Tele2,COMMUNICATION,4.3,158679.0,5000000.0
Firefox Browser fast & private,COMMUNICATION,4.4,3075028.0,100000000.0
Yahoo Mail – Stay Organized,COMMUNICATION,4.3,4187998.0,100000000.0
imo beta free calls and text,COMMUNICATION,4.3,659395.0,100000000.0
imo free video calls and chat,COMMUNICATION,4.3,4785892.0,500000000.0
Contacts,COMMUNICATION,4.3,66602.0,50000000.0
Call Free – Free Call,COMMUNICATION,4.3,30209.0,5000000.0
Web Browser & Explorer,COMMUNICATION,4.0,36901.0,5000000.0
Opera Mini - fast web browser,COMMUNICATION,4.5,5149854.0,100000000.0
Browser 4G,COMMUNICATION,4.3,192948.0,10000000.0
MegaFon Dashboard,COMMUNICATION,3.7,99559.0,10000000.0
ZenUI Dialer & Contacts,COMMUNICATION,4.5,437674.0,10000000.0
Cricket Visual Voicemail,COMMUNICATION,3.9,13698.0,10000000.0
Opera Browser: Fast and Secure,COMMUNICATION,4.4,2473509.0,100000000.0
TracFone My Account,COMMUNICATION,3.6,20769.0,1000000.0
Firefox Focus: The privacy browser,COMMUNICATION,4.4,36880.0,1000000.0
Google Voice,COMMUNICATION,4.2,171031.0,10000000.0
Chrome Dev,COMMUNICATION,4.4,63543.0,5000000.0
Xperia Link™,COMMUNICATION,4.1,45487.0,10000000.0
TouchPal Keyboard - Fun Emoji & Android Keyboard,COMMUNICATION,4.4,615381.0,10000000.0
Who,COMMUNICATION,4.3,2451083.0,100000000.0
Skype Lite - Free Video Call & Chat,COMMUNICATION,4.2,33053.0,5000000.0
WeChat,COMMUNICATION,4.2,5387333.0,100000000.0
UC Browser Mini -Tiny Fast Private & Secure,COMMUNICATION,4.4,3648120.0,100000000.0
WhatsApp Business,COMMUNICATION,4.4,136662.0,10000000.0
My magenta,COMMUNICATION,3.9,42370.0,1000000.0
Android Messages,COMMUNICATION,4.2,781810.0,100000000.0
Telegram,COMMUNICATION,4.4,3128250.0,100000000.0
Google Duo - High Quality Video Calls,COMMUNICATION,4.6,2083237.0,500000000.0
Puffin Web Browser,COMMUNICATION,4.3,541389.0,10000000.0
Seznam.cz,COMMUNICATION,4.3,46702.0,1000000.0
Antillean Gold Telegram (original version),COMMUNICATION,4.4,2939.0,100000.0
AT&T Visual Voicemail,COMMUNICATION,3.7,13761.0,10000000.0
GMX Mail,COMMUNICATION,4.3,258556.0,10000000.0
Omlet Chat,COMMUNICATION,3.9,40751.0,10000000.0
UC Browser - Fast Download Private & Secure,COMMUNICATION,4.5,17712922.0,500000000.0
My Vodacom SA,COMMUNICATION,3.7,25021.0,5000000.0
Microsoft Edge,COMMUNICATION,4.3,27187.0,5000000.0
Messenger – Text and Video Chat for Free,COMMUNICATION,4.0,56646578.0,1000000000.0
imo free video calls and chat,COMMUNICATION,4.3,4785988.0,500000000.0
Hangouts Dialer - Call Phones,COMMUNICATION,4.0,122498.0,10000000.0
Viber Messenger,COMMUNICATION,4.3,11334973.0,500000000.0
Hangouts,COMMUNICATION,4.0,3419433.0,1000000000.0
"Talkatone: Free Texts, Calls & Phone Number",COMMUNICATION,4.1,132014.0,10000000.0
Calls & Text by Mo+,COMMUNICATION,4.2,83239.0,5000000.0
free video calls and chat,COMMUNICATION,4.2,594728.0,50000000.0
WeChat,COMMUNICATION,4.2,5387446.0,100000000.0
Skype - free IM & video calls,COMMUNICATION,4.1,10484169.0,1000000000.0
Telegram,COMMUNICATION,4.4,3128509.0,100000000.0
Who,COMMUNICATION,4.3,2451093.0,100000000.0
"GO SMS Pro - Messenger, Free Themes, Emoji",COMMUNICATION,4.4,2876500.0,100000000.0
"Messaging+ SMS, MMS Free",COMMUNICATION,4.1,28238.0,1000000.0
chomp SMS,COMMUNICATION,4.3,335646.0,10000000.0
Glide - Video Chat Messenger,COMMUNICATION,4.3,350154.0,10000000.0
Text SMS,COMMUNICATION,4.5,349384.0,10000000.0
Google Allo,COMMUNICATION,4.3,346982.0,10000000.0
Talkray - Free Calls & Texts,COMMUNICATION,4.2,244863.0,10000000.0
LINE: Free Calls & Messages,COMMUNICATION,4.2,10790289.0,500000000.0
GroupMe,COMMUNICATION,4.5,330761.0,10000000.0
mysms SMS Text Messaging Sync,COMMUNICATION,4.3,37320.0,1000000.0
BBM - Free Calls & Messages,COMMUNICATION,4.3,12842860.0,100000000.0
KakaoTalk: Free Calls & Text,COMMUNICATION,4.3,2546527.0,100000000.0
Firefox Focus: The privacy browser,COMMUNICATION,4.4,36893.0,1000000.0
2ndLine - Second Phone Number,COMMUNICATION,4.2,15880.0,1000000.0
Google Allo,COMMUNICATION,4.3,346980.0,10000000.0
Google Chrome: Fast & Secure,COMMUNICATION,4.3,9643041.0,1000000000.0
Firefox Browser fast & private,COMMUNICATION,4.4,3075118.0,100000000.0
"CM Browser - Ad Blocker , Fast Download , Privacy",COMMUNICATION,4.6,2264916.0,50000000.0
Opera Browser: Fast and Secure,COMMUNICATION,4.4,2473693.0,100000000.0
Ninesky Browser,COMMUNICATION,4.2,42925.0,1000000.0
Opera Mini - fast web browser,COMMUNICATION,4.5,5150471.0,100000000.0
"Dolphin Browser - Fast, Private & Adblock🐬",COMMUNICATION,4.5,2511130.0,50000000.0
UC Browser Mini -Tiny Fast Private & Secure,COMMUNICATION,4.4,3648480.0,100000000.0
UC Browser - Fast Download Private & Secure,COMMUNICATION,4.5,17714850.0,500000000.0
Ghostery Privacy Browser,COMMUNICATION,4.1,13100.0,1000000.0
InBrowser - Incognito Browsing,COMMUNICATION,4.2,27156.0,1000000.0
Web Browser for Android,COMMUNICATION,4.1,55098.0,1000000.0
DU Browser—Browse fast & fun,COMMUNICATION,4.3,1133501.0,10000000.0
Lightning Web Browser,COMMUNICATION,4.1,12578.0,500000.0
Web Browser,COMMUNICATION,4.2,10965.0,500000.0
Puffin Browser Pro,COMMUNICATION,4.0,18247.0,100000.0
Contacts+,COMMUNICATION,4.2,190613.0,10000000.0
ExDialer - Dialer & Contacts,COMMUNICATION,4.2,125232.0,10000000.0
PHONE for Google Voice & GTalk,COMMUNICATION,4.3,72065.0,1000000.0
Safest Call Blocker,COMMUNICATION,4.4,27540.0,1000000.0
Full Screen Caller ID,COMMUNICATION,4.2,104990.0,5000000.0
Hiya - Caller ID & Block,COMMUNICATION,4.4,177703.0,10000000.0
Call Blocker,COMMUNICATION,4.1,17529.0,1000000.0
Mr. Number-Block calls & spam,COMMUNICATION,4.2,177263.0,10000000.0
Should I Answer?,COMMUNICATION,4.8,237468.0,1000000.0
RocketDial Dialer & Contacts,COMMUNICATION,4.4,32254.0,1000000.0
"CallApp: Caller ID, Blocker & Phone Call Recorder",COMMUNICATION,4.4,483565.0,10000000.0
Whoscall - Caller ID & Block,COMMUNICATION,4.4,552441.0,10000000.0
CIA - Caller ID & Call Blocker,COMMUNICATION,4.0,60308.0,5000000.0
Calls Blacklist - Call Blocker,COMMUNICATION,4.5,457283.0,10000000.0
Call Control - Call Blocker,COMMUNICATION,4.4,93825.0,5000000.0
True Contact - Real Caller ID,COMMUNICATION,4.1,32283.0,1000000.0
Video Caller Id,COMMUNICATION,4.2,15287.0,1000000.0
Sync.ME – Caller ID & Block,COMMUNICATION,4.5,205739.0,5000000.0
Burner - Free Phone Number,COMMUNICATION,4.3,14873.0,1000000.0
"Truecaller: Caller ID, SMS spam blocking & Dialer",COMMUNICATION,4.5,7820209.0,100000000.0
Caller ID +,COMMUNICATION,4.0,9498.0,1000000.0
Gmail,COMMUNICATION,4.3,4604483.0,1000000000.0
Yahoo Mail – Stay Organized,COMMUNICATION,4.3,4188142.0,100000000.0
K-9 Mail,COMMUNICATION,4.2,88427.0,5000000.0
"myMail – Email for Hotmail, Gmail and Outlook Mail",COMMUNICATION,4.5,305218.0,10000000.0
Email TypeApp - Mail App,COMMUNICATION,4.6,183374.0,1000000.0
All Email Providers,COMMUNICATION,4.1,20901.0,1000000.0
"Newton Mail - Email App for Gmail, Outlook, IMAP",COMMUNICATION,4.0,122595.0,1000000.0
GO Notifier,COMMUNICATION,4.2,124346.0,10000000.0
Mail.Ru - Email App,COMMUNICATION,4.6,837842.0,50000000.0
Mail1Click - Secure Mail,COMMUNICATION,4.1,255.0,10000.0
Daum Mail - Next Mail,COMMUNICATION,4.3,41420.0,5000000.0
mail.com mail,COMMUNICATION,4.2,44706.0,1000000.0
SolMail - All-in-One email app,COMMUNICATION,4.3,23707.0,500000.0
Hangouts,COMMUNICATION,4.0,3419513.0,1000000000.0
Viber Messenger,COMMUNICATION,4.3,11335255.0,500000000.0
Vonage Mobile® Call Video Text,COMMUNICATION,4.1,29208.0,1000000.0
JusTalk - Free Video Calls and Fun Video Chat,COMMUNICATION,4.6,191032.0,5000000.0
"Moco+ - Chat, Meet People",DATING,4.2,1545.0,10000.0
Calculator,DATING,2.6,57.0,1000.0
Truth or Dare Pro,DATING,4.193338315362443,0.0,50.0
"Private Dating, Hide App- Blue for PrivacyHider",DATING,4.193338315362443,0.0,100.0
Ad Blocker for SayHi,DATING,4.193338315362443,4.0,100.0
AMBW Dating App: Asian Men Black Women Interracial,DATING,3.5,2.0,100.0
Zoosk Dating App: Meet Singles,DATING,4.0,516801.0,10000000.0
OkCupid Dating,DATING,4.1,285726.0,10000000.0
Match™ Dating - Meet Singles,DATING,3.7,76646.0,10000000.0
"Hily: Dating, Chat, Match, Meet & Hook up",DATING,4.1,2556.0,100000.0
Hinge: Dating & Relationships,DATING,4.2,7779.0,500000.0
Casual Dating & Adult Singles - Joyride,DATING,4.5,61637.0,5000000.0
BBW Dating & Plus Size Chat,DATING,4.4,12632.0,1000000.0
"Moco - Chat, Meet People",DATING,4.2,313724.0,10000000.0
CMB Free Dating App,DATING,4.0,48845.0,1000000.0
Hot or Not - Find someone right now,DATING,4.1,305708.0,10000000.0
eharmony - Online Dating App,DATING,3.1,31320.0,5000000.0
Free Dating App & Flirt Chat - Match with Singles,DATING,4.4,172460.0,5000000.0
"Chispa, the Dating App for Latino, Latina Singles",DATING,4.2,4195.0,100000.0
Clover Dating App,DATING,4.1,11633.0,500000.0
Black People Meet Singles Date,DATING,3.9,10212.0,1000000.0
Mingle2 - Free Online Dating & Singles Chat Rooms,DATING,4.3,37053.0,1000000.0
Free Dating App & Flirt Chat - Cheers,DATING,4.4,667.0,10000.0
stranger chat - anonymous chat,DATING,3.5,13202.0,1000000.0
"Blendr - Chat, Flirt & Meet",DATING,4.0,28671.0,1000000.0
Free Dating Hook Up Messenger,DATING,3.3,1157.0,100000.0
Find Real Love — YouLove Premium Dating,DATING,4.5,212626.0,10000000.0
Once - Quality Matches Every day,DATING,4.4,222888.0,1000000.0
BLK - Swipe. Match. Chat.,DATING,4.1,2067.0,100000.0
Cougar Dating Life : Date Older Women Sugar Mummy,DATING,3.9,1643.0,500000.0
Howlr,DATING,3.9,105.0,5000.0
Stranger Chat & Date,DATING,3.6,3414.0,500000.0
Free Dating & Flirt Chat - Choice of Love,DATING,4.0,42194.0,5000000.0
RandoChat - Chat roulette,DATING,3.6,11806.0,1000000.0
BeWild Free Dating & Chat App,DATING,3.4,1999.0,100000.0
"FastMeet: Chat, Dating, Love",DATING,4.2,22544.0,1000000.0
"Free Dating App - YoCutie - Flirt, Chat & Meet",DATING,4.1,97684.0,1000000.0
OurTime Dating for Singles 50+,DATING,3.4,2519.0,100000.0
FarmersOnly Dating,DATING,3.0,1146.0,100000.0
Dating for 50 plus Mature Singles – FINALLY,DATING,4.6,13046.0,500000.0
Sudy – Meet Elite & Rich Single,DATING,4.1,17268.0,500000.0
Christian Dating For Free App,DATING,3.9,8722.0,500000.0
Just She - Top Lesbian Dating,DATING,1.9,953.0,100000.0
Single Parent Meet #1 Dating,DATING,3.5,2593.0,500000.0
EliteSingles – Dating for Single Professionals,DATING,2.5,5377.0,500000.0
Millionaire Match: Rich Singles Dating App,DATING,3.9,852.0,100000.0
InterracialCupid - Interracial Dating App,DATING,3.4,212.0,50000.0
Sugar Mommas Dating And Single Search,DATING,3.5,1972.0,1000000.0
"Hide App, Private Dating, Safe Chat - PrivacyHider",DATING,4.4,35206.0,1000000.0
"muzmatch: Muslim & Arab Singles, Marriage & Dating",DATING,3.8,5164.0,100000.0
NoBuffDating - Free Dating App,DATING,4.2,1939.0,100000.0
Sugar Daddy Dating App,DATING,2.5,277.0,100000.0
Adult Dirty Emojis,DATING,2.8,80.0,10000.0
Free Dating App - Meet Local Singles - Flirt Chat,DATING,4.1,825.0,100000.0
"Meet4U - Chat, Love, Singles!",DATING,4.2,40035.0,1000000.0
SnpCupid Dating,DATING,3.5,1093.0,100000.0
"Chat Rooms, Avatars, Date - Galaxy",DATING,4.3,135418.0,10000000.0
Adult Dating - AdultFinder,DATING,3.3,1601.0,500000.0
Gay Sugar Daddy Dating & Hookup – Sudy Gay,DATING,4.1,2212.0,100000.0
"Meet24 - Love, Chat, Singles",DATING,4.2,57081.0,1000000.0
BBWCupid - BBW Dating App,DATING,3.5,241.0,50000.0
ChatVideo Meet new people,DATING,4.2,63986.0,5000000.0
"TryDate - Free Online Dating App, Chat Meet Adults",DATING,4.4,7888.0,500000.0
Black White Interracial Dating - Interracial Match,DATING,4.1,535.0,100000.0
"USA Singles Meet, Match and Date Free - Date",DATING,4.2,5084.0,100000.0
FlirtChat - ♥Free Dating/Flirting App♥,DATING,4.3,2430.0,500000.0
The League,DATING,3.0,837.0,100000.0
"Herpes Dating: 1,000K+ Singles",DATING,4.0,738.0,10000.0
Heart mill,DATING,3.3,4631.0,100000.0
95Live -SG#1 Live Streaming App,DATING,4.1,4953.0,1000000.0
Mutual - LDS Dating,DATING,3.7,1439.0,50000.0
Cougar Dating Life : Date Older Women Sugar Mummy,DATING,3.9,1645.0,500000.0
stranger chat - anonymous chat,DATING,3.5,13204.0,1000000.0
Millionaire Match: Rich Singles Dating App,DATING,3.9,853.0,100000.0
2RedBeans,DATING,4.0,337.0,10000.0
Dating for 50 plus Mature Singles – FINALLY,DATING,4.6,13049.0,500000.0
"SweetRing - Meet, Match, Date",DATING,4.0,51698.0,1000000.0
"BiggerCity: Chat for gay bears, chubs & chasers",DATING,4.1,923.0,100000.0
"Moco+ - Chat, Meet People",DATING,4.2,1546.0,10000.0
SilverSingles: The 50+ Dating App,DATING,3.3,149.0,10000.0
Herpes Positive Singles Dating,DATING,4.4,198.0,10000.0
"Chat Rooms, Avatars, Date - Galaxy",DATING,4.3,135420.0,10000000.0
"FastMeet: Chat, Dating, Love",DATING,4.2,22545.0,1000000.0
Christian Dating For Free App,DATING,3.9,8723.0,500000.0
Glam - Premium Dating App,DATING,4.3,23170.0,500000.0
"iDates - Chats, Flirts, Dating, Love & Relations",DATING,3.4,13890.0,500000.0
"Meet24 - Love, Chat, Singles",DATING,4.2,57083.0,1000000.0
Black White Interracial Dating - Interracial Match,DATING,4.1,537.0,100000.0
JustDating,DATING,4.0,13440.0,500000.0
Interracial Match Dating App,DATING,3.6,143.0,10000.0
Russian Dating & Chat for Russian speaking RusDate,DATING,4.2,1059.0,100000.0
Sky People (SPI): A secure blind date through authentication by Seoul National University,DATING,3.5,894.0,100000.0
Sweet mi - unlimited hunnam hunting blind date,DATING,4.0,6191.0,500000.0
Mingle - Online Dating App to Chat & Meet People,DATING,4.1,15081.0,1000000.0
BBW Dating & Curvy Singles Chat- LargeFriends,DATING,4.4,218.0,10000.0
"Hide App, Private Dating, Safe Chat - PrivacyHider",DATING,4.4,35205.0,1000000.0
Hitwe - meet people and chat,DATING,4.2,243950.0,10000000.0
A hundred,DATING,4.1,236.0,10000.0
JustSayHi- Dating App. Chat & Meet Singles Nearby,DATING,4.2,5152.0,100000.0
FERZU - Furries Social Network,DATING,3.9,1576.0,10000.0
WannaMeet – Dating & Chat App,DATING,4.1,6701.0,1000000.0
"Meet4U - Chat, Love, Singles!",DATING,4.2,40039.0,1000000.0
Luxy Pro- Elite Dating Single,DATING,3.9,742.0,50000.0
Dating Network,DATING,4.0,187.0,10000.0
"Chatting - Free chat, random chat, boyfriend, girlfriend",DATING,4.2,2506.0,500000.0
"iPair-Meet, Chat, Dating",DATING,4.5,182986.0,5000000.0
"Meet, chat & date. Free dating app - Chocolate app",DATING,3.9,8661.0,1000000.0
Transenger – Ts Dating and Chat for Free,DATING,3.6,8.0,1000.0
O-Star,DATING,4.4,59.0,5000.0
Free Cam Girls - Live Webcam,DATING,3.5,35.0,1000.0
Cardi B Live Stream Video Chat - Prank,DATING,4.4,28.0,500.0
Live Girls Talk - Free Video Chat,DATING,4.8,125.0,5000.0
Live Talk - Free Text and Video Chat,DATING,4.6,185.0,10000.0
Chat Kids - Chat Room For Kids,DATING,4.7,6.0,100.0
Girls Live Chat - Free Text & Video Chat,DATING,4.8,110.0,10000.0
Random Video Chat,DATING,4.193338315362443,3.0,1000.0
MouseMingle,DATING,2.7,3.0,100.0
American Girls Mobile Numbers,DATING,5.0,5.0,1000.0
Random Video Chat App With Strangers,DATING,4.193338315362443,3.0,1000.0
FREE VIDEO CHAT - LIVE VIDEO AND TEXT CHAT,DATING,4.8,84.0,1000.0
Awake Dating,DATING,5.0,2.0,100.0
Live Chat - Free Video Chat Rooms,DATING,4.8,20.0,500.0
Meet With Strangers: Video Chat & Dating,DATING,4.193338315362443,2.0,500.0
FREE LIVE TALK,DATING,4.9,776.0,5000.0
Random Chat App with Strangers,DATING,3.0,2.0,100.0
Ost. Zombies Cast - New Music and Lyrics,DATING,4.193338315362443,1.0,100.0
Dating White Girls,DATING,4.193338315362443,0.0,50.0
Live Chat - Free Video Talk,DATING,4.7,14.0,5000.0
Geeks Dating,DATING,4.193338315362443,0.0,50.0
Live chat - free video chat,DATING,4.193338315362443,1.0,500.0
House party - live chat,DATING,1.0,1.0,10.0
Fishing Brain & Boating Maps Marine,DATING,4.193338315362443,3.0,500.0
CAM5678 Video Chat,DATING,4.193338315362443,0.0,500.0
Video chat live advices,DATING,4.193338315362443,0.0,100.0
chat live chat,DATING,4.193338315362443,24.0,1000.0
Pet Lovers Dating,DATING,4.193338315362443,0.0,10.0
Friend Find: free chat + flirt dating app,DATING,4.193338315362443,23.0,100.0
Latin Dating,DATING,4.193338315362443,0.0,10.0
Spine- The dating app,DATING,5.0,5.0,500.0
Online Chat Girls Meet,DATING,4.7,18.0,500.0
Wifi Mingle,DATING,4.193338315362443,0.0,10.0
Girls Live Talk - Free Text and Video Chat,DATING,5.0,6.0,100.0
Soy Luna - Top Music And Lyrics,DATING,4.193338315362443,1.0,100.0
When Will You Get Married,DATING,4.193338315362443,2.0,10.0
HOW TO ASK A GIRL OUT,DATING,4.193338315362443,0.0,10.0
Online Girls Chat Group,DATING,5.0,5.0,100.0
The DJ - Match with People,DATING,4.193338315362443,0.0,50.0
Toronto Dating,DATING,4.193338315362443,0.0,100.0
i miss you quotes and photos,DATING,4.193338315362443,0.0,100.0
JoJo Siwa Top Hits Music,DATING,4.193338315362443,0.0,10.0
UK Girls Mobile Numbers,DATING,3.0,1.0,500.0
chat saudi arabia,DATING,4.1,11.0,1000.0
Chat Click - Dating Search,DATING,4.193338315362443,4.0,500.0
Iraq love chat,DATING,4.193338315362443,14.0,50.0
Healthy Relationships Guide,DATING,4.193338315362443,0.0,1.0
following,DATING,4.193338315362443,1.0,10.0
Gods by Night,DATING,4.193338315362443,104.0,1000.0
PlusOne,DATING,4.193338315362443,0.0,1.0
Love Calendar - Couple Sharing Calendar & CoupleDay,DATING,4.193338315362443,14.0,50.0
Speeding Joyride & Car Meet App,DATING,5.0,3.0,100.0
LOBSTR - go on a lunch date,DATING,3.7,101.0,10000.0
Titanic App - Feminist Dating Application,DATING,4.5,120.0,500.0
French Chat Room,DATING,4.2,24.0,1000.0
Soul Mate,DATING,4.193338315362443,0.0,10.0
Diamond Engagement Rings,DATING,4.193338315362443,0.0,5.0
Dating Tips For Men,DATING,4.193338315362443,0.0,10.0
Halalguur,DATING,4.3,6.0,100.0
95Live -SG#1 Live Streaming App,DATING,4.1,4954.0,1000000.0
Just She - Top Lesbian Dating,DATING,1.9,954.0,100000.0
"Hily: Dating, Chat, Match, Meet & Hook up",DATING,4.1,2560.0,100000.0
Find Lover,DATING,4.193338315362443,21.0,1000.0
Free Dating & Flirt Chat - Choice of Love,DATING,4.0,42197.0,5000000.0
"muzmatch: Muslim & Arab Singles, Marriage & Dating",DATING,3.8,5168.0,100000.0
BBW Dating & Plus Size Chat,DATING,4.4,12633.0,1000000.0
"2Date Dating App, Love and matching",DATING,4.4,41605.0,500000.0
FlirtChat - ♥Free Dating/Flirting App♥,DATING,4.3,2433.0,500000.0
Teenage Chat & Dating,DATING,3.4,5.0,500.0
Girls Online Talk - Free Text and Video Chat,DATING,4.7,791.0,10000.0
Online Girls Chat,DATING,4.8,5323.0,50000.0
LIVE VIDEO TALK,DATING,4.7,478.0,10000.0
SkyLove – Dating and chat,DATING,3.5,69.0,5000.0
Free Live Talk-Video Call,DATING,4.7,158.0,10000.0
FindLoving,DATING,3.8,24.0,1000.0
Sugar Daddies Dating App,DATING,2.9,53.0,10000.0
"Free Dating App - YoCutie - Flirt, Chat & Meet",DATING,4.1,97699.0,1000000.0
"Chat Mexico: meet people, flirt and friendship",DATING,4.193338315362443,8.0,5000.0
Duolingo: Learn Languages Free,EDUCATION,4.7,6289924.0,100000000.0
TED,EDUCATION,4.6,181893.0,10000000.0
English Communication - Learn English for Chinese (Learn English for Chinese),EDUCATION,4.7,2544.0,100000.0
Khan Academy,EDUCATION,4.6,85375.0,5000000.0
Learn English with Wlingua,EDUCATION,4.7,314299.0,10000000.0
Ai La Trieu Phu - ALTP Free,EDUCATION,4.193338315362443,776.0,100000.0
Princess Coloring Book,EDUCATION,4.5,9770.0,5000000.0
Learn Spanish - Español,EDUCATION,4.7,32346.0,1000000.0
English Grammar Test,EDUCATION,4.8,4075.0,500000.0
Speed Reading,EDUCATION,4.6,10611.0,500000.0
English for beginners,EDUCATION,4.6,9321.0,1000000.0
Flame - درب عقلك يوميا,EDUCATION,4.6,56065.0,1000000.0
Mermaids,EDUCATION,4.2,14286.0,5000000.0
"Learn Japanese, Korean, Chinese Offline & Free",EDUCATION,4.9,133136.0,1000000.0
Kids Mode,EDUCATION,3.8,2469.0,500000.0
PBS KIDS Video,EDUCATION,4.2,36212.0,5000000.0
Dinosaurs Coloring Pages,EDUCATION,4.4,390.0,500000.0
Cars Coloring Pages,EDUCATION,4.4,1090.0,1000000.0
Babbel – Learn Languages,EDUCATION,4.3,266948.0,10000000.0
Math Tricks,EDUCATION,4.5,342918.0,10000000.0
Monster Truck Driver & Racing,EDUCATION,4.4,748.0,1000000.0
Learn English Words Free,EDUCATION,4.6,172640.0,5000000.0
Japanese / English one-shop search dictionary - Free Japanese - English - Japanese dictionary application,EDUCATION,3.9,61.0,50000.0
English speaking texts,EDUCATION,4.4,1619.0,1000000.0
Thai Handwriting,EDUCATION,4.3,3168.0,1000000.0
THAI DICT 2018,EDUCATION,4.4,29855.0,1000000.0
Kanji test · Han search Kanji training (free version),EDUCATION,4.2,6736.0,1000000.0
Game for KIDS: KIDS match'em,EDUCATION,4.4,7005.0,1000000.0
Flippy Campus - Buy & sell on campus at a discount,EDUCATION,4.0,889.0,500000.0
Free intellectual training game application |,EDUCATION,4.2,5741.0,1000000.0
ABC Preschool Free,EDUCATION,3.8,27572.0,5000000.0
PINKFONG Baby Shark,EDUCATION,4.5,10852.0,1000000.0
English words application mikan,EDUCATION,4.7,9888.0,500000.0
Learn English for beginners,EDUCATION,4.5,1929.0,500000.0
Listen and learn English in seven days,EDUCATION,4.3,1516.0,100000.0
Lumosity: #1 Brain Games & Cognitive Training App,EDUCATION,4.2,215301.0,10000000.0
Learn English from Persian: Persian to English,EDUCATION,4.3,423.0,100000.0
English with Lingualeo,EDUCATION,4.7,254519.0,5000000.0
"Learn languages, grammar & vocabulary with Memrise",EDUCATION,4.7,1107903.0,10000000.0
Quizlet: Learn Languages & Vocab with Flashcards,EDUCATION,4.6,211856.0,10000000.0
Udemy - Online Courses,EDUCATION,4.5,99020.0,1000000.0
Coursera: Online courses,EDUCATION,4.4,90481.0,5000000.0
"edX - Online Courses by Harvard, MIT & more",EDUCATION,4.6,32381.0,1000000.0
Elevate - Brain Training Games,EDUCATION,4.5,248912.0,5000000.0
NeuroNation - Focus and Brain Training,EDUCATION,4.5,248555.0,5000000.0
Peak – Brain Games & Training,EDUCATION,4.4,272145.0,10000000.0
Memorado - Brain Games,EDUCATION,4.4,56897.0,1000000.0
Lynda - Online Training Videos,EDUCATION,4.2,8599.0,1000000.0
Brilliant,EDUCATION,4.5,41185.0,1000000.0
CppDroid - C/C++ IDE,EDUCATION,4.1,29980.0,1000000.0
Quiz&Learn Python,EDUCATION,4.0,304.0,10000.0
C++ Tutorials,EDUCATION,4.1,358.0,50000.0
C++ Programming,EDUCATION,4.3,11904.0,1000000.0
C Programming,EDUCATION,4.3,22251.0,1000000.0
Udacity - Lifelong Learning,EDUCATION,4.3,22384.0,1000000.0
Learn C++,EDUCATION,4.6,73404.0,1000000.0
Learn programming,EDUCATION,4.1,12733.0,1000000.0
Learn JavaScript,EDUCATION,4.6,25183.0,1000000.0
Learn Java,EDUCATION,4.7,52743.0,1000000.0
Learn HTML,EDUCATION,4.7,61749.0,1000000.0
"Programming Hub, Learn to code",EDUCATION,4.3,55704.0,1000000.0
Learn SQL,EDUCATION,4.7,19277.0,1000000.0
Ready4 SAT (Prep4 SAT),EDUCATION,4.6,13612.0,100000.0
Socratic - Math Answers & Homework Help,EDUCATION,4.6,37862.0,1000000.0
Ready4 GMAT (Prep4 GMAT),EDUCATION,4.6,18372.0,100000.0
Pocket GMAT Math,EDUCATION,4.3,656.0,10000.0
GMAT Question Bank,EDUCATION,4.2,240.0,10000.0
GRE Tutor,EDUCATION,4.0,275.0,50000.0
GRE Flashcards,EDUCATION,4.5,13791.0,500000.0
"play2prep: ACT, SAT prep",EDUCATION,4.2,3692.0,100000.0
SAT Test,EDUCATION,4.1,2363.0,100000.0
GMAT Math Flashcards,EDUCATION,4.4,1769.0,100000.0
Pocket SAT Math,EDUCATION,4.0,430.0,10000.0
TOEFL Prep & Practice from Magoosh,EDUCATION,4.5,756.0,100000.0
GRE Prep & Practice by Magoosh,EDUCATION,4.4,3963.0,100000.0
GRE® Flashcards by Kaplan,EDUCATION,4.0,316.0,50000.0
SAT Vocabulary,EDUCATION,4.2,642.0,50000.0
Magoosh GMAT Prep & Practice,EDUCATION,4.3,1058.0,100000.0
SAT Flashcards: Prep & Vocabulary,EDUCATION,4.2,2277.0,100000.0
Duolingo: Learn Languages Free,EDUCATION,4.7,6290507.0,100000000.0
"edX - Online Courses by Harvard, MIT & more",EDUCATION,4.6,32380.0,1000000.0
Rosetta Stone: Learn to Speak & Read New Languages,EDUCATION,4.5,172505.0,5000000.0
Google Classroom,EDUCATION,4.2,69493.0,10000000.0
"Learn languages, grammar & vocabulary with Memrise",EDUCATION,4.7,1107884.0,10000000.0
LinkedIn Learning: Online Courses to Learn Skills,EDUCATION,4.6,7973.0,1000000.0
Babbel – Learn Languages,EDUCATION,4.3,266935.0,10000000.0
Learn English with Phrases,EDUCATION,4.2,5695.0,1000000.0
Free english course,EDUCATION,4.7,142632.0,5000000.0
Learn 50 languages,EDUCATION,4.4,55256.0,5000000.0
Rosetta Stone: Learn to Speak & Read New Languages,EDUCATION,4.5,172508.0,5000000.0
Babbel – Learn Spanish,EDUCATION,4.4,54798.0,1000000.0
Mango Languages: Lovable Language Courses,EDUCATION,4.0,4815.0,500000.0
Learn English with Aco,EDUCATION,4.6,75112.0,1000000.0
Learn to Speak English,EDUCATION,4.4,33646.0,1000000.0
Learn English with Wlingua,EDUCATION,4.7,314300.0,10000000.0
"busuu: Learn Languages - Spanish, English & More",EDUCATION,4.3,206527.0,10000000.0
My Class Schedule: Timetable,EDUCATION,4.1,9348.0,1000000.0
Study Checker,EDUCATION,4.2,3816.0,500000.0
My Study Life - School Planner,EDUCATION,4.3,47847.0,1000000.0
HomeWork,EDUCATION,4.3,16195.0,1000000.0
Next Gen Science Standards,EDUCATION,4.3,206.0,50000.0
myHomework Student Planner,EDUCATION,4.0,28392.0,1000000.0
Teacher's Gradebook - Additio,EDUCATION,4.2,3241.0,100000.0
Common Core,EDUCATION,4.0,835.0,100000.0
Homework Planner,EDUCATION,4.0,2525.0,100000.0
TeachersPayTeachers,EDUCATION,3.8,828.0,100000.0
Edmodo,EDUCATION,4.1,200058.0,10000000.0
Socrative Teacher,EDUCATION,3.9,1239.0,100000.0
Training schedule - AllUniver,EDUCATION,4.1,702.0,10000.0
Remind: School Communication,EDUCATION,4.5,108613.0,10000000.0
Google Classroom,EDUCATION,4.2,69498.0,10000000.0
ClassDojo,EDUCATION,4.4,148550.0,10000000.0
Lerni. Learn languages.,EDUCATION,4.0,3847.0,500000.0
"HelloTalk — Chat, Speak & Learn Foreign Languages",EDUCATION,4.4,84309.0,5000000.0
"Learn languages, grammar & vocabulary with Memrise",EDUCATION,4.7,1107948.0,10000000.0
Innovative: Learn 34 Languages,EDUCATION,4.5,14206.0,500000.0
"busuu: Learn Languages - Spanish, English & More",EDUCATION,4.3,206532.0,10000000.0
Chegg Study - Homework Help,EDUCATION,4.3,14700.0,1000000.0
Canvas Student,EDUCATION,4.5,42828.0,1000000.0
Timetable,EDUCATION,4.2,40209.0,1000000.0
EasyBib: Citation Generator,EDUCATION,3.5,1405.0,100000.0
ClassDojo,EDUCATION,4.4,148549.0,10000000.0
"HelloTalk — Chat, Speak & Learn Foreign Languages",EDUCATION,4.4,84311.0,5000000.0
SoloLearn: Learn to Code for Free,EDUCATION,4.8,256079.0,1000000.0
Kids Learn Languages by Mondly,EDUCATION,4.4,2078.0,100000.0
Blinkist - Nonfiction Books,EDUCATION,4.1,16103.0,1000000.0
Sago Mini Hat Maker,EDUCATION,4.9,11.0,1000.0
Fuzzy Numbers: Pre-K Number Foundation,EDUCATION,4.7,21.0,1000.0
Toca Life: City,EDUCATION,4.7,31085.0,500000.0
Toca Life: Hospital,EDUCATION,4.7,3528.0,100000.0
Netflix,ENTERTAINMENT,4.4,5456208.0,100000000.0
Complete Spanish Movies,ENTERTAINMENT,4.0,11656.0,1000000.0
Pluto TV - It’s Free TV,ENTERTAINMENT,4.2,28948.0,1000000.0
Tubi TV - Free Movies & TV,ENTERTAINMENT,4.3,296771.0,10000000.0
YouTube Kids,ENTERTAINMENT,4.5,470089.0,50000000.0
Mobile TV,ENTERTAINMENT,3.5,10939.0,10000000.0
TV+,ENTERTAINMENT,4.2,98509.0,5000000.0
Digital TV,ENTERTAINMENT,3.1,5241.0,5000000.0
Motorola Spotlight Player™,ENTERTAINMENT,4.6,22508.0,10000000.0
Vigo Lite,ENTERTAINMENT,4.2,10291.0,5000000.0
Google Play Games,ENTERTAINMENT,4.3,7165362.0,1000000000.0
Hotstar,ENTERTAINMENT,4.3,4885646.0,100000000.0
"Peers.TV: broadcast TV channels First, Match TV, TNT ...",ENTERTAINMENT,4.1,141980.0,5000000.0
The green alien dance,ENTERTAINMENT,3.8,6979.0,1000000.0
Spectrum TV,ENTERTAINMENT,3.4,46618.0,5000000.0
H TV,ENTERTAINMENT,4.3,103078.0,5000000.0
StarTimes - Live International Champions Cup,ENTERTAINMENT,4.4,17682.0,1000000.0
Cinematic Cinematic,ENTERTAINMENT,4.4,37000.0,1000000.0
MEGOGO - Cinema and TV,ENTERTAINMENT,4.0,175528.0,10000000.0
Talking Angela,ENTERTAINMENT,3.7,1828284.0,100000000.0
DStv Now,ENTERTAINMENT,3.9,34923.0,5000000.0
ivi - movies and TV shows in HD,ENTERTAINMENT,4.5,684116.0,10000000.0
Radio Javan,ENTERTAINMENT,4.4,46916.0,1000000.0
Viki: Asian TV Dramas & Movies,ENTERTAINMENT,4.3,407698.0,10000000.0
Talking Ginger 2,ENTERTAINMENT,4.2,702975.0,50000000.0
Girly Lock Screen Wallpaper with Quotes,ENTERTAINMENT,4.2,32458.0,5000000.0
No.Draw - Colors by Number 2018,ENTERTAINMENT,4.5,235496.0,10000000.0
🔥 Football Wallpapers 4K | Full HD Backgrounds 😍,ENTERTAINMENT,4.7,11661.0,1000000.0
"Movies by Flixster, with Rotten Tomatoes",ENTERTAINMENT,4.5,653008.0,10000000.0
Low Poly – Puzzle art game,ENTERTAINMENT,4.5,23063.0,1000000.0
BBC Media Player,ENTERTAINMENT,3.4,87384.0,10000000.0
Amazon Prime Video,ENTERTAINMENT,4.2,411683.0,50000000.0
Adult Glitter Color by Number Book - Sandbox Pages,ENTERTAINMENT,4.3,8918.0,1000000.0
IMDb Movies & TV,ENTERTAINMENT,4.2,501498.0,100000000.0
Twitch: Livestream Multiplayer Games & Esports,ENTERTAINMENT,4.6,2133296.0,50000000.0
Ziggo GO,ENTERTAINMENT,4.1,29690.0,1000000.0
YouTube Gaming,ENTERTAINMENT,4.2,130549.0,5000000.0
PlayStation App,ENTERTAINMENT,4.2,613059.0,50000000.0
Talking Ben the Dog,ENTERTAINMENT,4.3,1633682.0,100000000.0
"Red Bull TV: Live Sports, Music & Entertainment",ENTERTAINMENT,4.4,42050.0,1000000.0
Trailer Addict Movie Trailers,ENTERTAINMENT,3.9,2646.0,100000.0
Cinemark Theatres,ENTERTAINMENT,4.1,21867.0,1000000.0
Regal Cinemas,ENTERTAINMENT,4.3,32732.0,1000000.0
Fandango Movies - Times + Tickets,ENTERTAINMENT,4.6,243747.0,10000000.0
Marcus Theatres,ENTERTAINMENT,3.6,2639.0,100000.0
Harkins Theatres,ENTERTAINMENT,4.3,1511.0,100000.0
AMC Theatres,ENTERTAINMENT,4.3,44550.0,1000000.0
IMDb Movies & TV,ENTERTAINMENT,4.2,501497.0,100000000.0
Food Network,ENTERTAINMENT,4.1,7813.0,500000.0
Cooking Channel,ENTERTAINMENT,4.1,1033.0,100000.0
Animal Planet GO,ENTERTAINMENT,4.2,2442.0,100000.0
"VRV: Anime, game videos & more",ENTERTAINMENT,3.9,15254.0,1000000.0
DramaFever: Stream Asian Drama Shows & Movies,ENTERTAINMENT,4.2,155234.0,1000000.0
Crunchyroll - Everything Anime,ENTERTAINMENT,3.7,310066.0,10000000.0
Investigation Discovery GO,ENTERTAINMENT,4.5,12216.0,1000000.0
Crackle - Free TV & Movies,ENTERTAINMENT,3.7,388089.0,10000000.0
CBS - Full Episodes & Live TV,ENTERTAINMENT,3.8,92058.0,10000000.0
STARZ,ENTERTAINMENT,4.3,88185.0,10000000.0
Acorn TV: World-class TV from Britain and Beyond,ENTERTAINMENT,3.0,493.0,50000.0
HISTORY: Watch TV Show Full Episodes & Specials,ENTERTAINMENT,4.1,33387.0,1000000.0
Nick,ENTERTAINMENT,4.2,123279.0,10000000.0
VH1,ENTERTAINMENT,4.1,27424.0,1000000.0
FOX NOW - On Demand & Live TV,ENTERTAINMENT,3.9,60841.0,5000000.0
A&E - Watch Full Episodes of TV Shows,ENTERTAINMENT,4.0,29706.0,1000000.0
The CW,ENTERTAINMENT,4.4,288150.0,5000000.0
BET NOW - Watch Shows,ENTERTAINMENT,4.2,14807.0,1000000.0
"Hulu: Stream TV, Movies & more",ENTERTAINMENT,4.0,319692.0,10000000.0
HBO NOW: Stream TV & Movies,ENTERTAINMENT,3.9,61201.0,10000000.0
Univision NOW - Live TV and On Demand,ENTERTAINMENT,4.0,22998.0,1000000.0
SHOWTIME,ENTERTAINMENT,4.2,12398.0,1000000.0
Lifetime - Watch Full Episodes & Original Movies,ENTERTAINMENT,4.0,35928.0,1000000.0
SeriesGuide – Show & Movie Manager,ENTERTAINMENT,4.3,64448.0,1000000.0
Comedy Central,ENTERTAINMENT,3.9,22378.0,1000000.0
Netflix,ENTERTAINMENT,4.4,5456599.0,100000000.0
Tubi TV - Free Movies & TV,ENTERTAINMENT,4.3,296829.0,10000000.0
Crunchyroll - Everything Anime,ENTERTAINMENT,3.7,310095.0,10000000.0
"Hulu: Stream TV, Movies & more",ENTERTAINMENT,4.0,319691.0,10000000.0
CW Seed,ENTERTAINMENT,4.5,16372.0,500000.0
The NBC App - Watch Live TV and Full Episodes,ENTERTAINMENT,4.1,58028.0,5000000.0
WWE,ENTERTAINMENT,4.5,736864.0,10000000.0
Universal Kids,ENTERTAINMENT,3.6,1968.0,500000.0
MTV,ENTERTAINMENT,3.8,35279.0,1000000.0
Lifetime - Watch Full Episodes & Original Movies,ENTERTAINMENT,4.0,35931.0,1000000.0
LEGO® TV,ENTERTAINMENT,3.7,17247.0,1000000.0
HBO GO: Stream with TV Package,ENTERTAINMENT,3.8,87723.0,10000000.0
Showtime Anytime,ENTERTAINMENT,3.7,18523.0,1000000.0
PlayKids - Educational cartoons and games for kids,ENTERTAINMENT,4.1,182103.0,10000000.0
FOX,ENTERTAINMENT,3.7,197774.0,10000000.0
Telemundo Now,ENTERTAINMENT,3.9,8674.0,1000000.0
Netflix,ENTERTAINMENT,4.4,5456708.0,100000000.0
Vudu Movies & TV,ENTERTAINMENT,3.9,58082.0,10000000.0
Yidio: TV Show & Movie Guide,ENTERTAINMENT,3.9,27424.0,1000000.0
Viki: Asian TV Dramas & Movies,ENTERTAINMENT,4.3,407719.0,10000000.0
Redbox,ENTERTAINMENT,4.1,115033.0,10000000.0
Univision NOW - Live TV and On Demand,ENTERTAINMENT,4.0,22997.0,1000000.0
Tribeca Shortlist - Handpicked Movies,ENTERTAINMENT,3.9,801.0,100000.0
Nick Jr. - Shows & Games,ENTERTAINMENT,4.2,8968.0,1000000.0
Sticker Market: Emoji keyboard,ENTERTAINMENT,4.3,303.0,10000.0
Kidjo TV Kids Have Fun & Learn,ENTERTAINMENT,4.6,732.0,100000.0
Laugh Out Loud by Kevin Hart,ENTERTAINMENT,4.3,1856.0,100000.0
ColorFul - Adult Coloring Book,ENTERTAINMENT,4.6,50725.0,5000000.0
Hamilton — The Official App,ENTERTAINMENT,4.5,1575.0,100000.0
My Talking Pet,ENTERTAINMENT,4.6,6238.0,100000.0
Funny Pics,ENTERTAINMENT,3.9,9941.0,1000000.0
Funny Quotes Free,ENTERTAINMENT,4.2,23666.0,1000000.0
LOL Pics (Funny Pictures),ENTERTAINMENT,4.4,67554.0,1000000.0
Meme Creator,ENTERTAINMENT,4.2,38769.0,1000000.0
"Imgur: Find funny GIFs, memes & watch viral videos",ENTERTAINMENT,4.3,160164.0,10000000.0
Meme Generator,ENTERTAINMENT,4.6,3771.0,100000.0
SketchBook - draw and paint,ENTERTAINMENT,4.3,256664.0,10000000.0
Colorfy: Coloring Book for Adults - Free,ENTERTAINMENT,4.5,787177.0,10000000.0
All Events in City,EVENTS,4.0,3782.0,100000.0
Ticketmaster Event Tickets,EVENTS,4.0,40113.0,5000000.0
Reminder,EVENTS,4.5,7074.0,500000.0
Birdays - Birthday reminder,EVENTS,4.5,2153.0,50000.0
"StubHub - Tickets to Sports, Concerts & Events",EVENTS,4.0,26089.0,5000000.0
Fever,EVENTS,4.0,20611.0,1000000.0
DroidAdmin for Android - Advice,EVENTS,4.2,811.0,10000.0
"SeatGeek – Tickets to Sports, Concerts, Broadway",EVENTS,4.4,15558.0,1000000.0
my4D,EVENTS,4.6,573.0,100000.0
VAN NIAN 2018 - Vietnamese Calendar,EVENTS,4.193338315362443,37.0,10000.0
Vivid Seats – Event Tickets,EVENTS,4.6,8232.0,1000000.0
Name days,EVENTS,4.1,3089.0,100000.0
LBB - Find New & Unique Things To Do Around You,EVENTS,4.6,3874.0,100000.0
Happy Birthday Songs Offline,EVENTS,4.4,464.0,100000.0
Series Valley of the Wolves full of part,EVENTS,4.6,731.0,50000.0
Mummatikabalkuragi,EVENTS,4.9,69.0,1000.0
"Gametime - Tickets to Sports, Concerts, Theater",EVENTS,4.5,8800.0,1000000.0
"PTI Flex Maker, Photo Frame Editor & Songs 2018",EVENTS,4.6,99.0,10000.0
Wipe out,EVENTS,4.7,30.0,500.0
Birthdays & Other Events,EVENTS,4.3,456.0,50000.0
Sarajevo Film Festival - Official,EVENTS,4.193338315362443,6.0,100.0
Summer Madness,EVENTS,4.193338315362443,4.0,100.0
Events High - Meet Your City!,EVENTS,4.2,3200.0,100000.0
vide-greniers.org,EVENTS,4.3,5839.0,100000.0
SUMMER SONIC app,EVENTS,5.0,4.0,500.0
Quake & Volcanoes: 3D Globe of Volcanic Eruptions,EVENTS,4.4,663.0,100000.0
Prosperity,EVENTS,5.0,16.0,100.0
Picktrainer: India's largest photo contest app,EVENTS,4.5,1065.0,100000.0
AAS-IN-ASIA 2018,EVENTS,4.193338315362443,3.0,100.0
Moot Peru 2018,EVENTS,4.193338315362443,13.0,1000.0
FM News,EVENTS,4.193338315362443,46.0,5000.0
Goldstar: Live Event Tickets,EVENTS,4.5,1953.0,100000.0
Emmabodafestivalen,EVENTS,4.8,12.0,1000.0
KudaGo - things to do in NY,EVENTS,4.4,4298.0,100000.0
Mindvalley U Tallinn 2018,EVENTS,5.0,1.0,100.0
Rockmaraton Info,EVENTS,4.193338315362443,49.0,1000.0
Freitas Auctioneer Official,EVENTS,3.7,100.0,50000.0
mobLee Events,EVENTS,4.193338315362443,11.0,5000.0
"Xceed - Clubs, DJs, Festivals & Tickets",EVENTS,4.1,399.0,100000.0
AMM Events & CPD,EVENTS,4.193338315362443,5.0,100.0
Arab Halls - For Wedding & Events,EVENTS,4.8,28.0,1000.0
MeAuDote - An act of love that saves a life,EVENTS,4.193338315362443,250.0,1000.0
TCF National Conference,EVENTS,4.193338315362443,1.0,100.0
Endurance Lifestyle,EVENTS,4.6,7.0,500.0
K PLUS,FINANCE,4.4,124424.0,10000000.0
ING Banking,FINANCE,4.4,39041.0,1000000.0
Citibanamex Movil,FINANCE,3.6,52306.0,5000000.0
The postal bank,FINANCE,3.7,36718.0,5000000.0
KTB Netbank,FINANCE,3.8,42644.0,5000000.0
Mobile Bancomer,FINANCE,4.2,278082.0,10000000.0
Nedbank Money,FINANCE,4.2,6076.0,500000.0
SCB EASY,FINANCE,4.2,112656.0,5000000.0
CASHIER,FINANCE,3.3,335738.0,10000000.0
Rabo Banking,FINANCE,3.4,31906.0,1000000.0
Capitec Remote Banking,FINANCE,4.3,20672.0,1000000.0
Itau bank,FINANCE,4.2,957973.0,10000000.0
Nubank,FINANCE,4.7,130582.0,5000000.0
The Societe Generale App,FINANCE,4.1,31218.0,1000000.0
IKO,FINANCE,4.7,167168.0,1000000.0
Cash App,FINANCE,4.0,34428.0,10000000.0
Standard Bank / Stanbic Bank,FINANCE,3.6,15247.0,1000000.0
Bualuang mBanking,FINANCE,4.0,48445.0,5000000.0
Intesa Sanpaolo Mobile,FINANCE,3.6,35518.0,1000000.0
UBA Mobile Banking,FINANCE,4.3,12185.0,1000000.0
BBVA Spain,FINANCE,4.2,36746.0,5000000.0
MyMo by GSB,FINANCE,4.2,21996.0,1000000.0
VTB-Online,FINANCE,4.1,138371.0,5000000.0
Ecobank Mobile Banking,FINANCE,4.0,12073.0,1000000.0
Banorte Movil,FINANCE,4.1,111632.0,1000000.0
Wells Fargo Mobile,FINANCE,4.4,250706.0,10000000.0
Credit Karma,FINANCE,4.7,706301.0,10000000.0
BZWBK24 mobile,FINANCE,4.5,64959.0,1000000.0
PayPal,FINANCE,4.3,659741.0,50000000.0
Capital One® Mobile,FINANCE,4.6,510392.0,10000000.0
Zenith Bank Mobile App,FINANCE,4.3,7215.0,1000000.0
"GCash - Buy Load, Pay Bills, Send Money",FINANCE,4.0,25508.0,1000000.0
Post Bank,FINANCE,4.5,60449.0,1000000.0
İşCep,FINANCE,4.5,381788.0,10000000.0
People's Bank,FINANCE,3.6,10697.0,1000000.0
Google Pay,FINANCE,4.2,347838.0,100000000.0
Transfer,FINANCE,4.1,31804.0,5000000.0
T-Mobile in,FINANCE,3.5,3856.0,1000000.0
TrueMoney Wallet,FINANCE,4.4,199684.0,5000000.0
Alfa-Bank (Alfa-Bank),FINANCE,4.0,44545.0,1000000.0
Bank of Brazil,FINANCE,4.5,1336246.0,10000000.0
WiseBanyan - Invest For Free,FINANCE,4.2,257.0,10000.0
"Robinhood - Investing, No Fees",FINANCE,4.6,57493.0,1000000.0
Wells Fargo Daily Change,FINANCE,4.2,283.0,100000.0
"Even - organize your money, get paid early",FINANCE,4.8,12304.0,100000.0
Digit Save Money Automatically,FINANCE,4.5,8188.0,100000.0
Stash: Invest. Learn. Save.,FINANCE,4.2,11919.0,1000000.0
Acorns - Invest Spare Change,FINANCE,4.3,45957.0,1000000.0
"Money Lover: Expense Tracker, Budget Planner",FINANCE,4.4,126431.0,1000000.0
Expense IQ Money Manager,FINANCE,4.4,21570.0,1000000.0
Money Manager Expense & Budget,FINANCE,4.6,134564.0,5000000.0
"Prism Pay Bills, Track Money, Personal Finance",FINANCE,4.6,16961.0,500000.0
Monefy - Money Manager,FINANCE,4.6,111254.0,1000000.0
Simple - Better Banking,FINANCE,4.4,7731.0,100000.0
Chime - Mobile Banking,FINANCE,4.3,5928.0,500000.0
Bluebird by American Express,FINANCE,4.2,15703.0,1000000.0
Walmart MoneyCard,FINANCE,4.2,6148.0,1000000.0
Moven - Smart Finances,FINANCE,3.8,861.0,100000.0
Qapital - Save Small. Live Large,FINANCE,4.5,8662.0,100000.0
Experian - Free Credit Report,FINANCE,4.6,23130.0,1000000.0
Branch,FINANCE,4.6,69973.0,1000000.0
"WalletHub - Free Credit Score, Report & Monitoring",FINANCE,4.7,1311.0,50000.0
CreditWise from Capital One,FINANCE,4.6,26587.0,1000000.0
"NerdWallet: Personal Finance, Credit Score & Cash",FINANCE,4.6,2417.0,100000.0
Credit Karma,FINANCE,4.7,706302.0,10000000.0
my face,FINANCE,3.8,1054.0,100000.0
Credit Sesame,FINANCE,4.3,25166.0,1000000.0
"Mint: Budget, Bills, Finance",FINANCE,4.3,129304.0,5000000.0
Fresh EBT - Food Stamp Balance,FINANCE,4.5,19870.0,1000000.0
"Hurdlr: Track Mileage, Expenses, and Log Receipts",FINANCE,4.6,3596.0,100000.0
Mobills: Budget Planner,FINANCE,4.6,161440.0,1000000.0
Everlance: Free Mileage Log,FINANCE,4.7,7514.0,100000.0
MileIQ - Free Mileage Tracker for Business,FINANCE,4.5,46106.0,1000000.0
QuickBooks Self-Employed:Mileage Tracker and Taxes,FINANCE,4.4,15141.0,1000000.0
FREE Stock Market Trading Tips,FINANCE,3.9,714.0,50000.0
MetaTrader 5,FINANCE,4.5,42410.0,1000000.0
MetaTrader 4,FINANCE,4.6,260547.0,5000000.0
Stock Quote,FINANCE,4.1,4344.0,500000.0
Seeking Alpha,FINANCE,4.5,22808.0,1000000.0
Stock Trainer: Virtual Trading (Stock Markets),FINANCE,4.4,42809.0,1000000.0
Stocks: Realtime Quotes Charts,FINANCE,4.5,16808.0,1000000.0
"Stocks, Forex, Bitcoin, Ethereum: Portfolio & News",FINANCE,4.6,157505.0,5000000.0
CNBC: Breaking Business News & Live Market Data,FINANCE,4.2,24647.0,1000000.0
US Stock Market,FINANCE,4.4,1922.0,100000.0
Bloomberg Professional,FINANCE,4.1,3334.0,500000.0
E*TRADE Mobile,FINANCE,3.9,10658.0,1000000.0
MSN Money- Stock Quotes & News,FINANCE,4.5,78361.0,1000000.0
Fox Business,FINANCE,3.7,2594.0,500000.0
NSE Mobile Trading,FINANCE,4.1,13868.0,1000000.0
Yahoo Finance,FINANCE,4.4,135952.0,5000000.0
"JStock - Stock Market, Portfolio & News",FINANCE,4.6,11066.0,500000.0
Acorns - Invest Spare Change,FINANCE,4.3,45962.0,1000000.0
Webull - Stock Quotes & Free Stock Trading,FINANCE,4.3,34861.0,1000000.0
"Trading 212 - Forex, Stocks, CFDs",FINANCE,4.3,37580.0,5000000.0
"Moneycontrol – Stocks, Sensex, Mutual Funds, IPO",FINANCE,4.4,281485.0,5000000.0
Current debit card and app made for teens,FINANCE,4.3,685.0,50000.0
"Money Lover: Expense Tracker, Budget Planner",FINANCE,4.4,126447.0,1000000.0
Betterment,FINANCE,4.4,3780.0,100000.0
Citizens Bank Mobile Banking,FINANCE,4.1,15192.0,1000000.0
GoBank,FINANCE,4.4,5950.0,500000.0
NetSpend Prepaid,FINANCE,4.2,15993.0,1000000.0
BBVA Compass Banking,FINANCE,4.3,5905.0,500000.0
PayPal,FINANCE,4.3,659760.0,50000000.0
BankMobile Vibe App,FINANCE,4.3,14627.0,1000000.0
Netspend Skylight ONE,FINANCE,3.9,1098.0,100000.0
ACE Elite,FINANCE,4.1,2898.0,100000.0
U.S. Bank,FINANCE,4.1,70782.0,1000000.0
Huntington Mobile,FINANCE,4.2,11264.0,1000000.0
USAA Mobile,FINANCE,4.5,100997.0,5000000.0
Google Pay,FINANCE,4.2,347874.0,100000000.0
Associated Credit Union Mobile,FINANCE,4.7,3290.0,50000.0
Bank of America Mobile Banking,FINANCE,4.4,341090.0,10000000.0
USE Credit Union Mobile,FINANCE,4.6,964.0,10000.0
Discover Mobile,FINANCE,4.6,87951.0,5000000.0
Wells Fargo Mobile,FINANCE,4.4,250719.0,10000000.0
Capital One® Mobile,FINANCE,4.6,510401.0,10000000.0
Amex Mobile,FINANCE,4.3,24729.0,1000000.0
Citi Mobile®,FINANCE,4.0,78306.0,5000000.0
Navy Federal Credit Union,FINANCE,4.4,43313.0,1000000.0
Chase Mobile,FINANCE,4.6,1374549.0,10000000.0
HDFC Bank MobileBanking,FINANCE,4.2,208463.0,10000000.0
Barclays US for Android,FINANCE,4.1,6998.0,1000000.0
McDonald's,FOOD_AND_DRINK,3.6,145323.0,10000000.0
Easy and Fast Recipes,FOOD_AND_DRINK,4.193338315362443,95.0,50000.0
Cookpad - FREE recipe search makes fun cooking · musical making!,FOOD_AND_DRINK,4.1,64784.0,10000000.0
DELISH KITCHEN - FREE recipe movies make food fun and easy!,FOOD_AND_DRINK,4.6,32997.0,1000000.0
Sumine side dish - dish recipe side dish,FOOD_AND_DRINK,4.193338315362443,82.0,10000.0
Easy Recipes,FOOD_AND_DRINK,4.7,2707.0,100000.0
Delicious Recipes,FOOD_AND_DRINK,4.7,129737.0,1000000.0
Tastely,FOOD_AND_DRINK,4.7,611136.0,10000000.0
Pastry & Cooking (Without Net),FOOD_AND_DRINK,4.7,6118.0,1000000.0
Frigo Magic: Easy recipe idea and anti-waste,FOOD_AND_DRINK,4.1,2473.0,500000.0
McDonald's - McDonald's Japan,FOOD_AND_DRINK,3.4,109784.0,10000000.0
Debonairs Pizza,FOOD_AND_DRINK,3.8,3320.0,500000.0
Popeyes® App,FOOD_AND_DRINK,3.7,61.0,50000.0
Dunkin' Donuts,FOOD_AND_DRINK,4.2,68103.0,1000000.0
Pyaterochka,FOOD_AND_DRINK,3.1,8412.0,1000000.0
Refreshing app Free application that can use deal coupons,FOOD_AND_DRINK,3.5,10741.0,1000000.0
Simple Recipes,FOOD_AND_DRINK,4.7,3803.0,500000.0
Grubhub: Food Delivery,FOOD_AND_DRINK,4.5,155944.0,5000000.0
Panera Bread,FOOD_AND_DRINK,4.2,10159.0,1000000.0
Chick-fil-A,FOOD_AND_DRINK,4.3,28008.0,5000000.0
hellofood - Food Delivery,FOOD_AND_DRINK,4.0,43614.0,1000000.0
Starbucks,FOOD_AND_DRINK,4.5,455377.0,10000000.0
Easy and quick desserts,FOOD_AND_DRINK,4.6,1398.0,100000.0
Domino's Pizza USA,FOOD_AND_DRINK,4.7,1032935.0,10000000.0
Chef - Recipes & Cooking,FOOD_AND_DRINK,4.1,32405.0,5000000.0
"Delivery Club-food delivery: pizza, sushi, burger, salad",FOOD_AND_DRINK,4.3,151080.0,5000000.0
HungerStation,FOOD_AND_DRINK,3.8,22513.0,1000000.0
Delivery yogi.,FOOD_AND_DRINK,4.4,90042.0,10000000.0
Delivery trough - delivery trough delivery trough,FOOD_AND_DRINK,4.3,58316.0,5000000.0
Dr. Oetker recipe ideas,FOOD_AND_DRINK,4.2,8509.0,1000000.0
SONIC Drive-In,FOOD_AND_DRINK,4.3,19314.0,1000000.0
SUBWAY®,FOOD_AND_DRINK,3.8,21314.0,1000000.0
GialloZafferano: Recipes,FOOD_AND_DRINK,4.3,30224.0,1000000.0
Dairy Queen,FOOD_AND_DRINK,3.7,731.0,100000.0
9th stage,FOOD_AND_DRINK,4.5,454.0,100000.0
OpenRice,FOOD_AND_DRINK,3.6,14952.0,1000000.0
SarashpazPapion (Cooking with Chef Bowls),FOOD_AND_DRINK,4.8,1250.0,50000.0
Little Caesars,FOOD_AND_DRINK,3.3,1726.0,500000.0
Recipes Pastries and homemade pies More than 500 recipes for pastries,FOOD_AND_DRINK,4.7,14065.0,500000.0
Om Waleed Sweets,FOOD_AND_DRINK,4.6,556.0,100000.0
"Eat Fast Prepare ""Without Internet""",FOOD_AND_DRINK,4.6,4925.0,1000000.0
Wendy’s – Food and Offers,FOOD_AND_DRINK,3.4,6507.0,1000000.0
My Recipes Cookbook : RecetteTek,FOOD_AND_DRINK,4.6,11707.0,100000.0
Healthy Recipes Free,FOOD_AND_DRINK,4.0,1077.0,100000.0
Cookbook Recipes,FOOD_AND_DRINK,4.1,46539.0,5000000.0
ChefTap Recipes & Grocery List,FOOD_AND_DRINK,4.5,9066.0,500000.0
Recipe Keeper,FOOD_AND_DRINK,4.4,1962.0,100000.0
My CookBook (Recipe Manager),FOOD_AND_DRINK,4.5,22071.0,1000000.0
50 Healthy Slow Cooker Recipes,FOOD_AND_DRINK,4.0,196.0,10000.0
Easy Healthy Recipes,FOOD_AND_DRINK,4.1,278.0,50000.0
Allrecipes Dinner Spinner,FOOD_AND_DRINK,4.5,61881.0,5000000.0
My CookBook Pro (Ad Free),FOOD_AND_DRINK,4.6,2129.0,10000.0
Paprika Recipe Manager,FOOD_AND_DRINK,4.1,1268.0,50000.0
Yummly Recipes & Shopping List,FOOD_AND_DRINK,4.5,91359.0,1000000.0
Kitchen Stories - Recipes & Cooking,FOOD_AND_DRINK,4.6,22015.0,1000000.0
Cookpad,FOOD_AND_DRINK,4.5,131569.0,10000000.0
"BigOven Recipes, Meal Planner, Grocery List & More",FOOD_AND_DRINK,4.3,31986.0,1000000.0
Postmates Food Delivery: Order Eats & Alcohol,FOOD_AND_DRINK,3.6,22875.0,1000000.0
Instacart: Grocery Delivery,FOOD_AND_DRINK,4.4,17071.0,1000000.0
OpenTable: Restaurants Near Me,FOOD_AND_DRINK,4.6,90242.0,5000000.0
Foursquare City Guide,FOOD_AND_DRINK,4.1,483960.0,10000000.0
Zomato - Restaurant Finder and Food Delivery App,FOOD_AND_DRINK,4.3,511228.0,10000000.0
Munchery: Chef Crafted Fresh Food Delivered,FOOD_AND_DRINK,3.9,464.0,50000.0
"delivery.com: Order Food, Alcohol & Laundry",FOOD_AND_DRINK,4.1,1920.0,100000.0
Eat24 Food Delivery & Takeout,FOOD_AND_DRINK,4.3,40116.0,1000000.0
BeyondMenu Food Delivery,FOOD_AND_DRINK,4.7,51517.0,1000000.0
EatStreet Food Delivery App,FOOD_AND_DRINK,4.6,7690.0,100000.0
Pizza Hut,FOOD_AND_DRINK,4.4,321134.0,10000000.0
Caviar - Food Delivery,FOOD_AND_DRINK,4.2,3755.0,100000.0
DoorDash - Food Delivery,FOOD_AND_DRINK,4.5,104504.0,1000000.0
Chick-fil-A,FOOD_AND_DRINK,4.3,28009.0,5000000.0
Uber Eats: Local Food Delivery,FOOD_AND_DRINK,4.2,333208.0,10000000.0
Seamless Food Delivery/Takeout,FOOD_AND_DRINK,4.5,35218.0,1000000.0
Talabat: Food Delivery,FOOD_AND_DRINK,4.5,116403.0,5000000.0
TheFork - Restaurants booking and special offers,FOOD_AND_DRINK,4.3,37517.0,5000000.0
foodpanda - Local Food Delivery,FOOD_AND_DRINK,4.0,292969.0,10000000.0
Zomato - Restaurant Finder and Food Delivery App,FOOD_AND_DRINK,4.3,511420.0,10000000.0
Home Workout - No Equipment,HEALTH_AND_FITNESS,4.8,428156.0,10000000.0
Step Counter - Calorie Counter,HEALTH_AND_FITNESS,4.0,1577.0,500000.0
Lose Belly Fat in 30 Days - Flat Stomach,HEALTH_AND_FITNESS,4.9,38098.0,5000000.0
Pedometer - Step Counter Free & Calorie Burner,HEALTH_AND_FITNESS,4.8,31139.0,1000000.0
Six Pack in 30 Days - Abs Workout,HEALTH_AND_FITNESS,4.9,272337.0,10000000.0
Lose Weight in 30 Days,HEALTH_AND_FITNESS,4.8,220125.0,10000000.0
Pedometer,HEALTH_AND_FITNESS,4.4,400592.0,10000000.0
LG Health,HEALTH_AND_FITNESS,3.3,20098.0,10000000.0
Step Counter - Pedometer Free & Calorie Counter,HEALTH_AND_FITNESS,4.7,117925.0,10000000.0
"Pedometer, Step Counter & Weight Loss Tracker App",HEALTH_AND_FITNESS,4.6,548021.0,10000000.0
Sportractive GPS Running Cycling Distance Tracker,HEALTH_AND_FITNESS,4.8,48276.0,1000000.0
30 Day Fitness Challenge - Workout at Home,HEALTH_AND_FITNESS,4.8,471036.0,10000000.0
Home Workout for Men - Bodybuilding,HEALTH_AND_FITNESS,4.8,12705.0,1000000.0
Fat Burning Workout - Home Weight lose,HEALTH_AND_FITNESS,4.5,706.0,100000.0
Buttocks and Abdomen,HEALTH_AND_FITNESS,4.4,465.0,500000.0
Walking for Weight Loss - Walk Tracker,HEALTH_AND_FITNESS,4.5,644.0,100000.0
Running & Jogging,HEALTH_AND_FITNESS,4.5,6238.0,500000.0
Walk with Map My Walk,HEALTH_AND_FITNESS,4.5,144040.0,5000000.0
Sleep Sounds,HEALTH_AND_FITNESS,4.8,51227.0,1000000.0
Fitbit,HEALTH_AND_FITNESS,3.9,357417.0,10000000.0
Lose Belly Fat-Home Abs Fitness Workout,HEALTH_AND_FITNESS,4.6,199.0,50000.0
Runtastic Running App & Mile Tracker,HEALTH_AND_FITNESS,4.5,827597.0,10000000.0
Cycling - Bike Tracker,HEALTH_AND_FITNESS,4.5,9116.0,500000.0
Abs Training-Burn belly fat,HEALTH_AND_FITNESS,4.7,2071.0,100000.0
Calorie Counter - EasyFit free,HEALTH_AND_FITNESS,4.7,50294.0,1000000.0
Nike+ Run Club,HEALTH_AND_FITNESS,4.4,708674.0,10000000.0
Aunjai i lert u,HEALTH_AND_FITNESS,4.2,1140.0,500000.0
Garmin Connect™,HEALTH_AND_FITNESS,3.9,232153.0,10000000.0
BetterMe: Weight Loss Workouts,HEALTH_AND_FITNESS,4.2,14709.0,5000000.0
Bike Computer - GPS Cycling Tracker,HEALTH_AND_FITNESS,4.4,12029.0,1000000.0
Calorie Counter - MyFitnessPal,HEALTH_AND_FITNESS,4.6,1873516.0,50000000.0
Six Packs for Man–Body Building with No Equipment,HEALTH_AND_FITNESS,4.6,2880.0,100000.0
Weight Watchers Mobile,HEALTH_AND_FITNESS,4.2,270267.0,5000000.0
Endomondo - Running & Walking,HEALTH_AND_FITNESS,4.5,559186.0,10000000.0
Running Distance Tracker +,HEALTH_AND_FITNESS,4.7,77777.0,1000000.0
The TK-App - everything under control,HEALTH_AND_FITNESS,4.5,8642.0,100000.0
Runkeeper - GPS Track Run Walk,HEALTH_AND_FITNESS,4.5,501144.0,10000000.0
Walking: Pedometer diet,HEALTH_AND_FITNESS,3.7,1861.0,1000000.0
Recipes for hair and face tried,HEALTH_AND_FITNESS,4.5,1203.0,500000.0
Abs Workout - 30 Days Fitness App for Six Pack Abs,HEALTH_AND_FITNESS,4.6,299.0,100000.0
8fit Workouts & Meal Planner,HEALTH_AND_FITNESS,4.6,115721.0,10000000.0
Keep Trainer - Workout Trainer & Fitness Coach,HEALTH_AND_FITNESS,4.7,14810.0,1000000.0
Run with Map My Run,HEALTH_AND_FITNESS,4.5,183662.0,5000000.0
Weight Loss Running by Verv,HEALTH_AND_FITNESS,4.5,27393.0,1000000.0
Couch to 10K Running Trainer,HEALTH_AND_FITNESS,4.6,10445.0,500000.0
PumpUp — Fitness Community,HEALTH_AND_FITNESS,4.0,49479.0,1000000.0
"Home workouts - fat burning, abs, legs, arms,chest",HEALTH_AND_FITNESS,4.3,4848.0,1000000.0
Running Weight Loss Walking Jogging Hiking FITAPP,HEALTH_AND_FITNESS,4.4,20812.0,1000000.0
"Strava Training: Track Running, Cycling & Swimming",HEALTH_AND_FITNESS,4.5,328469.0,10000000.0
Workout Trainer: fitness coach,HEALTH_AND_FITNESS,4.2,100406.0,10000000.0
"Fabulous: Motivate Me! Meditate, Relax, Sleep",HEALTH_AND_FITNESS,4.6,205299.0,5000000.0
StrongLifts 5x5 Workout Gym Log & Personal Trainer,HEALTH_AND_FITNESS,4.9,66791.0,1000000.0
Run with Map My Run,HEALTH_AND_FITNESS,4.5,183669.0,5000000.0
7 Minute Workout,HEALTH_AND_FITNESS,4.5,399009.0,10000000.0
Workout Tracker & Gym Trainer - Fitness Log Book,HEALTH_AND_FITNESS,4.6,5420.0,500000.0
Freeletics: Personal Trainer & Fitness Workouts,HEALTH_AND_FITNESS,4.5,130104.0,10000000.0
Nike Training Club - Workouts & Fitness Plans,HEALTH_AND_FITNESS,4.6,251534.0,10000000.0
Fitbit Coach,HEALTH_AND_FITNESS,4.6,28951.0,1000000.0
"JEFIT Workout Tracker, Weight Lifting, Gym Log App",HEALTH_AND_FITNESS,4.5,60096.0,5000000.0
Map My Ride GPS Cycling Riding,HEALTH_AND_FITNESS,4.5,106547.0,1000000.0
Daily Workouts - Exercise Fitness Routine Trainer,HEALTH_AND_FITNESS,4.4,134195.0,10000000.0
Google Fit - Fitness Tracking,HEALTH_AND_FITNESS,3.9,249855.0,10000000.0
Weight Loss Running by Verv,HEALTH_AND_FITNESS,4.5,27396.0,1000000.0
Nike+ Run Club,HEALTH_AND_FITNESS,4.4,708710.0,10000000.0
Sworkit: Workouts & Fitness Plans,HEALTH_AND_FITNESS,4.6,109756.0,5000000.0
Map My Fitness Workout Trainer,HEALTH_AND_FITNESS,4.4,38343.0,1000000.0
Sports Tracker Running Cycling,HEALTH_AND_FITNESS,4.5,190247.0,5000000.0
Runtastic Running App & Mile Tracker,HEALTH_AND_FITNESS,4.5,827651.0,10000000.0
Seven - 7 Minute Workout Training Challenge,HEALTH_AND_FITNESS,4.5,75571.0,1000000.0
Daily Yoga - Yoga Fitness Plans,HEALTH_AND_FITNESS,4.4,70769.0,5000000.0
Pocket Yoga,HEALTH_AND_FITNESS,4.4,2107.0,100000.0
Relax Meditation: Sleep with Sleep Sounds,HEALTH_AND_FITNESS,4.4,26540.0,1000000.0
Free Meditation - Take a Break,HEALTH_AND_FITNESS,4.2,1608.0,100000.0
Meditate OM,HEALTH_AND_FITNESS,4.5,19074.0,1000000.0
Yoga - Track Yoga,HEALTH_AND_FITNESS,4.5,7976.0,500000.0
My Chakra Meditation,HEALTH_AND_FITNESS,4.4,7586.0,500000.0
Relax with Andrew Johnson Lite,HEALTH_AND_FITNESS,4.3,2885.0,100000.0
"Meditation Music - Relax, Yoga",HEALTH_AND_FITNESS,4.6,48226.0,1000000.0
Meditation Studio,HEALTH_AND_FITNESS,4.6,1026.0,10000.0
Down Dog: Great Yoga Anywhere,HEALTH_AND_FITNESS,4.9,28945.0,500000.0
21-Day Meditation Experience,HEALTH_AND_FITNESS,4.4,11506.0,100000.0
My Chakra Meditation 2,HEALTH_AND_FITNESS,4.3,1288.0,100000.0
Simply Yoga - Fitness Trainer for Workouts & Poses,HEALTH_AND_FITNESS,4.1,6826.0,1000000.0
"Calm - Meditate, Sleep, Relax",HEALTH_AND_FITNESS,4.6,111450.0,5000000.0
Relax Melodies P: Sleep Sounds,HEALTH_AND_FITNESS,4.8,19543.0,100000.0
Relax Melodies: Sleep Sounds,HEALTH_AND_FITNESS,4.5,233243.0,5000000.0
Simple Habit Meditation,HEALTH_AND_FITNESS,4.7,11689.0,500000.0
Headspace: Meditation & Mindfulness,HEALTH_AND_FITNESS,4.6,77563.0,10000000.0
Yoga Studio: Mind & Body,HEALTH_AND_FITNESS,4.3,5499.0,100000.0
Pregnancy & Baby Tracker,HEALTH_AND_FITNESS,4.6,48286.0,1000000.0
My Cycles Period and Ovulation,HEALTH_AND_FITNESS,4.3,26652.0,1000000.0
I’m Expecting - Pregnancy App,HEALTH_AND_FITNESS,4.6,71269.0,1000000.0
The Bump Pregnancy Tracker,HEALTH_AND_FITNESS,4.6,20301.0,1000000.0
My Days - Ovulation Calendar & Period Tracker ™,HEALTH_AND_FITNESS,4.5,93691.0,5000000.0
Best Ovulation Tracker Fertility Calendar App Glow,HEALTH_AND_FITNESS,4.6,56145.0,1000000.0
"Eve Period Tracker - Love, Sex & Relationships App",HEALTH_AND_FITNESS,4.6,20326.0,1000000.0
Fertility Friend Ovulation App,HEALTH_AND_FITNESS,4.5,12955.0,1000000.0
Pregnancy Tracker,HEALTH_AND_FITNESS,4.1,2681.0,500000.0
Period Tracker,HEALTH_AND_FITNESS,4.5,325738.0,10000000.0
"Spot On Period, Birth Control, & Cycle Tracker",HEALTH_AND_FITNESS,4.6,4102.0,500000.0
OvuView: Ovulation and Fertility,HEALTH_AND_FITNESS,4.5,40296.0,1000000.0
Period Tracker - Period Calendar Ovulation Tracker,HEALTH_AND_FITNESS,4.8,4559407.0,100000000.0
Period Tracker Clue: Period and Ovulation Tracker,HEALTH_AND_FITNESS,4.8,570242.0,10000000.0
Calorie Counter - MyFitnessPal,HEALTH_AND_FITNESS,4.6,1873523.0,50000000.0
WomanLog Calendar,HEALTH_AND_FITNESS,4.5,121838.0,5000000.0
Geocaching®,HEALTH_AND_FITNESS,4.1,62616.0,5000000.0
Map My Hike GPS Hiking,HEALTH_AND_FITNESS,4.4,12858.0,500000.0
"ViewRanger - Hike, Ride or Walk",HEALTH_AND_FITNESS,4.2,34356.0,1000000.0
Runtastic Mountain Bike GPS Tracker,HEALTH_AND_FITNESS,4.5,50679.0,1000000.0
"AllTrails: Hiking, Running & Mountain Bike Trails",HEALTH_AND_FITNESS,4.3,16943.0,1000000.0
Water Drink Reminder,HEALTH_AND_FITNESS,4.6,524299.0,10000000.0
"Zombies, Run! 5k Training (Free)",HEALTH_AND_FITNESS,4.0,267.0,50000.0
Tracks,HEALTH_AND_FITNESS,4.6,623.0,50000.0
"YAZIO Calorie Counter, Nutrition Diary & Diet Plan",HEALTH_AND_FITNESS,4.6,117176.0,5000000.0
"Technutri - calorie counter, diet and carb tracker",HEALTH_AND_FITNESS,4.4,70416.0,5000000.0
Couch to 5K by RunDouble,HEALTH_AND_FITNESS,4.7,15674.0,1000000.0
Fooducate Healthy Weight Loss & Calorie Counter,HEALTH_AND_FITNESS,4.4,14402.0,1000000.0
Weight Watchers Mobile,HEALTH_AND_FITNESS,4.2,270294.0,5000000.0
Walk with Map My Walk,HEALTH_AND_FITNESS,4.5,144050.0,5000000.0
My Diet Coach - Weight Loss Motivation & Tracker,HEALTH_AND_FITNESS,4.4,141163.0,10000000.0
Calorie Counter - MyFitnessPal,HEALTH_AND_FITNESS,4.6,1873520.0,50000000.0
Endomondo - Running & Walking,HEALTH_AND_FITNESS,4.5,559262.0,10000000.0
Nike+ Run Club,HEALTH_AND_FITNESS,4.4,708753.0,10000000.0
Lose It! - Calorie Counter,HEALTH_AND_FITNESS,4.4,69395.0,10000000.0
Runtastic Running App & Mile Tracker,HEALTH_AND_FITNESS,4.5,827653.0,10000000.0
Calorie Counter - MyNetDiary,HEALTH_AND_FITNESS,4.5,27439.0,1000000.0
10 Best Foods for You,HEALTH_AND_FITNESS,4.0,2490.0,500000.0
MyPlate Calorie Tracker,HEALTH_AND_FITNESS,4.6,24094.0,1000000.0
My Diet Diary Calorie Counter,HEALTH_AND_FITNESS,4.1,18539.0,1000000.0
Calorie Counter - Macros,HEALTH_AND_FITNESS,4.0,3061.0,100000.0
Calorie Counter by FatSecret,HEALTH_AND_FITNESS,4.4,229210.0,10000000.0
Weight Loss Tracker - RecStyle,HEALTH_AND_FITNESS,4.4,20547.0,1000000.0
Lark - 24/7 Health Coach,HEALTH_AND_FITNESS,4.1,3405.0,100000.0
MealLogger-Photo Food Journal,HEALTH_AND_FITNESS,3.5,217.0,50000.0
Health and Nutrition Guide,HEALTH_AND_FITNESS,4.3,7895.0,500000.0
Calorie Counter & Diet Tracker,HEALTH_AND_FITNESS,4.5,32606.0,1000000.0
Food Calorie Calculator,HEALTH_AND_FITNESS,4.2,1324.0,100000.0
Monitor Your Weight,HEALTH_AND_FITNESS,4.5,126017.0,5000000.0
Calorie Counter by FatSecret,HEALTH_AND_FITNESS,4.4,229214.0,10000000.0
Eat Fit - Diet and Health Free,HEALTH_AND_FITNESS,4.1,2469.0,100000.0
Self Healing,HEALTH_AND_FITNESS,4.5,14394.0,500000.0
Happify,HEALTH_AND_FITNESS,3.7,1812.0,100000.0
Binaural Beats Therapy,HEALTH_AND_FITNESS,4.3,13724.0,1000000.0
Pacifica - Stress & Anxiety,HEALTH_AND_FITNESS,4.5,10253.0,500000.0
Relaxing Sounds,HEALTH_AND_FITNESS,4.6,4642.0,100000.0
White Sound Pro,HEALTH_AND_FITNESS,4.7,16570.0,500000.0
Insight Timer - Free Meditation App,HEALTH_AND_FITNESS,4.6,20161.0,1000000.0
Self-help Anxiety Management,HEALTH_AND_FITNESS,4.0,2894.0,500000.0
Brain Waves - Binaural Beats,HEALTH_AND_FITNESS,4.4,5038.0,500000.0
Prana Breath: Calm & Meditate,HEALTH_AND_FITNESS,4.8,31665.0,1000000.0
7 Cups: Anxiety & Stress Chat,HEALTH_AND_FITNESS,4.2,13799.0,500000.0
"Calm - Meditate, Sleep, Relax",HEALTH_AND_FITNESS,4.6,111455.0,5000000.0
Runtastic Sleep Better: Sleep Cycle & Smart Alarm,HEALTH_AND_FITNESS,4.1,111462.0,5000000.0
White Noise Lite,HEALTH_AND_FITNESS,4.4,57634.0,1000000.0
"Stop, Breathe & Think: Meditation & Mindfulness",HEALTH_AND_FITNESS,4.3,8576.0,1000000.0
Zillow: Find Houses for Sale & Apartments for Rent,HOUSE_AND_HOME,4.5,417907.0,10000000.0
"Viva Decora - Decoration, Photos, Architecture, House",HOUSE_AND_HOME,4.8,3167.0,100000.0
Apartments & Rentals - Zillow,HOUSE_AND_HOME,4.2,27386.0,1000000.0
Realtor.com Real Estate: Homes for Sale and Rent,HOUSE_AND_HOME,4.5,162243.0,10000000.0
Real Estate sale & rent Trovit,HOUSE_AND_HOME,4.1,65913.0,5000000.0
"591 housing transactions - renting houses, middle-class houses, new cases, real-time registration, villas through the sky, apartment suites, MRT, buying a house selling prices, housing mortgages",HOUSE_AND_HOME,4.1,24977.0,1000000.0
"Homes.com 🏠 For Sale, Rent",HOUSE_AND_HOME,4.0,6000.0,1000000.0
"CYANOGEN. Rent, buy an apartment, a room, a cottage 3+",HOUSE_AND_HOME,4.3,37711.0,1000000.0
Trulia Real Estate & Rentals,HOUSE_AND_HOME,4.5,175293.0,10000000.0
Latest 2018 Home Designs,HOUSE_AND_HOME,4.193338315362443,174.0,10000.0
Houzz Interior Design Ideas,HOUSE_AND_HOME,4.6,353799.0,10000000.0
Good room network fast rent,HOUSE_AND_HOME,3.7,2758.0,500000.0
Yongqing fast search,HOUSE_AND_HOME,3.7,1437.0,100000.0
LIFULL HOME'S,HOUSE_AND_HOME,4.2,7573.0,1000000.0
"Apartment List: Housing, Apt, and Property Rentals",HOUSE_AND_HOME,4.5,8481.0,1000000.0
Gold Butterfly Keyboard Theme,HOUSE_AND_HOME,4.3,10054.0,1000000.0
"Apartment, Home Rental Search: Realtor.com Rentals",HOUSE_AND_HOME,3.9,10117.0,1000000.0
Living Smart Home,HOUSE_AND_HOME,4.6,39189.0,1000000.0
591 Housing Trading - Hong Kong,HOUSE_AND_HOME,4.3,3522.0,100000.0
Trulia Rent Apartments & Homes,HOUSE_AND_HOME,4.4,71419.0,5000000.0
Redfin Real Estate,HOUSE_AND_HOME,4.6,36857.0,1000000.0
"Domofond Real Estate. Buy, rent an apartment.",HOUSE_AND_HOME,4.5,39123.0,1000000.0
"realestate.com.au - Buy, Rent & Sell Property",HOUSE_AND_HOME,3.8,14653.0,1000000.0
Yes319 real price login query,HOUSE_AND_HOME,4.193338315362443,12.0,5000.0
DaBang - Rental Homes in Korea,HOUSE_AND_HOME,4.4,23013.0,5000000.0
DIY On A Budget,HOUSE_AND_HOME,4.7,114.0,10000.0
Free Foreclosure Real Estate Search by USHUD.com,HOUSE_AND_HOME,3.4,287.0,100000.0
Mortgage by Zillow: Calculator & Rates,HOUSE_AND_HOME,4.3,4435.0,500000.0
Home Security Camera WardenCam - reuse old phones,HOUSE_AND_HOME,4.3,43800.0,1000000.0
Room planner: Interior & Floorplan Design for IKEA,HOUSE_AND_HOME,4.0,4281.0,100000.0
Rent.com Apartment Homes,HOUSE_AND_HOME,4.0,7508.0,1000000.0
Good house to buy a house,HOUSE_AND_HOME,3.8,491.0,100000.0
LH Housing Promotion Notice,HOUSE_AND_HOME,4.193338315362443,160.0,100000.0
Apartments.com Rental Search,HOUSE_AND_HOME,4.3,22584.0,1000000.0
Hemnet,HOUSE_AND_HOME,3.6,4087.0,500000.0
At home - rental · real estate · room finding application such as apartment · apartment,HOUSE_AND_HOME,3.8,2496.0,500000.0
Alfred Home Security Camera,HOUSE_AND_HOME,4.5,103305.0,5000000.0
House app: beautiful everyday ~,HOUSE_AND_HOME,4.6,2669.0,500000.0
Home tips and advice,HOUSE_AND_HOME,4.193338315362443,10.0,5000.0
"N1.RU - Real estate: apartments, new buildings, lodging",HOUSE_AND_HOME,4.5,7619.0,100000.0
Ruler,HOUSE_AND_HOME,4.7,126.0,10000.0
Home Decor Showpiece Art making: Medium Difficulty,HOUSE_AND_HOME,4.3,273.0,50000.0
"乐屋网: Buying a house, selling a house, renting a house",HOUSE_AND_HOME,3.7,2248.0,100000.0
Real estate court auction information site - Hyundai court auction,HOUSE_AND_HOME,4.193338315362443,10.0,10000.0
iProperty Malaysia,HOUSE_AND_HOME,4.2,809.0,100000.0
ColorSnap® Visualizer,HOUSE_AND_HOME,3.4,3280.0,1000000.0
Apartment Decorating Ideas,HOUSE_AND_HOME,3.9,1478.0,100000.0
Bedroom Decorating Ideas,HOUSE_AND_HOME,4.0,2382.0,500000.0
Room Painting Ideas,HOUSE_AND_HOME,4.0,4450.0,1000000.0
Kitchen Island Ideas,HOUSE_AND_HOME,4.0,515.0,50000.0
Houzz Interior Design Ideas,HOUSE_AND_HOME,4.6,353800.0,10000000.0
Living Room Decorating Ideas,HOUSE_AND_HOME,4.0,4465.0,1000000.0
Bathroom Decorating Ideas,HOUSE_AND_HOME,4.1,2427.0,500000.0
Wall Decorating Ideas,HOUSE_AND_HOME,3.9,6631.0,1000000.0
Zumper - Apartment Rental Finder,HOUSE_AND_HOME,4.4,11200.0,1000000.0
RadPad: Apartment Finder App,HOUSE_AND_HOME,4.4,6896.0,500000.0
Homesnap Real Estate & Rentals,HOUSE_AND_HOME,4.3,3834.0,500000.0
Apartments & Rentals - Zillow,HOUSE_AND_HOME,4.2,27387.0,1000000.0
Trulia Rent Apartments & Homes,HOUSE_AND_HOME,4.4,71421.0,5000000.0
Houzz Interior Design Ideas,HOUSE_AND_HOME,4.6,353813.0,10000000.0
Trulia Mortgage Calculators,HOUSE_AND_HOME,4.1,81.0,50000.0
Public Digital Library,LIBRARIES_AND_DEMO,3.9,2087.0,50000.0
Quotes,LIBRARIES_AND_DEMO,4.4,58.0,10000.0
Best New Ringtones 2018 Free 🔥 For Android™,LIBRARIES_AND_DEMO,4.6,3014.0,100000.0
Lamp detector,LIBRARIES_AND_DEMO,4.193338315362443,5.0,1000.0
SUDOKU,LIBRARIES_AND_DEMO,4.1,923.0,100000.0
General culture,LIBRARIES_AND_DEMO,4.193338315362443,26.0,10000.0
Luffs,LIBRARIES_AND_DEMO,4.193338315362443,487.0,100000.0
Aviary Effects: Classic,LIBRARIES_AND_DEMO,3.8,67007.0,5000000.0
Chakra Cleansing,LIBRARIES_AND_DEMO,4.6,539.0,50000.0
Aviary Stickers: Free Pack,LIBRARIES_AND_DEMO,3.5,126862.0,10000000.0
Call Recorder,LIBRARIES_AND_DEMO,4.7,48.0,1000.0
Pink Water Sakura Keyboard Theme,LIBRARIES_AND_DEMO,4.3,1465.0,100000.0
auto Call Recorder 2018,LIBRARIES_AND_DEMO,4.5,929.0,50000.0
converter video to mp3,LIBRARIES_AND_DEMO,4.4,783.0,100000.0
eBiblio,LIBRARIES_AND_DEMO,3.4,2907.0,50000.0
chicken song,LIBRARIES_AND_DEMO,4.3,434.0,100000.0
Words (188 Category),LIBRARIES_AND_DEMO,4.193338315362443,54.0,10000.0
Binaural Beats Meditation,LIBRARIES_AND_DEMO,4.3,411.0,50000.0
Essential Resources,LIBRARIES_AND_DEMO,4.6,237.0,50000.0
MOMOLAND BBoom BBoom,LIBRARIES_AND_DEMO,4.6,2580.0,100000.0
Cold Spirits,LIBRARIES_AND_DEMO,4.193338315362443,363.0,100000.0
Cardboard,LIBRARIES_AND_DEMO,4.2,130272.0,10000000.0
How to sew & make the easiest pattern,LIBRARIES_AND_DEMO,4.193338315362443,110.0,10000.0
I will return his eggs,LIBRARIES_AND_DEMO,4.193338315362443,91.0,100000.0
Bird Sounds & Bird Ringtones for Free 2018,LIBRARIES_AND_DEMO,4.6,130.0,10000.0
Benefits of olive oil with garlic,LIBRARIES_AND_DEMO,4.193338315362443,25.0,10000.0
Sad hair without net,LIBRARIES_AND_DEMO,4.193338315362443,20.0,5000.0
Top Popular Ringtones 2018 Free 🔥,LIBRARIES_AND_DEMO,4.4,7396.0,500000.0
Wifi Connect Library,LIBRARIES_AND_DEMO,3.9,58055.0,5000000.0
Super Funny Ringtones 2018 🔔,LIBRARIES_AND_DEMO,4.5,1703.0,100000.0
Apk Installer,LIBRARIES_AND_DEMO,3.8,7750.0,1000000.0
SAMSUNG RETAILMODE 2018,LIBRARIES_AND_DEMO,4.3,6.0,10000.0
OpenCV Manager,LIBRARIES_AND_DEMO,3.7,12657.0,1000000.0
Eternal life,LIBRARIES_AND_DEMO,5.0,26.0,1000.0
V380s,LIBRARIES_AND_DEMO,3.2,1919.0,500000.0
Cool Popular Ringtones 2018 🔥,LIBRARIES_AND_DEMO,4.5,60170.0,1000000.0
Blackpink as if it's your last,LIBRARIES_AND_DEMO,4.7,831.0,100000.0
Wifi Test,LIBRARIES_AND_DEMO,4.0,8671.0,1000000.0
Patience Words,LIBRARIES_AND_DEMO,4.193338315362443,31.0,10000.0
Ayyush wih wih new without Net,LIBRARIES_AND_DEMO,3.8,912.0,500000.0
Girls Nancy Ajram Without Net,LIBRARIES_AND_DEMO,4.7,2639.0,500000.0
R M Lock Screen,LIBRARIES_AND_DEMO,4.5,399.0,100000.0
Mama Lala 's song,LIBRARIES_AND_DEMO,4.193338315362443,102.0,50000.0
Barcode Scanner,LIBRARIES_AND_DEMO,4.2,3945.0,500000.0
Young Speeches,LIBRARIES_AND_DEMO,4.193338315362443,2221.0,500000.0
New Ringtones 2018,LIBRARIES_AND_DEMO,4.1,3781.0,1000000.0
EyeCloud,LIBRARIES_AND_DEMO,3.1,1267.0,100000.0
Dollhouse Decorating Games,LIFESTYLE,4.1,18968.0,5000000.0
metroZONE,LIFESTYLE,4.1,47497.0,10000000.0
Easy Hair Style Design,LIFESTYLE,4.3,601.0,100000.0
Talking Babsy Baby: Baby Games,LIFESTYLE,4.0,140995.0,10000000.0
"Black Wallpaper, AMOLED, Dark Background: Darkify",LIFESTYLE,4.6,51357.0,5000000.0
Girly Wallpapers Backgrounds,LIFESTYLE,4.4,13565.0,1000000.0
Chart - Myanmar Keyboard,LIFESTYLE,4.4,39364.0,5000000.0
Easy Makeup Tutorials,LIFESTYLE,4.3,7287.0,1000000.0
Horoscopes – Daily Zodiac Horoscope and Astrology,LIFESTYLE,4.6,161143.0,10000000.0
Entel,LIFESTYLE,3.2,16168.0,1000000.0
ZenUI Safeguard,LIFESTYLE,4.5,100.0,1000000.0
Live 4D Results ! (MY & SG),LIFESTYLE,4.6,116079.0,5000000.0
Diary with lock,LIFESTYLE,4.6,815893.0,10000000.0
FOSSIL Q: DESIGN YOUR DIAL,LIFESTYLE,4.3,985.0,500000.0
Telstra,LIFESTYLE,3.0,4260.0,5000000.0
Family Locator - GPS Tracker,LIFESTYLE,4.4,726074.0,10000000.0
Van Nien 2018 - Lich Van su & Lich Am,LIFESTYLE,4.4,3829.0,1000000.0
Safeway,LIFESTYLE,4.3,33572.0,1000000.0
HTC Speak,LIFESTYLE,3.5,6145.0,10000000.0
Kawaii Easy Drawing : How to draw Step by Step,LIFESTYLE,4.3,34327.0,5000000.0
Tattoodo - Find your next tattoo,LIFESTYLE,4.5,7457.0,1000000.0
H&M,LIFESTYLE,3.7,41941.0,10000000.0
Samsung+,LIFESTYLE,4.5,82145.0,50000000.0
Anime Avatar Creator: Make Your Own Avatar,LIFESTYLE,4.2,10944.0,1000000.0
Beautiful Design Birthday Cake,LIFESTYLE,4.3,665.0,500000.0
Pronunciation and know the name of the caller from his number,LIFESTYLE,4.6,2167.0,500000.0
Super Slime Simulator - Satisfying Slime App,LIFESTYLE,4.5,53652.0,1000000.0
Caf - My Account,LIFESTYLE,3.9,18961.0,5000000.0
H Pack,LIFESTYLE,4.3,9412.0,1000000.0
Family convenience store FamilyMart,LIFESTYLE,3.3,9663.0,1000000.0
သိင်္ Astrology - Min Thein Kha BayDin,LIFESTYLE,4.7,2225.0,100000.0
w UN map,LIFESTYLE,4.2,23164.0,1000000.0
Official Matsumoto Kiyoshi application,LIFESTYLE,3.2,3031.0,1000000.0
Galaxy Gift,LIFESTYLE,4.4,95557.0,10000000.0
PASS by KT (formerly KT certified),LIFESTYLE,3.5,7869.0,1000000.0
Safety stepping stone,LIFESTYLE,3.7,4212.0,1000000.0
Rate Guide Bill Letter,LIFESTYLE,3.8,17368.0,10000000.0
US Mission - buy gourmet movie KTV,LIFESTYLE,3.8,6554.0,500000.0
OK cashbag [point of pleasure],LIFESTYLE,3.7,33264.0,10000000.0
JOANN - Crafts & Coupons,LIFESTYLE,4.6,34782.0,1000000.0
MK eCatalog,LIFESTYLE,4.0,6676.0,1000000.0
Vaniday - Beauty Booking App,LIFESTYLE,3.6,1067.0,100000.0
Fashion in Vogue,LIFESTYLE,3.8,1797.0,100000.0
Mirror,LIFESTYLE,4.1,367505.0,10000000.0
StyleSeat,LIFESTYLE,4.7,20304.0,500000.0
Wedding Countdown Widget,LIFESTYLE,3.9,7376.0,1000000.0
My Day - Countdown Calendar 🗓️,LIFESTYLE,4.1,49147.0,1000000.0
justWink Greeting Cards,LIFESTYLE,4.6,69177.0,1000000.0
Wedding LookBook by The Knot,LIFESTYLE,4.2,3448.0,100000.0
Big Days - Events Countdown,LIFESTYLE,4.6,39724.0,1000000.0
"Wedding Planner by WeddingWire - Venues, Checklist",LIFESTYLE,4.2,3788.0,1000000.0
Been Together (Ad) - D-day,LIFESTYLE,4.4,95736.0,10000000.0
WedMeGood - Wedding Planner,LIFESTYLE,4.6,1658.0,100000.0
DIY Garden Ideas,LIFESTYLE,4.1,3309.0,500000.0
Brit + Co,LIFESTYLE,3.9,987.0,10000.0
Creative Ideas - DIY & Craft,LIFESTYLE,4.0,5208.0,100000.0
Homestyler Interior Design & Decorating Ideas,LIFESTYLE,4.1,78298.0,5000000.0
JOANN - Crafts & Coupons,LIFESTYLE,4.6,34802.0,1000000.0
Wheretoget: Shop in style,LIFESTYLE,4.1,6808.0,500000.0
My Dressing - Fashion closet,LIFESTYLE,4.1,12452.0,500000.0
Chictopia,LIFESTYLE,4.1,360.0,10000.0
Scarf Fashion Designer,LIFESTYLE,4.4,16637.0,1000000.0
Zara,LIFESTYLE,4.3,95904.0,10000000.0
Zara,LIFESTYLE,4.3,95905.0,10000000.0
Real Estate by Movoto,LIFESTYLE,4.4,3114.0,100000.0
Etta Homes,LIFESTYLE,4.2,220.0,50000.0
Houlihan Lawrence,LIFESTYLE,4.4,33.0,5000.0
Home Scouting® MLS Mobile,LIFESTYLE,4.3,1533.0,100000.0
Housing-Real Estate & Property,LIFESTYLE,4.1,28301.0,1000000.0
ZipRealty Real Estate & Homes,LIFESTYLE,4.0,3937.0,100000.0
Sotheby's International Realty,LIFESTYLE,4.2,894.0,50000.0
Zoopla Property Search UK - Home to buy & rent,LIFESTYLE,4.1,21195.0,1000000.0
Neighborhoods & Apartments,LIFESTYLE,3.9,2042.0,100000.0
Keller Williams Real Estate,LIFESTYLE,4.4,13213.0,1000000.0
Relax Rain ~ Rain Sounds,LIFESTYLE,4.6,118034.0,5000000.0
Relax Ocean ~ Nature Sounds,LIFESTYLE,4.5,9464.0,500000.0
Bed Time Fan - White Noise Sleep Sounds,LIFESTYLE,4.5,10097.0,500000.0
Nature Sounds,LIFESTYLE,4.8,28588.0,1000000.0
SleepyTime: Bedtime Calculator,LIFESTYLE,4.4,19621.0,500000.0
White Noise Baby,LIFESTYLE,4.5,10544.0,1000000.0
White Noise ~ Sleeping Sounds,LIFESTYLE,4.5,4427.0,100000.0
"Journey - Diary, Journal",LIFESTYLE,4.6,50338.0,1000000.0
7 Day Food Journal Challenge,LIFESTYLE,4.5,3346.0,100000.0
ROBLOX,GAME,4.5,4447388.0,100000000.0
Subway Surfers,GAME,4.5,27722264.0,1000000000.0
Candy Crush Saga,GAME,4.4,22426677.0,500000000.0
Solitaire,GAME,4.7,254258.0,10000000.0
Bubble Shooter,GAME,4.5,148897.0,10000000.0
Hello Kitty Nail Salon,GAME,4.2,369203.0,50000000.0
slither.io,GAME,4.4,5234162.0,100000000.0
Clash Royale,GAME,4.6,23133508.0,100000000.0
Temple Run 2,GAME,4.3,8118609.0,500000000.0
Pou,GAME,4.3,10485308.0,500000000.0
Helix Jump,GAME,4.2,1497361.0,100000000.0
Block Puzzle,GAME,4.6,59800.0,5000000.0
Angry Birds Rio,GAME,4.4,2610526.0,100000000.0
Plants vs. Zombies FREE,GAME,4.4,4066989.0,100000000.0
Sonic Dash,GAME,4.5,3778921.0,100000000.0
Candy Crush Soda Saga,GAME,4.4,6198563.0,100000000.0
Zombie Hunter King,GAME,4.3,10306.0,1000000.0
Clash of Clans,GAME,4.6,44891723.0,100000000.0
Kick the Buddy,GAME,4.3,1000417.0,50000000.0
Block Puzzle Classic Legend !,GAME,4.2,17039.0,5000000.0
PAC-MAN,GAME,4.2,685981.0,100000000.0
Super Jim Jump - pixel 3d,GAME,4.5,10393.0,1000000.0
8 Ball Pool,GAME,4.5,14198297.0,100000000.0
Magic Tiles 3,GAME,4.5,592068.0,50000000.0
Bubble Witch 3 Saga,GAME,4.7,1732263.0,50000000.0
Word Search,GAME,4.7,295241.0,10000000.0
Granny,GAME,4.5,1135631.0,50000000.0
Angry Birds Classic,GAME,4.4,5566669.0,100000000.0
Flow Free,GAME,4.3,1295557.0,100000000.0
Race the Traffic Moto,GAME,3.8,270687.0,10000000.0
Fishdom,GAME,4.6,2157930.0,10000000.0
Galaxy Attack: Alien Shooter,GAME,4.6,506275.0,10000000.0
Zombie Tsunami,GAME,4.4,4920817.0,100000000.0
Bubble Shooter 2,GAME,4.3,23005.0,5000000.0
Barbie™ Fashion Closet,GAME,4.1,68057.0,10000000.0
Candy Crush Jelly Saga,GAME,4.3,1300490.0,50000000.0
Hill Climb Racing,GAME,4.4,8923587.0,100000000.0
Gardenscapes,GAME,4.6,4128732.0,50000000.0
Marble - Temple Quest,GAME,4.3,42053.0,10000000.0
Shooting King,GAME,4.4,257724.0,10000000.0
Zombie Catchers,GAME,4.7,990491.0,10000000.0
Minion Rush: Despicable Me Official Game,GAME,4.5,10216538.0,100000000.0
Farm Heroes Saga,GAME,4.4,7614130.0,100000000.0
Geometry Dash World,GAME,4.6,760628.0,10000000.0
My Talking Angela,GAME,4.5,9881829.0,100000000.0
Cut the Rope FULL FREE,GAME,4.4,2123381.0,100000000.0
Sniper 3D Gun Shooter: Free Shooting Games - FPS,GAME,4.6,7671249.0,100000000.0
Subway Surfers,GAME,4.5,27723193.0,1000000000.0
ROBLOX,GAME,4.5,4447346.0,100000000.0
Pou,GAME,4.3,10485334.0,500000000.0
8 Ball Pool,GAME,4.5,14198602.0,100000000.0
Candy Crush Saga,GAME,4.4,22428456.0,500000000.0
Plants vs. Zombies FREE,GAME,4.4,4066980.0,100000000.0
Cooking Fever,GAME,4.5,3197865.0,100000000.0
Toon Blast,GAME,4.7,1351068.0,10000000.0
Score! Hero,GAME,4.6,5418675.0,100000000.0
My Talking Angela,GAME,4.5,9881908.0,100000000.0
Bubble Shooter,GAME,4.5,148895.0,10000000.0
Toy Blast,GAME,4.7,1889250.0,50000000.0
Miraculous Ladybug & Cat Noir - The Official Game,GAME,4.5,183846.0,10000000.0
Wordscapes,GAME,4.8,230710.0,10000000.0
Word Search,GAME,4.7,295305.0,10000000.0
Candy Crush Soda Saga,GAME,4.4,6198880.0,100000000.0
Garena Free Fire,GAME,4.5,5465624.0,100000000.0
Block Puzzle,GAME,4.6,59854.0,5000000.0
Bowmasters,GAME,4.7,1534466.0,50000000.0
Clash Royale,GAME,4.6,23134775.0,100000000.0
My Talking Tom,GAME,4.5,14891223.0,500000000.0
Sniper 3D Gun Shooter: Free Shooting Games - FPS,GAME,4.6,7672495.0,100000000.0
Granny,GAME,4.5,1137271.0,50000000.0
Angry Birds Rio,GAME,4.4,2610622.0,100000000.0
Zombie Catchers,GAME,4.7,990586.0,10000000.0
Zombie Hunter King,GAME,4.3,10354.0,1000000.0
Temple Run 2,GAME,4.3,8118937.0,500000000.0
Zombie Tsunami,GAME,4.4,4921122.0,100000000.0
Jungle Marble Blast,GAME,4.3,18985.0,5000000.0
Rider,GAME,4.5,655067.0,10000000.0
Farm Heroes Saga,GAME,4.4,7614271.0,100000000.0
Super Jim Jump - pixel 3d,GAME,4.5,10434.0,1000000.0
slither.io,GAME,4.4,5234825.0,100000000.0
Roll the Ball® - slide puzzle,GAME,4.5,1385093.0,100000000.0
Talking Tom Gold Run,GAME,4.6,2698348.0,100000000.0
Pixel Art: Color by Number Game,GAME,4.7,1125017.0,10000000.0
Dream League Soccer 2018,GAME,4.6,9882639.0,100000000.0
Angry Birds Classic,GAME,4.4,5566805.0,100000000.0
Fruits Bomb,GAME,4.4,74673.0,10000000.0
Traffic Racer,GAME,4.5,5387639.0,100000000.0
Hill Climb Racing 2,GAME,4.6,2750410.0,100000000.0
Flow Free,GAME,4.3,1295606.0,100000000.0
Knife Hit,GAME,4.5,461137.0,10000000.0
Block Craft 3D: Building Simulator Games For Free,GAME,4.5,946926.0,50000000.0
Farm Fruit Pop: Party Time,GAME,4.4,9305.0,1000000.0
ROBLOX,GAME,4.5,4448791.0,100000000.0
Helix Jump,GAME,4.2,1498648.0,100000000.0
Subway Surfers,GAME,4.5,27724094.0,1000000000.0
Toon Blast,GAME,4.7,1351089.0,10000000.0
Love Balls,GAME,4.2,360630.0,50000000.0
Granny,GAME,4.5,1137267.0,50000000.0
8 Ball Pool,GAME,4.5,14200344.0,100000000.0
slither.io,GAME,4.4,5234810.0,100000000.0
Hungry Shark Evolution,GAME,4.5,6074334.0,100000000.0
Magic Tiles 3,GAME,4.5,592282.0,50000000.0
Bowmasters,GAME,4.7,1535084.0,50000000.0
Piano Tiles 2™,GAME,4.7,8118880.0,100000000.0
Pokémon GO,GAME,4.1,10424925.0,100000000.0
Wordscapes,GAME,4.8,230727.0,10000000.0
Paint Hit,GAME,4.4,37023.0,10000000.0
Snake VS Block,GAME,4.2,422244.0,50000000.0
Rolly Vortex,GAME,4.4,98123.0,10000000.0
Woody Puzzle,GAME,4.7,21262.0,1000000.0
Stack Jump,GAME,4.3,118253.0,10000000.0
Color by Number – New Coloring Book,GAME,4.7,141529.0,5000000.0
The Cube,GAME,4.2,70226.0,5000000.0
Extreme Car Driving Simulator,GAME,4.3,2251012.0,100000000.0
Bricks n Balls,GAME,4.4,30253.0,1000000.0
The Fish Master!,GAME,4.1,15763.0,1000000.0
Color Road,GAME,4.1,84911.0,10000000.0
Draw In,GAME,4.2,46416.0,10000000.0
PLANK!,GAME,4.7,7196.0,500000.0
Looper!,GAME,4.6,48256.0,1000000.0
Trivia Crack,GAME,4.5,6427773.0,100000000.0
Will it Crush?,GAME,3.1,25825.0,5000000.0
Tomb of the Mask,GAME,4.1,55380.0,5000000.0
Baseball Boy!,GAME,3.4,148177.0,10000000.0
PUBG MOBILE,GAME,4.4,3715656.0,50000000.0
Episode - Choose Your Story,GAME,4.3,1841061.0,50000000.0
Hello Stars,GAME,4.6,101686.0,10000000.0
Run Sausage Run!,GAME,4.4,275447.0,10000000.0
Tank Stars,GAME,4.3,174755.0,10000000.0
Castle Clash: Heroes of the Empire US,GAME,4.6,4578476.0,50000000.0
Hole.io,GAME,4.2,145353.0,10000000.0
Helix Jump,GAME,4.2,1499373.0,100000000.0
Mini Golf King - Multiplayer Game,GAME,4.5,531458.0,5000000.0
PUBG MOBILE,GAME,4.4,3714270.0,50000000.0
Flip the Gun - Simulator Game,GAME,4.2,195558.0,10000000.0
Mad Skills BMX 2,GAME,4.5,29940.0,1000000.0
"MMX Hill Dash 2 – Offroad Truck, Car & Bike Racing",GAME,4.4,41975.0,1000000.0
Word Link,GAME,4.6,216675.0,10000000.0
Last Day on Earth: Survival,GAME,4.5,2311785.0,10000000.0
MARVEL Strike Force,GAME,4.3,165888.0,5000000.0
Partymasters - Fun Idle Game,GAME,4.6,541144.0,10000000.0
Harry Potter: Hogwarts Mystery,GAME,4.4,1107310.0,10000000.0
Offroad Outlaws,GAME,4.4,29168.0,1000000.0
Grim Soul: Dark Fantasy Survival,GAME,4.5,189773.0,5000000.0
DRAGON BALL LEGENDS,GAME,4.6,337752.0,5000000.0
Disney Heroes: Battle Mode,GAME,4.6,102107.0,5000000.0
Homescapes,GAME,4.6,3093358.0,10000000.0
New YAHTZEE® With Buddies Dice Game,GAME,4.1,42079.0,5000000.0
Word Crossy - A crossword game,GAME,4.5,240416.0,5000000.0
MLB TAP SPORTS BASEBALL 2018,GAME,4.6,32506.0,1000000.0
Hero Hunters,GAME,4.4,70747.0,5000000.0
Cooking Madness - A Chef's Restaurant Games,GAME,4.7,358817.0,10000000.0
Ice Crush 2018 - A new Puzzle Matching Adventure,GAME,4.6,15403.0,1000000.0
TerraGenesis - Space Colony,GAME,4.3,38957.0,1000000.0
Merge Dragons!,GAME,4.5,214777.0,5000000.0
SHADOWGUN LEGENDS,GAME,4.6,100609.0,1000000.0
RULES OF SURVIVAL,GAME,4.2,1343866.0,10000000.0
Mafia City,GAME,4.5,168717.0,10000000.0
"Cash, Inc. Money Clicker Game & Business Adventure",GAME,4.8,549720.0,10000000.0
Dino War: Rise of Beasts,GAME,4.1,18996.0,1000000.0
Tokyo Ghoul: Dark War,GAME,4.3,25094.0,1000000.0
Last Shelter: Survival,GAME,4.4,93033.0,5000000.0
Guns of Glory,GAME,4.0,120592.0,10000000.0
Lineage 2: Revolution,GAME,4.2,187972.0,5000000.0
Final Fantasy XV: A New Empire,GAME,4.0,484981.0,10000000.0
Girls' Frontline,GAME,4.2,2055.0,100000.0
Chapters: Interactive Stories,GAME,4.5,73539.0,1000000.0
Honkai Impact 3rd,GAME,4.7,59017.0,1000000.0
Master of Eternity(MOE),GAME,4.2,5829.0,100000.0
The Game of Life,GAME,4.4,18621.0,100000.0
Clue,GAME,4.6,19922.0,100000.0
The Room: Old Sins,GAME,4.9,21119.0,100000.0
The Escapists,GAME,4.4,7412.0,100000.0
Farming Simulator 18,GAME,4.5,18125.0,100000.0
RollerCoaster Tycoon® Classic,GAME,4.6,10795.0,100000.0
Call of Duty:Black Ops Zombies,GAME,4.2,13004.0,100000.0
Star Wars ™: DIRTY,GAME,4.5,38207.0,100000.0
Monument Valley 2,GAME,4.6,9394.0,100000.0
DRAGON BALL LEGENDS,GAME,4.6,337913.0,5000000.0
ROBLOX,GAME,4.5,4449882.0,100000000.0
Candy Crush Saga,GAME,4.4,22429716.0,500000000.0
Angry Birds 2,GAME,4.6,3883589.0,100000000.0
8 Ball Pool,GAME,4.5,14200550.0,100000000.0
Fallout Shelter,GAME,4.6,2719142.0,10000000.0
Harry Potter: Hogwarts Mystery,GAME,4.4,1107197.0,10000000.0
PUBG MOBILE,GAME,4.4,3716278.0,50000000.0
The Sims™ FreePlay,GAME,4.3,931595.0,10000000.0
MARVEL Strike Force,GAME,4.3,165928.0,5000000.0
Best Fiends - Free Puzzle Game,GAME,4.6,1480189.0,10000000.0
MARVEL Contest of Champions,GAME,4.3,2468063.0,50000000.0
Jurassic World™ Alive,GAME,4.3,309176.0,5000000.0
Choices: Stories You Play,GAME,4.6,807338.0,10000000.0
Solitaire TriPeaks,GAME,4.5,446434.0,10000000.0
Merge Dragons!,GAME,4.5,214819.0,5000000.0
The Walking Dead: Road to Survival,GAME,4.2,522466.0,10000000.0
Hustle Castle: Fantasy Kingdom,GAME,4.7,584126.0,10000000.0
Might & Magic: Elemental Guardians,GAME,4.3,32551.0,500000.0
Game of Thrones: Conquest™,GAME,4.0,90218.0,1000000.0
Love Nikki-Dress UP Queen,GAME,4.4,212524.0,5000000.0
Summoners War,GAME,4.3,2045554.0,50000000.0
FINAL FANTASY BRAVE EXVIUS,GAME,4.6,745684.0,5000000.0
Idle Heroes,GAME,4.7,416540.0,10000000.0
Fate/Grand Order (English),GAME,4.4,16601.0,500000.0
Lords Mobile: Battle of the Empires - Strategy RPG,GAME,4.4,3057481.0,50000000.0
War and Order,GAME,4.3,224514.0,5000000.0
Dungeon Hunter Champions: Epic Online Action RPG,GAME,4.2,26247.0,1000000.0
Candy Crush Saga,GAME,4.4,22430188.0,500000000.0
ROBLOX,GAME,4.5,4449910.0,100000000.0
8 Ball Pool,GAME,4.5,14201891.0,100000000.0
Subway Surfers,GAME,4.5,27725352.0,1000000000.0
Candy Crush Soda Saga,GAME,4.4,6199095.0,100000000.0
Zombie Hunter King,GAME,4.3,10493.0,1000000.0
Bubble Shooter,GAME,4.5,148945.0,10000000.0
Toon Blast,GAME,4.7,1351771.0,10000000.0
Toy Blast,GAME,4.7,1889582.0,50000000.0
Clash Royale,GAME,4.6,23136735.0,100000000.0
Clash of Clans,GAME,4.6,44893888.0,100000000.0
Farm Heroes Saga,GAME,4.4,7614415.0,100000000.0
Plants vs. Zombies FREE,GAME,4.4,4067651.0,100000000.0
Word Search,GAME,4.7,295576.0,10000000.0
Block Puzzle,GAME,4.6,59907.0,5000000.0
Super Jim Jump - pixel 3d,GAME,4.5,10460.0,1000000.0
Pou,GAME,4.3,10486018.0,500000000.0
Temple Run 2,GAME,4.3,8119151.0,500000000.0
Flow Free,GAME,4.3,1295625.0,100000000.0
Homescapes,GAME,4.6,3093932.0,10000000.0
Wordscapes,GAME,4.8,230849.0,10000000.0
My Talking Angela,GAME,4.5,9883367.0,100000000.0
slither.io,GAME,4.4,5235294.0,100000000.0
Cooking Fever,GAME,4.5,3198176.0,100000000.0
Yes day,GAME,4.5,10055521.0,100000000.0
Gardenscapes,GAME,4.6,4129665.0,50000000.0
Fishdom,GAME,4.6,2158580.0,10000000.0
Galaxy Attack: Alien Shooter,GAME,4.6,506593.0,10000000.0
Score! Hero,GAME,4.6,5419676.0,100000000.0
Zombie Catchers,GAME,4.7,990723.0,10000000.0
Magic Tiles 3,GAME,4.5,592504.0,50000000.0
Jewels Star: OZ adventure,GAME,4.5,21892.0,1000000.0
Granny,GAME,4.5,1138239.0,50000000.0
Dream League Soccer 2018,GAME,4.6,9883806.0,100000000.0
Sweet Fruit Candy,GAME,4.5,197540.0,10000000.0
Fruits Bomb,GAME,4.4,74695.0,10000000.0
Angry Birds Classic,GAME,4.4,5566889.0,100000000.0
Talking Tom Gold Run,GAME,4.6,2698882.0,100000000.0
Bowmasters,GAME,4.7,1535973.0,50000000.0
My Talking Tom,GAME,4.5,14892469.0,500000000.0
Hill Climb Racing,GAME,4.4,8923818.0,100000000.0
Sniper 3D Gun Shooter: Free Shooting Games - FPS,GAME,4.6,7674252.0,100000000.0
Pixel Art: Color by Number Game,GAME,4.7,1125438.0,10000000.0
Shoot Bubble - Fruit Splash,GAME,4.6,29445.0,5000000.0
Rider,GAME,4.5,655145.0,10000000.0
Zombie Tsunami,GAME,4.4,4921451.0,100000000.0
Garena Free Fire,GAME,4.5,5476569.0,100000000.0
Doodle Jump,GAME,4.3,1083571.0,50000000.0
Helix Jump,GAME,4.2,1500999.0,100000000.0
Crossy Road,GAME,4.5,4230886.0,100000000.0
Temple Run 2,GAME,4.3,8119154.0,500000000.0
Talking Tom Gold Run,GAME,4.6,2698889.0,100000000.0
Zombie Catchers,GAME,4.7,990663.0,10000000.0
Swamp Attack,GAME,4.4,2119218.0,50000000.0
Earn to Die 2,GAME,4.6,1327265.0,50000000.0
Miraculous Ladybug & Cat Noir - The Official Game,GAME,4.5,184210.0,10000000.0
Kick the Buddy,GAME,4.3,1003269.0,50000000.0
Hungry Shark World,GAME,4.5,1242855.0,50000000.0
Dude Perfect 2,GAME,4.5,401425.0,10000000.0
Shadow Fight 2,GAME,4.6,10979062.0,100000000.0
Alto's Adventure,GAME,4.6,515657.0,10000000.0
DEER HUNTER 2018,GAME,4.3,955656.0,10000000.0
DEAD TARGET: FPS Zombie Apocalypse Survival Games,GAME,4.5,1468591.0,50000000.0
Cover Fire: offline shooting games for free,GAME,4.7,725897.0,10000000.0
Anger of stick 5 : zombie,GAME,4.5,549039.0,50000000.0
CATS: Crash Arena Turbo Stars,GAME,4.7,1559650.0,50000000.0
Soul Knight,GAME,4.7,292164.0,10000000.0
Major Mayhem,GAME,4.6,520962.0,10000000.0
DINO HUNTER: DEADLY SHORES,GAME,4.4,1381820.0,10000000.0
Strawberry Shortcake BerryRush,GAME,4.3,525517.0,10000000.0
Extreme Match,GAME,4.5,696.0,100000.0
Power Rangers Dino Charge,GAME,4.3,194969.0,10000000.0
Zombie Hunter: Post Apocalypse Survival Games,GAME,4.4,327599.0,10000000.0
Agar.io,GAME,4.2,3816799.0,100000000.0
Zombie Hunter King,GAME,4.3,10538.0,1000000.0
Battlelands Royale,GAME,4.4,105620.0,1000000.0
Once Upon a Tower,GAME,4.7,37139.0,1000000.0
TEKKEN™,GAME,4.2,147791.0,5000000.0
diep.io,GAME,4.1,347883.0,10000000.0
Arrow.io,GAME,4.5,343263.0,10000000.0
BEYBLADE BURST app,GAME,4.5,216849.0,10000000.0
Dragon Hills,GAME,4.5,354373.0,10000000.0
Bus Rush: Subway Edition,GAME,4.1,753043.0,100000000.0
DC Super Hero Girls™,GAME,4.3,43055.0,5000000.0
Tiny Archers,GAME,4.5,80678.0,5000000.0
Metal Soldiers 2,GAME,4.4,153381.0,10000000.0
Runner 3d like,GAME,4.5,559.0,100000.0
War Robots,GAME,4.6,3073251.0,50000000.0
Dinosaur Simulator: Dino World,GAME,4.0,26649.0,5000000.0
GUNSHIP BATTLE: Helicopter 3D,GAME,4.3,2151039.0,50000000.0
Quiz: Logo game,GAME,4.5,306764.0,10000000.0
Helix Jump,GAME,4.2,1500622.0,100000000.0
8 Ball Pool,GAME,4.5,14201604.0,100000000.0
Jewels Legend - Match 3 Puzzle,GAME,4.6,280098.0,10000000.0
Bubble Shooter,GAME,4.5,148990.0,10000000.0
Solitaire,GAME,4.7,154264.0,10000000.0
Bubble Shooter Genies,GAME,4.5,26985.0,5000000.0
Blossom Blast Saga,GAME,4.5,1125438.0,10000000.0
Traffic Racer,GAME,4.5,5387781.0,100000000.0
Hill Climb Racing,GAME,4.4,8923847.0,100000000.0
Earn to Die 2,GAME,4.6,1327269.0,50000000.0
Bubble Shooter 2,GAME,4.3,23043.0,5000000.0
Candy Bomb,GAME,4.4,42145.0,10000000.0
Zombie Catchers,GAME,4.7,990796.0,10000000.0
Gems or jewels ?,GAME,4.7,171448.0,10000000.0
Angry Birds Rio,GAME,4.4,2610680.0,100000000.0
Candy Crush Jelly Saga,GAME,4.3,1300619.0,50000000.0
Cut the Rope FULL FREE,GAME,4.4,2123793.0,100000000.0
Hungry Shark Evolution,GAME,4.5,6074627.0,100000000.0
Power Pop Bubbles,GAME,4.4,104303.0,10000000.0
Angry Birds Classic,GAME,4.4,5566908.0,100000000.0
Best Fiends - Free Puzzle Game,GAME,4.6,1480182.0,10000000.0
Hill Climb Racing 2,GAME,4.6,2750645.0,100000000.0
Jewels classic Prince,GAME,4.4,47644.0,5000000.0
Fruit Block - Puzzle Legend,GAME,4.6,125647.0,10000000.0
Bubble Shooter Space,GAME,4.2,4355.0,1000000.0
Swamp Attack,GAME,4.4,2119235.0,50000000.0
1LINE – One Line with One Touch,GAME,4.6,214878.0,10000000.0
Stick War: Legacy,GAME,4.6,811040.0,10000000.0
Bowmasters,GAME,4.7,1536349.0,50000000.0
Block Puzzle Classic Legend !,GAME,4.2,17044.0,5000000.0
Marble Woka Woka 2018 - Bubble Shooter Match 3,GAME,4.6,155186.0,10000000.0
Pixel Art: Color by Number Game,GAME,4.7,1125566.0,10000000.0
Super Jabber Jump 3,GAME,4.3,34494.0,5000000.0
Rush,GAME,4.6,260651.0,10000000.0
Jetpack Joyride,GAME,4.4,4638163.0,100000000.0
Zombie Tsunami,GAME,4.4,4921409.0,100000000.0
DEAD TARGET: FPS Zombie Apocalypse Survival Games,GAME,4.5,1468638.0,50000000.0
Word Search,GAME,4.2,344585.0,50000000.0
Farm Heroes Saga,GAME,4.4,7614407.0,100000000.0
Racing in Car 2,GAME,4.3,234110.0,50000000.0
Dog Run - Pet Dog Simulator,GAME,4.7,48615.0,10000000.0
YouTube Kids,FAMILY,4.5,470694.0,50000000.0
Candy Bomb,FAMILY,4.4,42145.0,10000000.0
ROBLOX,FAMILY,4.5,4449910.0,100000000.0
Jewels Crush- Match 3 Puzzle,FAMILY,4.4,14774.0,1000000.0
Coloring & Learn,FAMILY,4.4,12753.0,5000000.0
Mahjong,FAMILY,4.5,33983.0,5000000.0
Super ABC! Learning games for kids! Preschool apps,FAMILY,4.6,20267.0,1000000.0
Toy Pop Cubes,FAMILY,4.5,5761.0,1000000.0
Educational Games 4 Kids,FAMILY,4.3,11618.0,5000000.0
Candy Pop Story,FAMILY,4.7,12948.0,1000000.0
Solitaire,FAMILY,4.4,685.0,100000.0
Princess Coloring Book,FAMILY,4.5,9779.0,5000000.0
Hello Kitty Nail Salon,FAMILY,4.2,369378.0,50000000.0
Candy Smash,FAMILY,4.5,11436.0,1000000.0
Happy Fruits Bomb - Cube Blast,FAMILY,4.5,2150.0,500000.0
Dog Run - Pet Dog Simulator,FAMILY,4.7,48615.0,10000000.0
Princess Adventures Puzzles,FAMILY,4.4,382.0,500000.0
Kids Educational Game 3 Free,FAMILY,4.3,24936.0,5000000.0
Puzzle Kids - Animals Shapes and Jigsaw Puzzles,FAMILY,4.6,1109.0,1000000.0
Coloring book moana,FAMILY,3.9,974.0,500000.0
Baby Panda Care,FAMILY,4.2,108795.0,10000000.0
Kids Educational :All in One,FAMILY,4.5,1455.0,500000.0
Number Counting games for toddler preschool kids,FAMILY,4.3,1024.0,1000000.0
Toca Kitchen 2,FAMILY,4.5,1014822.0,50000000.0
PJ Masks: Moonlight Heroes,FAMILY,4.4,86961.0,10000000.0
Learn To Draw Glow Flower,FAMILY,4.4,7320.0,1000000.0
"No. Color - Color by Number, Number Coloring",FAMILY,4.8,269194.0,10000000.0
Bubble Shooter,FAMILY,4.4,59843.0,5000000.0
Draw.ly - Color by Number Pixel Art Coloring,FAMILY,4.4,18616.0,1000000.0
Baby puzzles,FAMILY,4.3,11950.0,5000000.0
Garden Fruit Legend,FAMILY,4.6,4289.0,500000.0
Barbie™ Fashion Closet,FAMILY,4.1,68286.0,10000000.0
Candy Day,FAMILY,4.5,11716.0,1000000.0
Learn To Draw Glow Princess,FAMILY,4.5,3323.0,1000000.0
ABC Kids - Tracing & Phonics,FAMILY,4.5,36606.0,10000000.0
Barbie Magical Fashion,FAMILY,4.0,328619.0,10000000.0
Minion Rush: Despicable Me Official Game,FAMILY,4.5,10216997.0,100000000.0
Piano Kids - Music & Songs,FAMILY,4.6,46741.0,10000000.0
Farming Simulator 14,FAMILY,4.5,530854.0,10000000.0
Educational Games for Kids,FAMILY,4.5,7050.0,1000000.0
No.Draw - Colors by Number 2018,FAMILY,4.5,235906.0,10000000.0
Fruit Boom,FAMILY,4.4,17753.0,1000000.0
Duolingo: Learn Languages Free,FAMILY,4.7,6294400.0,100000000.0
Hot Wheels: Race Off,FAMILY,4.5,520609.0,10000000.0
Baby Tiger Care - My Cute Virtual Pet Friend,FAMILY,4.5,432.0,100000.0
Strawberry Shortcake Ice Cream Island,FAMILY,4.2,32029.0,5000000.0
Rhythm Patrol,FAMILY,4.3,4207.0,100000.0
Kiddopia - Preschool Learning Games,FAMILY,4.5,64.0,10000.0
Toca Mystery House,FAMILY,4.2,96.0,5000.0
DisneyNOW – TV Shows & Games,FAMILY,4.3,82471.0,5000000.0
Papumba Academy - Fun Learning For Kids,FAMILY,4.4,496.0,100000.0
Drawing for Kids Learning Games for Toddlers age 3,FAMILY,4.6,29436.0,1000000.0
Baby Panda’s Juice Shop,FAMILY,4.5,19230.0,5000000.0
Dr. Panda Restaurant 3,FAMILY,4.2,11126.0,1000000.0
LEGO® Friends: Heartlake Rush,FAMILY,4.5,23671.0,1000000.0
Baby ABC in box! Kids alphabet games for toddlers!,FAMILY,4.6,9652.0,1000000.0
Henry Danger Crime Warp,FAMILY,4.6,9626.0,1000000.0
Thomas & Friends: Race On!,FAMILY,4.1,29319.0,5000000.0
Super School: Educational Kids Games & Rhymes,FAMILY,4.5,1791.0,500000.0
Fruit Cube Blast,FAMILY,4.6,9199.0,500000.0
Toddler Kids Puzzles PUZZINGO,FAMILY,4.6,14014.0,1000000.0
Happy Street,FAMILY,4.5,110877.0,1000000.0
Intellijoy Early Learning Academy,FAMILY,4.3,160.0,50000.0
Dr. Panda Town: Vacation,FAMILY,3.8,10366.0,1000000.0
Leo and Tig,FAMILY,4.5,47644.0,1000000.0
School of Dragons,FAMILY,4.1,530792.0,10000000.0
Fuzzy Seasons: Animal Forest,FAMILY,4.8,12137.0,100000.0
Montessori Preschool,FAMILY,3.9,237.0,100000.0
Kids Corner: Interactive Tales and Games for kids,FAMILY,4.5,6404.0,500000.0
Cutie Cubies,FAMILY,4.4,6356.0,500000.0
My Little Princess : Stores,FAMILY,4.3,169.0,5000.0
Sago Mini Big City,FAMILY,4.2,8.0,1000.0
Pinkalicious Party,FAMILY,3.0,2.0,500.0
ROBLOX,FAMILY,4.5,4450855.0,100000000.0
Dog Run - Pet Dog Simulator,FAMILY,4.7,48701.0,10000000.0
Moana Island Life,FAMILY,4.1,15246.0,1000000.0
Hot Wheels: Race Off,FAMILY,4.5,520654.0,10000000.0
Basketball FRVR - Shoot the Hoop and Slam Dunk!,FAMILY,4.5,4076.0,100000.0
Farming Simulator 14,FAMILY,4.5,530904.0,10000000.0
My Oasis - Calming and Relaxing Idle Clicker Game,FAMILY,4.6,106750.0,1000000.0
My Little Pony Rainbow Runners,FAMILY,4.3,33785.0,5000000.0
Extreme Racing 2 - Real driving RC cars game!,FAMILY,4.3,4207.0,500000.0
Cars: Lightning League,FAMILY,4.5,58795.0,10000000.0
Little Panda Run,FAMILY,4.2,3235.0,1000000.0
Snoopy's Town Tale - City Building Simulator,FAMILY,4.2,47031.0,1000000.0
Car Racing game for Kids - Beepzz Dogs 🐕,FAMILY,4.4,131.0,100000.0
Pony Friends 🦄 - Beepzz racing game for kids,FAMILY,4.5,114.0,50000.0
LEGO® Juniors Create & Cruise,FAMILY,4.1,673203.0,50000000.0
Xtreme Racing 2018 - Jeep & 4x4 off road simulator,FAMILY,4.2,2178.0,500000.0
Thomas & Friends: Go Go Thomas,FAMILY,4.1,175625.0,10000000.0
Ninja Dash - Ronin Jump RPG,FAMILY,4.7,8508.0,500000.0
Paw Patrol by ShuffleCards,FAMILY,4.3,3484.0,1000000.0
Plants vs. Zombies™ Heroes,FAMILY,4.4,379415.0,10000000.0
Transformers Rescue Bots: Disaster Dash,FAMILY,4.4,19245.0,1000000.0
Mcqueen Coloring pages,FAMILY,4.193338315362443,65.0,100000.0
PAC-MAN Pop,FAMILY,4.3,24877.0,5000000.0
Monster Truck Driver & Racing,FAMILY,4.4,765.0,1000000.0
L.O.L. Surprise Ball Pop,FAMILY,4.3,10088.0,1000000.0
Strawberry Shortcake BerryRush,FAMILY,4.3,525552.0,10000000.0
Little Fire Station,FAMILY,4.2,3762.0,1000000.0
Ice Cream Jump,FAMILY,4.2,141363.0,10000000.0
Disney Magic Kingdoms: Build Your Own Magical Park,FAMILY,4.3,472584.0,10000000.0
Turbo FAST,FAMILY,4.3,1329192.0,50000000.0
My Little Pony: Harmony Quest,FAMILY,4.1,148295.0,10000000.0
Transformers Rescue Bots: Hero Adventures,FAMILY,4.2,41273.0,5000000.0
Robots Vs Zombies: Transform To Race And Fight,FAMILY,4.5,278.0,100000.0
Equestria Girls,FAMILY,4.3,392596.0,10000000.0
DC Super Hero Girls™,FAMILY,4.3,43060.0,5000000.0
Disney Crossy Road,FAMILY,4.5,514088.0,10000000.0
Touch Racing 2 - Mini RC Race,FAMILY,4.1,41867.0,1000000.0
Toca Kitchen 2,FAMILY,4.5,1014846.0,50000000.0
Doctor Pets,FAMILY,4.2,23060.0,1000000.0
Supermarket – Game for Kids,FAMILY,4.4,112080.0,10000000.0
Supermarket Manager: Cashier Simulator Kids Games,FAMILY,4.0,15489.0,1000000.0
Kids Animals Jigsaw Puzzles 😄,FAMILY,4.1,51895.0,10000000.0
Inside Out Thought Bubbles,FAMILY,4.4,623398.0,10000000.0
Monster High™,FAMILY,4.1,66661.0,5000000.0
Cute Pet Puppies,FAMILY,4.0,10447.0,1000000.0
Frozen Free Fall,FAMILY,4.3,1574197.0,50000000.0
Monster High™ Minis Mania,FAMILY,4.6,19170.0,1000000.0
Shopkins World!,FAMILY,4.3,169609.0,10000000.0
Monica Toy TV,FAMILY,4.7,6188.0,500000.0
Toy Guitar with songs for kids,FAMILY,4.3,1369.0,500000.0
Endless Numbers,FAMILY,4.4,2952.0,500000.0
Toddler Learning Games - Little Kids Games,FAMILY,4.2,731.0,100000.0
Sworkit Kids - Fitness Meets Fun,FAMILY,4.7,9856.0,100000.0
Earth to Luna! Watch and Play,FAMILY,3.9,10753.0,1000000.0
Nancy Drew Codes and Clues,FAMILY,4.1,154.0,10000.0
Masha and the Bear Child Games,FAMILY,4.1,288523.0,10000000.0
codeSpark Academy & The Foos,FAMILY,4.1,4522.0,500000.0
Toca Builders,FAMILY,4.2,3328.0,100000.0
Toca Life: City,FAMILY,4.7,31100.0,500000.0
LEGO® Friends,FAMILY,4.4,854.0,10000.0
My Little Work – Garage,FAMILY,4.3,560.0,10000.0
"Alizay, pirate girl",FAMILY,4.5,197.0,1000.0
Word Search Games in english,FAMILY,4.3,63186.0,10000000.0
Chess Free,FAMILY,4.3,23772.0,5000000.0
Tic Tac Toe,FAMILY,4.1,6007.0,1000000.0
Dominos Game ✔️,FAMILY,4.1,2903.0,1000000.0
Checkers ✔️,FAMILY,4.1,3617.0,1000000.0
Crazy Colors: Bubbles Matching,FAMILY,4.6,3063.0,100000.0
Chess for Kids - Play & Learn,FAMILY,4.1,3234.0,100000.0
Block Puzzle : Night in Egypt,FAMILY,4.4,276.0,50000.0
Mosaic puzzles,FAMILY,4.4,1595.0,500000.0
Chess School for Beginners,FAMILY,4.3,879.0,100000.0
RISK: Global Domination,FAMILY,4.0,68559.0,5000000.0
Pino chess,FAMILY,4.8,61.0,1000.0
Chess PRO Free,FAMILY,3.8,1123.0,100000.0
Children Educational Game Full,FAMILY,4.7,30.0,1000.0
All-in-One Mahjong 3 FREE,FAMILY,4.5,566.0,50000.0
Hactar Go,FAMILY,4.8,97.0,1000.0
All-in-One Mahjong 3,FAMILY,4.4,38.0,100.0
World Racers family board game,FAMILY,4.8,4.0,100.0
SweetLand — Family Board Game,FAMILY,4.2,38.0,1000.0
Steam: Rails to Riches,FAMILY,4.2,214.0,5000.0
Whoowasit? - Best kids game!,FAMILY,4.0,248.0,5000.0
Lanterns: The Harvest Festival,FAMILY,4.7,185.0,1000.0
Tsuro - The Game of the Path,FAMILY,4.7,2195.0,10000.0
THE aMAZEing Labyrinth,FAMILY,3.9,1615.0,10000.0
Chess and Mate,FAMILY,4.5,359.0,5000.0
Kids Balloon Pop Game Free 🎈,FAMILY,4.1,38021.0,10000000.0
Sounds for Toddlers FREE,FAMILY,4.4,6190.0,1000000.0
Elmo Calls by Sesame Street,FAMILY,3.9,6903.0,1000000.0
Sago Mini Friends,FAMILY,4.4,13155.0,1000000.0
Tee and Mo Bath Time Free,FAMILY,3.6,418.0,100000.0
Bita and the Animals - Pelos Ares,FAMILY,4.4,1160.0,100000.0
TO-FU Oh!SUSHI,FAMILY,4.1,59917.0,5000000.0
DreamWorks Friends,FAMILY,3.6,1042.0,100000.0
Avokiddo Emotions,FAMILY,4.6,73.0,1000.0
Nighty Night Circus,FAMILY,4.3,382.0,10000.0
Sago Mini Babies,FAMILY,4.5,253.0,10000.0
Dr. Panda & Toto's Treehouse,FAMILY,4.4,3396.0,50000.0
ROBLOX,FAMILY,4.5,4450890.0,100000000.0
PlayKids - Educational cartoons and games for kids,FAMILY,4.1,182173.0,10000000.0
YouTube Kids,FAMILY,4.5,470713.0,50000000.0
Fun Kid Racing - Motocross,FAMILY,4.1,59729.0,10000000.0
Barbie Life™,FAMILY,3.9,133117.0,5000000.0
Palace Pets in Whisker Haven,FAMILY,4.1,47213.0,5000000.0
Sweet Baby Girl - Dream House and Play Time,FAMILY,3.9,95537.0,10000000.0
Monster High™,FAMILY,4.1,66660.0,5000000.0
Hello Kitty Lunchbox,FAMILY,4.2,51838.0,5000000.0
Duolingo: Learn Languages Free,FAMILY,4.7,6294397.0,100000000.0
Sweet Baby Girl Newborn Baby,FAMILY,3.8,36028.0,5000000.0
COOKING MAMA Let's Cook!,FAMILY,4.3,528745.0,10000000.0
Ever After High™ Charmed Style,FAMILY,3.9,44062.0,1000000.0
Fun Kid Racing,FAMILY,4.0,79667.0,10000000.0
Learn to Read with Tommy Turtle,FAMILY,4.0,20763.0,5000000.0
Frozen Free Fall,FAMILY,4.3,1574204.0,50000000.0
Nick,FAMILY,4.2,123322.0,10000000.0
Mad Libs,FAMILY,4.0,8126.0,1000000.0
ABCmouse.com,FAMILY,4.3,50887.0,5000000.0
My Little Pony Celebration,FAMILY,4.3,63160.0,1000000.0
Thomas & Friends: Delivery,FAMILY,4.2,28737.0,1000000.0
Nasty Goats,FAMILY,4.3,45579.0,1000000.0
Starfall Free & Member,FAMILY,4.2,19720.0,1000000.0
Animal Jam - Play Wild!,FAMILY,4.6,361970.0,5000000.0
Video Editor,FAMILY,4.1,159619.0,5000000.0
Real Racing 3,FAMILY,4.5,354384.0,10000000.0
Peak – Brain Games & Training,FAMILY,4.4,272321.0,10000000.0
Minecraft,FAMILY,4.5,2376564.0,10000000.0
Card Wars - Adventure Time,FAMILY,4.3,129603.0,1000000.0
Monash Uni Low FODMAP Diet,MEDICAL,4.2,1135.0,100000.0
iBP Blood Pressure,MEDICAL,4.4,578.0,10000.0
Pedi STAT,MEDICAL,4.6,129.0,10000.0
ASCCP Mobile,MEDICAL,4.5,63.0,10000.0
Journal Club: Medicine,MEDICAL,4.8,216.0,10000.0
Paramedic Protocol Provider,MEDICAL,4.5,171.0,10000.0
MommyMeds,MEDICAL,3.2,45.0,5000.0
Medical ID - In Case of Emergency (ICE),MEDICAL,4.6,717.0,5000.0
Human Anatomy Atlas 2018: Complete 3D Human Body,MEDICAL,4.5,2921.0,100000.0
Essential Anatomy 3,MEDICAL,4.1,1533.0,50000.0
Vargo Anesthesia Mega App,MEDICAL,4.6,92.0,1000.0
EMT Review Plus,MEDICAL,4.5,199.0,10000.0
Muscle Trigger Point Anatomy,MEDICAL,4.4,1361.0,50000.0
2017 EMRA Antibiotic Guide,MEDICAL,4.4,12.0,1000.0
ASRA Coags,MEDICAL,4.4,15.0,1000.0
IBM Micromedex Drug Info,MEDICAL,3.8,206.0,10000.0
Diabetes & Diet Tracker,MEDICAL,4.6,395.0,1000.0
VeinSeek,MEDICAL,2.5,79.0,1000.0
Block Buddy,MEDICAL,4.0,15.0,1000.0
Super Hearing Secret Voices Recorder PRO,MEDICAL,5.0,3.0,100.0
EMT Study - NREMT Test Prep,MEDICAL,4.3,35.0,5000.0
Calcium Pro,MEDICAL,3.4,77.0,5000.0
Arrhythmias and Dysrhythmias,MEDICAL,4.193338315362443,3.0,500.0
EMT PASS,MEDICAL,3.4,51.0,1000.0
Pocket Lab Values,MEDICAL,4.3,214.0,10000.0
Medical terms (OFFLINE),MEDICAL,4.4,104.0,1000.0
"Cardiac diagnosis (heart rate, arrhythmia)",MEDICAL,4.4,8.0,100.0
ERres- Emergency Medicine,MEDICAL,4.2,45.0,1000.0
FHR 5-Tier 2.0,MEDICAL,5.0,2.0,500.0
AnatomyMapp,MEDICAL,4.1,80.0,5000.0
OptoDrum,MEDICAL,3.9,10.0,1000.0
"Migraine, Headache Diary HeadApp Pro",MEDICAL,4.6,156.0,500.0
Blood Pressure Companion,MEDICAL,4.2,178.0,1000.0
Visual Anatomy 2,MEDICAL,4.4,576.0,5000.0
"Muscle Premium - Human Anatomy, Kinesiology, Bones",MEDICAL,4.2,168.0,10000.0
CCHT PREP,MEDICAL,3.6,25.0,1000.0
Paramedic Meds,MEDICAL,4.5,163.0,10000.0
Advanced Comprehension Therapy,MEDICAL,4.193338315362443,3.0,100.0
OmniMedix Medical Calculator,MEDICAL,4.7,25.0,1000.0
Breathing Zone,MEDICAL,4.6,319.0,5000.0
Lab Values + Medical Reference,MEDICAL,4.5,133.0,10000.0
Recognise Foot,MEDICAL,4.2,9.0,1000.0
Anti Mosquito simulation,MEDICAL,4.2,74.0,1000.0
Pain Tracker & Diary,MEDICAL,4.3,3.0,100.0
Menstrual Calendar Premium,MEDICAL,4.4,4207.0,50000.0
Whist - Tinnitus Relief,MEDICAL,4.1,12.0,1000.0
Critical Care Paramedic Review,MEDICAL,4.4,17.0,1000.0
With Helper Pro Pill Reminder,MEDICAL,4.6,358.0,5000.0
Manage My Pain Pro,MEDICAL,4.4,726.0,5000.0
"End Anxiety Pro - Stress, Panic Attack Help",MEDICAL,4.2,33.0,1000.0
Acupuncture Assistant,MEDICAL,4.5,492.0,10000.0
Number Therapy,MEDICAL,4.193338315362443,0.0,50.0
InfantRisk Center HCP,MEDICAL,2.6,41.0,1000.0
EMT Tutor NREMT-B Study Guide,MEDICAL,4.6,625.0,10000.0
Hospitalist Handbook,MEDICAL,4.8,12.0,1000.0
PTA Content Master,MEDICAL,4.2,64.0,1000.0
Navi Radiography Pro,MEDICAL,4.7,11.0,500.0
Nursing Care Plan NANDA Tables,MEDICAL,3.0,4.0,500.0
A Manual of Acupuncture,MEDICAL,3.5,214.0,1000.0
palmPEDi: Pediatric Tape,MEDICAL,4.6,66.0,5000.0
GoodRx Drug Prices and Coupons,MEDICAL,4.8,59158.0,1000000.0
MyChart,MEDICAL,4.2,19473.0,1000000.0
FollowMyHealth®,MEDICAL,4.6,73118.0,1000000.0
CareZone,MEDICAL,4.4,27524.0,1000000.0
Ovia Pregnancy Tracker & Baby Countdown Calendar,MEDICAL,4.8,102858.0,1000000.0
Teladoc Member,MEDICAL,4.0,2094.0,500000.0
myAir™ for Air10™ by ResMed,MEDICAL,3.7,236.0,50000.0
Blood Pressure,MEDICAL,4.2,33033.0,5000000.0
Pregnancy Week By Week,MEDICAL,4.8,78825.0,1000000.0
Doctor On Demand,MEDICAL,4.7,18674.0,1000000.0
BioLife Plasma Services,MEDICAL,3.5,250.0,100000.0
OneTouch Reveal,MEDICAL,3.9,6266.0,500000.0
To,MEDICAL,4.2,22.0,10000.0
Ovia Fertility Tracker & Ovulation Calculator,MEDICAL,4.8,53743.0,1000000.0
Anthem Anywhere,MEDICAL,2.7,2657.0,500000.0
Blood Donor,MEDICAL,4.2,4476.0,500000.0
My Calendar - Period Tracker,MEDICAL,4.7,156410.0,5000000.0
Youper - AI Therapy,MEDICAL,4.6,2006.0,50000.0
Zocdoc: Find Doctors & Book Appointments,MEDICAL,4.5,6099.0,500000.0
1800 Contacts - Lens Store,MEDICAL,4.7,23160.0,1000000.0
Blood Pressure Log - MyDiary,MEDICAL,4.7,8348.0,500000.0
PulsePoint Respond,MEDICAL,4.5,7837.0,100000.0
Ovia Parenting & Baby Development Tracker,MEDICAL,4.7,6185.0,100000.0
MyQuest for Patients,MEDICAL,4.0,3803.0,100000.0
OptumRx,MEDICAL,3.4,1838.0,100000.0
CVS Caremark,MEDICAL,3.5,3707.0,500000.0
fred's Pharmacy,MEDICAL,3.0,315.0,100000.0
Ada - Your Health Guide,MEDICAL,4.7,87418.0,1000000.0
mySugr: the blood sugar tracker made just for you,MEDICAL,4.6,21189.0,1000000.0
ClearCareGo Caregiver,MEDICAL,4.2,1746.0,50000.0
Pregnancy Calculator and Tracker app,MEDICAL,4.8,69126.0,1000000.0
All Mental disorders,MEDICAL,4.5,453.0,100000.0
DreamMapper,MEDICAL,4.2,10710.0,100000.0
ScriptSave WellRx Rx Discounts,MEDICAL,3.8,700.0,100000.0
Delta Dental,MEDICAL,3.0,914.0,100000.0
Drugs.com Medication Guide,MEDICAL,4.4,15875.0,1000000.0
MoodSpace,MEDICAL,4.5,503.0,50000.0
Pill Identifier and Drug list,MEDICAL,4.0,488.0,100000.0
HealtheLife,MEDICAL,3.6,190.0,100000.0
SonicCloud: Hearing App,MEDICAL,4.4,15.0,1000.0
Migraine Buddy - The Migraine and Headache tracker,MEDICAL,4.7,26862.0,500000.0
Period Tracker,MEDICAL,4.9,100082.0,1000000.0
LabCorp | Patient,MEDICAL,3.6,27.0,10000.0
Anatomy Learning - 3D Atlas,MEDICAL,4.5,72167.0,1000000.0
Super Hearing Super Ear Amplifier,MEDICAL,4.1,21.0,1000.0
Moodpath - Depression & Anxiety Test,MEDICAL,4.6,6035.0,100000.0
Teach Me Anatomy,MEDICAL,4.7,9945.0,500000.0
Baritastic - Bariatric Tracker,MEDICAL,4.7,4318.0,100000.0
Brilliant Distinctions®,MEDICAL,2.8,78.0,50000.0
Mayo Clinic,MEDICAL,4.3,2218.0,500000.0
98point6,MEDICAL,4.6,47.0,10000.0
Epocrates Plus,MEDICAL,4.3,23889.0,1000000.0
MDLIVE: Talk to a Doctor 24/7,MEDICAL,3.4,650.0,100000.0
Free Blood Pressure,MEDICAL,4.193338315362443,7.0,5000.0
Super Ear,MEDICAL,4.0,3498.0,100000.0
VitusVet: Pet Health Care App,MEDICAL,4.8,3052.0,100000.0
Banfield Pet Health Tracker,MEDICAL,4.2,1747.0,100000.0
Dexcom G6,MEDICAL,3.0,45.0,5000.0
Nurse Grid,MEDICAL,4.5,1686.0,100000.0
Castlight Mobile,MEDICAL,3.7,529.0,100000.0
Sanford Guide:Antimicrobial Rx,MEDICAL,4.5,1388.0,100000.0
Davis's Drug Guide for Nurses,MEDICAL,4.5,572.0,50000.0
live Point,MEDICAL,3.6,54.0,5000.0
Tarascon Pharmacopoeia,MEDICAL,4.4,275.0,10000.0
Official NBSTSA CST Exam Prep,MEDICAL,4.4,2159.0,10000.0
EMT-B Pocket Prep,MEDICAL,4.5,2951.0,50000.0
5-Minute Clinical Consult,MEDICAL,4.1,84.0,10000.0
Diabetes:M,MEDICAL,4.6,15545.0,100000.0
"Pzizz - Sleep, Nap, Focus",MEDICAL,4.3,5521.0,100000.0
HESI A2 Pocket Prep,MEDICAL,4.3,2108.0,50000.0
Johns Hopkins Guides ABX...,MEDICAL,4.7,73.0,10000.0
FP Notebook,MEDICAL,4.5,408.0,50000.0
5 Minute Clinical Consult 2019 - #1 for 25 years,MEDICAL,4.2,33.0,10000.0
Open Sesame - Touch Free Control,MEDICAL,4.4,197.0,10000.0
Davis's Drug Guide,MEDICAL,3.9,272.0,50000.0
Deep Sleep and Relax Hypnosis,MEDICAL,4.2,4852.0,100000.0
Christella VoiceUp,MEDICAL,4.1,38.0,5000.0
Language Therapy: Aphasia,MEDICAL,4.193338315362443,10.0,1000.0
Complete Anatomy for Android,MEDICAL,4.1,90.0,1000.0
GlassesOff,MEDICAL,3.5,1288.0,100000.0
Free Hypnosis,MEDICAL,4.2,4303.0,100000.0
e-Anatomy,MEDICAL,4.0,1545.0,100000.0
Registered Dietitian Pocket Prep,MEDICAL,4.3,283.0,5000.0
Paramedic Pocket Prep,MEDICAL,4.3,460.0,10000.0
5 Minute Veterinary Consult: Canine & Feline,MEDICAL,2.3,17.0,1000.0
Wide address pocket prep,MEDICAL,4.5,513.0,5000.0
Nursing Central,MEDICAL,4.3,168.0,10000.0
Tinnitus Alleviator,MEDICAL,3.1,82.0,5000.0
PMHNP-BC Pocket Prep,MEDICAL,4.4,112.0,1000.0
Dialysis of Drugs,MEDICAL,2.9,92.0,10000.0
abeoCoder,MEDICAL,3.1,83.0,10000.0
Saunders Comprehensive Review NCLEX-PN Examination,MEDICAL,3.7,3.0,5000.0
LTC AS Legal,MEDICAL,4.0,6.0,100.0
Lippincott Nursing Advisor,MEDICAL,3.8,343.0,50000.0
Official NBSTSA CSFA Exam Prep,MEDICAL,4.4,137.0,1000.0
Dosecast - Medication Reminder,MEDICAL,4.3,4107.0,100000.0
Visualmed,MEDICAL,4.193338315362443,0.0,1.0
ABG Master,MEDICAL,4.193338315362443,2.0,50.0
OrthoFlow,MEDICAL,4.193338315362443,0.0,10.0
Be the Expert in Phlebotomy - Professional Nursing,MEDICAL,4.193338315362443,0.0,1.0
JH Blood Pressure Monitor,MEDICAL,3.7,9.0,500.0
Sway Medical,MEDICAL,5.0,3.0,100.0
Exposure Ed,MEDICAL,3.0,2.0,500.0
Nucleus Smart,MEDICAL,3.7,20.0,1000.0
Penn State Health OnDemand,MEDICAL,4.193338315362443,0.0,50.0
Breastfeeding Tracker Baby Log,MEDICAL,4.193338315362443,6.0,100.0
Lego Ninjago Wallpaper,MEDICAL,4.193338315362443,2.0,100.0
RT 516 VET,MEDICAL,4.193338315362443,0.0,10.0
EXOGEN Connects (US),MEDICAL,4.193338315362443,0.0,10.0
Full Code - Emergency Medicine Simulation,MEDICAL,4.193338315362443,0.0,100.0
Maricopa AH,MEDICAL,4.193338315362443,0.0,100.0
Dare EMS Protocols,MEDICAL,4.193338315362443,0.0,10.0
Pediatric Emergency Guide,MEDICAL,4.193338315362443,0.0,100.0
Weill Cornell Medicine,MEDICAL,4.193338315362443,0.0,50.0
Doctors Care,MEDICAL,4.193338315362443,0.0,10.0
PCOS Guide - Fight PCOS naturally,MEDICAL,4.193338315362443,0.0,100.0
EVA - Menstrual calendar and fertility,MEDICAL,4.193338315362443,25.0,1000.0
Hello Face,MEDICAL,4.193338315362443,0.0,10.0
Cochrane Library,MEDICAL,3.7,3.0,100.0
Labs on Demand,MEDICAL,5.0,1.0,10.0
Diabetes Testing,MEDICAL,4.193338315362443,1.0,500.0
GGDE: Prevent & Beat Depression Symptoms,MEDICAL,4.193338315362443,2.0,50.0
Dermatology Atlas (Colored & Illustrative),MEDICAL,5.0,3.0,100.0
Jaylex,MEDICAL,4.193338315362443,0.0,10.0
Tablet Reminder,MEDICAL,5.0,4.0,5.0
Clinical Pharmacology,MEDICAL,4.193338315362443,0.0,10.0
Galaxies of Hope,MEDICAL,5.0,2.0,50.0
Smartshading AI,MEDICAL,4.193338315362443,0.0,10.0
KBA-EZ Health Guide,MEDICAL,5.0,4.0,1.0
FoothillsVet,MEDICAL,5.0,2.0,50.0
Eversense,MEDICAL,4.193338315362443,3.0,100.0
PrimeDelivery,MEDICAL,5.0,3.0,10.0
You're an Anime,MEDICAL,5.0,2.0,10.0
Anatomy & Physiology Vocabulary Exam Review App,MEDICAL,5.0,1.0,5.0
Drug Calculator,MEDICAL,4.193338315362443,0.0,10.0
HACH Cares,MEDICAL,4.193338315362443,0.0,10.0
WAH 247,MEDICAL,4.193338315362443,0.0,1.0
CT Scan Cross Sectional Anatomy,MEDICAL,4.3,10.0,100.0
VetCode,MEDICAL,4.9,28.0,5000.0
ear super hearing,MEDICAL,4.193338315362443,0.0,5.0
Traditional Chinese Medicine Fangfang Liangfang Daquan - Practical and ancient Chinese medicine and old prescriptions for the treatment of various incurable diseases,MEDICAL,4.193338315362443,1.0,10.0
COPD GOLD 2017,MEDICAL,4.193338315362443,5.0,10.0
Summit Medical Video Visits,MEDICAL,4.193338315362443,0.0,10.0
ExtendedCare Virtual Care Room,MEDICAL,4.193338315362443,0.0,5.0
Lord Fairfax EMS Council,MEDICAL,4.193338315362443,0.0,50.0
MyWoundDoctor - Provider,MEDICAL,4.193338315362443,0.0,1.0
NCLEX Multi-topic Nursing Exam Review-Quiz & notes,MEDICAL,5.0,1.0,10.0
Warfarin Dose Calculator,MEDICAL,4.193338315362443,0.0,50.0
Renesas PMA,MEDICAL,4.193338315362443,0.0,5.0
Pediatric Nursing,MEDICAL,4.9,14.0,100.0
Interpret Chest X-Ray With 100 Cases,MEDICAL,4.6,5.0,100.0
Basics of Orthopaedics,MEDICAL,5.0,1.0,10.0
4 Paws PH,MEDICAL,4.193338315362443,1.0,5.0
high cholesterol levels,MEDICAL,4.193338315362443,0.0,100.0
Thyroid Nodules,MEDICAL,4.193338315362443,0.0,10.0
Training course: Learn Nursing,MEDICAL,4.193338315362443,0.0,100.0
Familyfirst Messenger,MEDICAL,4.0,1.0,10.0
14thStreetVet,MEDICAL,4.193338315362443,0.0,5.0
Clinic Doctor EHr,MEDICAL,5.0,2.0,5.0
OMD Protocols,MEDICAL,4.193338315362443,0.0,10.0
Anthem BC Anywhere,MEDICAL,2.6,496.0,100000.0
Ovia Fertility Tracker & Ovulation Calculator,MEDICAL,4.8,53747.0,1000000.0
My Cancer Coach,MEDICAL,4.3,44.0,10000.0
IHSS Help,MEDICAL,4.7,10.0,1000.0
mobileRx Pharmacy,MEDICAL,2.5,124.0,10000.0
Youper - AI Therapy,MEDICAL,4.6,2014.0,50000.0
BURST Professionals,MEDICAL,4.5,11.0,1000.0
LactMed,MEDICAL,4.3,573.0,100000.0
Blue CareOnDemand,MEDICAL,4.4,163.0,10000.0
HHS,MEDICAL,4.193338315362443,0.0,500.0
Every disease has a drug without internet,MEDICAL,4.193338315362443,44.0,10000.0
PulsePoint AED,MEDICAL,4.5,330.0,50000.0
Deaf Interpreter,MEDICAL,3.8,24.0,1000.0
High Blood Pressure Symptoms,MEDICAL,4.0,531.0,100000.0
MedStar eVisit,MEDICAL,4.5,20.0,5000.0
Blood Pressure(BP) Diary,MEDICAL,3.7,3596.0,1000000.0
REDCap Mobile App,MEDICAL,4.3,56.0,10000.0
Blood Pressure,MEDICAL,4.193338315362443,10.0,1000.0
VITAS Hospice Referral App for Healthcare Pros,MEDICAL,4.4,27.0,5000.0
AAFP,MEDICAL,3.8,63.0,10000.0
Airway Ex - Intubate. Anesthetize. Train.,MEDICAL,4.3,123.0,10000.0
myvi by,MEDICAL,3.8,122.0,10000.0
420 BZ Budeze Delivery,MEDICAL,5.0,2.0,100.0
Fever Meter,MEDICAL,3.6,26.0,5000.0
Super Ear Super Hearing,MEDICAL,4.0,122.0,10000.0
Blood Pressure Monitor,MEDICAL,4.3,17.0,10000.0
BELONG Beating Cancer Together,MEDICAL,4.7,623.0,50000.0
BP Journal - Blood Pressure Diary,MEDICAL,5.0,6.0,1000.0
TelaDoc,MEDICAL,4.7,6.0,1000.0
Blood Pressure - Stay Healthy,MEDICAL,4.6,7.0,1000.0
ConnectLine,MEDICAL,3.1,253.0,50000.0
Club,MEDICAL,4.4,3786.0,50000.0
Zen Leaf,MEDICAL,5.0,1.0,100.0
Homeopathic Medicine Finder,MEDICAL,3.6,10.0,1000.0
Patient Portal,MEDICAL,2.8,66.0,50000.0
Nemours CareConnect,MEDICAL,4.4,65.0,10000.0
tökr,MEDICAL,4.6,17.0,1000.0
Low Blood Pressure Symptoms,MEDICAL,4.2,28.0,10000.0
PatientPORTAL by InteliChart,MEDICAL,4.193338315362443,1.0,500.0
Hypertension High blood pressure,MEDICAL,3.8,292.0,100000.0
Fever Care,MEDICAL,3.5,19.0,5000.0
Facebook,SOCIAL,4.1,78158306.0,1000000000.0
Instagram,SOCIAL,4.5,66577313.0,1000000000.0
Facebook Lite,SOCIAL,4.3,8606259.0,500000000.0
"Messages, Text and Video Chat for Messenger",SOCIAL,4.4,49173.0,10000000.0
Tumblr,SOCIAL,4.4,2955326.0,100000000.0
All Social Networks,SOCIAL,4.2,22492.0,1000000.0
Snapchat,SOCIAL,4.0,17014787.0,500000000.0
Social network all in one 2018,SOCIAL,4.3,1403.0,100000.0
Pinterest,SOCIAL,4.6,4305441.0,100000000.0
TextNow - free text + calls,SOCIAL,4.4,441189.0,10000000.0
Google+,SOCIAL,4.2,4831125.0,1000000000.0
The Messenger App,SOCIAL,4.4,4919.0,1000000.0
Messenger Pro,SOCIAL,4.4,13762.0,1000000.0
"Free Messages, Video, Chat,Text for Messenger Plus",SOCIAL,4.3,6086.0,1000000.0
Telegram X,SOCIAL,4.6,70616.0,5000000.0
The Video Messenger App,SOCIAL,4.4,1200.0,100000.0
Jodel - The Hyperlocal App,SOCIAL,4.5,76480.0,1000000.0
Who Viewed My Facebook Profile - Stalkers Visitors,SOCIAL,4.6,271445.0,5000000.0
"Hide Something - Photo, Video",SOCIAL,4.6,225103.0,5000000.0
Love Sticker,SOCIAL,4.6,33177.0,1000000.0
Web Browser & Fast Explorer,SOCIAL,4.4,54768.0,5000000.0
"LiveMe - Video chat, new friends, and make money",SOCIAL,4.5,457197.0,10000000.0
VidStatus app - Status Videos & Status Downloader,SOCIAL,4.5,25562.0,5000000.0
Love Images,SOCIAL,4.3,16404.0,1000000.0
Web Browser ( Fast & Secure Web Explorer),SOCIAL,4.4,2508.0,500000.0
SPARK - Live random video chat & meet new people,SOCIAL,4.6,79658.0,5000000.0
Golden telegram,SOCIAL,4.3,374.0,50000.0
Amino: Communities and Chats,SOCIAL,4.8,1259075.0,10000000.0
Facebook Local,SOCIAL,4.2,4751.0,1000000.0
Meet – Talk to Strangers Using Random Video Chat,SOCIAL,4.6,60562.0,5000000.0
MobilePatrol Public Safety App,SOCIAL,4.0,22695.0,1000000.0
"💘 WhatsLov: Smileys of love, stickers and GIF",SOCIAL,4.6,22098.0,1000000.0
Phone Tracker : Family Locator,SOCIAL,4.3,231325.0,10000000.0
HTC Social Plugin - Facebook,SOCIAL,3.6,13223.0,10000000.0
Periscope - Live Video,SOCIAL,4.0,479908.0,10000000.0
Quora,SOCIAL,4.5,313633.0,10000000.0
Kate Mobile for VK,SOCIAL,4.4,540930.0,10000000.0
Family GPS tracker KidControl + GPS by SMS Locator,SOCIAL,4.5,57146.0,1000000.0
LinkedIn,SOCIAL,4.2,1225339.0,100000000.0
Moment,SOCIAL,4.5,19583.0,1000000.0
"Text Me: Text Free, Call Free, Second Phone Number",SOCIAL,4.3,344921.0,10000000.0
Meetup,SOCIAL,4.2,79129.0,5000000.0
Text Free: WiFi Calling App,SOCIAL,4.2,83488.0,5000000.0
Badoo - Free Chat & Dating App,SOCIAL,4.3,3781770.0,100000000.0
Text free - Free Text + Call,SOCIAL,4.3,315441.0,10000000.0
textPlus: Free Text & Calls,SOCIAL,4.1,382120.0,10000000.0
"Free phone calls, free texting SMS on free number",SOCIAL,4.5,412725.0,10000000.0
Tango - Live Video Broadcast,SOCIAL,4.3,3806669.0,100000000.0
MeetMe: Chat & Meet New People,SOCIAL,4.2,1259849.0,50000000.0
"Tagged - Meet, Chat & Dating",SOCIAL,4.1,486824.0,10000000.0
"ooVoo Video Calls, Messaging & Stories",SOCIAL,4.3,1157004.0,50000000.0
"SayHi Chat, Meet New People",SOCIAL,4.2,423105.0,10000000.0
Whisper,SOCIAL,4.1,205803.0,5000000.0
"Tapatalk - 100,000+ Forums",SOCIAL,4.1,285816.0,10000000.0
Tumblr,SOCIAL,4.4,2955325.0,100000000.0
Blogger,SOCIAL,3.7,138026.0,5000000.0
Bloglovin',SOCIAL,3.9,8936.0,500000.0
Blogaway for Android (Blogger),SOCIAL,3.7,4253.0,100000.0
Snapchat,SOCIAL,4.0,17014705.0,500000000.0
Instagram,SOCIAL,4.5,66577446.0,1000000000.0
TwitCasting Live,SOCIAL,3.6,14835.0,1000000.0
Stream - Live Video Community,SOCIAL,4.1,6388.0,500000.0
YouNow: Live Stream Video Chat,SOCIAL,4.1,309872.0,10000000.0
Periscope - Live Video,SOCIAL,4.0,479909.0,10000000.0
Mirrativ: Live Stream Any App,SOCIAL,4.1,17955.0,500000.0
Snapchat,SOCIAL,4.0,17015352.0,500000000.0
Nextdoor - Local neighborhood news & classifieds,SOCIAL,4.3,51502.0,5000000.0
"SKOUT - Meet, Chat, Go Live",SOCIAL,4.3,1064049.0,50000000.0
Banjo,SOCIAL,4.2,58341.0,1000000.0
We Heart It,SOCIAL,4.5,637309.0,10000000.0
MeetMe: Chat & Meet New People,SOCIAL,4.2,1259894.0,50000000.0
"ooVoo Video Calls, Messaging & Stories",SOCIAL,4.3,1157003.0,50000000.0
Timehop,SOCIAL,4.1,161610.0,5000000.0
Frontback - Social Photos,SOCIAL,3.8,19446.0,1000000.0
LinkedIn,SOCIAL,4.2,1225367.0,100000000.0
Path,SOCIAL,4.4,1520959.0,10000000.0
"SayHi Chat, Meet New People",SOCIAL,4.2,423138.0,10000000.0
"Tapatalk - 100,000+ Forums",SOCIAL,4.1,285820.0,10000000.0
Couple - Relationship App,SOCIAL,4.0,33249.0,1000000.0
Nextdoor - Local neighborhood news & classifieds,SOCIAL,4.3,51504.0,5000000.0
POF Free Dating App,SOCIAL,4.2,1175794.0,50000000.0
LOVOO,SOCIAL,4.0,852455.0,10000000.0
"Jaumo Dating, Flirt & Live Video",SOCIAL,4.4,900064.0,10000000.0
Patook - make platonic friends,SOCIAL,4.0,3677.0,100000.0
Zello PTT Walkie Talkie,SOCIAL,4.4,695613.0,50000000.0
textPlus: Free Text & Calls,SOCIAL,4.1,382121.0,10000000.0
magicApp Calling & Messaging,SOCIAL,4.1,207712.0,10000000.0
"Dating App, Flirt & Chat : W-Match",SOCIAL,4.3,175722.0,10000000.0
uCiC- Videos and Photos on demand,SOCIAL,4.0,2052.0,100000.0
Meetup,SOCIAL,4.2,79130.0,5000000.0
POF Free Dating App,SOCIAL,4.2,1175815.0,50000000.0
"Tagged - Meet, Chat & Dating",SOCIAL,4.1,486830.0,10000000.0
"SKOUT - Meet, Chat, Go Live",SOCIAL,4.3,1064076.0,50000000.0
"Mico- Stranger Chat Random video Chat, Live, Meet",SOCIAL,4.4,624557.0,10000000.0
"Waplog - Free Chat, Dating App, Meet Singles",SOCIAL,4.2,522018.0,10000000.0
Amazon for Tablets,SHOPPING,4.0,141613.0,10000000.0
Wish - Shopping Made Fun,SHOPPING,4.5,6210998.0,100000000.0
OfferUp - Buy. Sell. Offer Up,SHOPPING,4.6,591312.0,10000000.0
Shopee - No. 1 Online Shopping,SHOPPING,4.3,94294.0,10000000.0
Shopee: No.1 Online Shopping,SHOPPING,4.2,608753.0,10000000.0
Kroger,SHOPPING,4.3,38961.0,5000000.0
"AliExpress - Smarter Shopping, Better Living",SHOPPING,4.6,5916606.0,100000000.0
Walmart,SHOPPING,4.4,441473.0,10000000.0
eBay: Buy & Sell this Summer - Discover Deals Now!,SHOPPING,4.4,2788923.0,100000000.0
"letgo: Buy & Sell Used Stuff, Cars & Real Estate",SHOPPING,4.5,973270.0,50000000.0
Amazon Shopping,SHOPPING,4.3,909226.0,100000000.0
Lazada - Online Shopping & Deals,SHOPPING,4.2,1573054.0,50000000.0
OLX - Buy and Sell,SHOPPING,4.2,857923.0,50000000.0
The wall,SHOPPING,4.4,35563.0,1000000.0
Flipp - Weekly Shopping,SHOPPING,4.6,85858.0,10000000.0
"Shrimp skin shopping: spend less, buy better",SHOPPING,4.2,106798.0,5000000.0
Lotte Home Shopping LOTTE Homeshopping,SHOPPING,3.6,8820.0,5000000.0
"Horn, free country requirements",SHOPPING,4.5,37186.0,1000000.0
Jiji.ng,SHOPPING,4.4,25714.0,1000000.0
GS SHOP,SHOPPING,3.8,44255.0,10000000.0
The birth,SHOPPING,4.7,1084945.0,50000000.0
CJmall,SHOPPING,3.6,18252.0,10000000.0
Home & Shopping - Only in apps. 10% off + 10% off,SHOPPING,4.2,42750.0,10000000.0
EHS Dongsen Shopping,SHOPPING,3.6,3656.0,1000000.0
bigbasket - online grocery,SHOPPING,4.3,216741.0,5000000.0
Bukalapak - Buy and Sell Online,SHOPPING,4.4,662287.0,10000000.0
Life market,SHOPPING,4.5,30834.0,1000000.0
Jabong Online Shopping App,SHOPPING,4.1,367290.0,10000000.0
Family Dollar,SHOPPING,4.3,2588.0,1000000.0
Jumia online shopping,SHOPPING,4.3,162655.0,10000000.0
Mercado Libre: Find your favorite brands,SHOPPING,4.7,3860225.0,50000000.0
"Carousell: Snap-Sell, Chat-Buy",SHOPPING,4.3,125783.0,10000000.0
Blibli.com Online Shopping,SHOPPING,4.2,171584.0,10000000.0
"Club Factory Everything, Unbeaten Price",SHOPPING,4.2,244141.0,10000000.0
"Real Estate, Car, Shopping and Others",SHOPPING,4.3,568273.0,10000000.0
ZALORA Fashion Shopping,SHOPPING,4.2,142512.0,10000000.0
Magazine Luiza Online Shopping,SHOPPING,4.3,109124.0,10000000.0
ROMWE - Women's Fashion,SHOPPING,4.6,135043.0,10000000.0
Buscapé - Offers and discounts,SHOPPING,4.4,108592.0,10000000.0
Myntra Online Shopping App,SHOPPING,4.3,1315242.0,50000000.0
11st,SHOPPING,3.8,48732.0,10000000.0
Coupang,SHOPPING,4.6,308234.0,10000000.0
Wemep - Special price representative (special / shopping / shopping app / coupon / shipping),SHOPPING,4.5,178497.0,10000000.0
Target - now with Cartwheel,SHOPPING,4.1,68406.0,10000000.0
Flipkart Online Shopping App,SHOPPING,4.4,6012719.0,100000000.0
Sam's Club: Wholesale Shopping & Instant Savings,SHOPPING,4.3,45362.0,5000000.0
Chilindo,SHOPPING,3.8,18364.0,1000000.0
Rossmann PL,SHOPPING,4.0,15867.0,5000000.0
"Jingdong - pick good things, go to Jingdong",SHOPPING,3.3,9189.0,1000000.0
CheckPoints 🏆 Rewards App,SHOPPING,4.1,23187.0,1000000.0
Extreme Coupon Finder,SHOPPING,4.1,11798.0,1000000.0
SnipSnap Coupon App,SHOPPING,4.2,9975.0,1000000.0
Checkout 51: Grocery coupons,SHOPPING,4.1,52896.0,10000000.0
Coupon Sherpa,SHOPPING,4.4,7793.0,500000.0
Gyft - Mobile Gift Card Wallet,SHOPPING,4.1,9701.0,500000.0
SavingStar - Grocery Coupons,SHOPPING,4.2,31519.0,1000000.0
The Coupons App,SHOPPING,4.5,181990.0,10000000.0
"Shopkick: Free Gift Cards, Shop Rewards & Deals",SHOPPING,4.3,213735.0,10000000.0
Wish - Shopping Made Fun,SHOPPING,4.5,6211039.0,100000000.0
Key Ring: Cards Coupon & Sales,SHOPPING,4.1,42871.0,1000000.0
"Ibotta: Cash Back Savings, Rewards & Coupons App",SHOPPING,4.5,315908.0,10000000.0
"RetailMeNot - Coupons, Deals & Discount Shopping",SHOPPING,4.4,210208.0,10000000.0
"Groupon - Shop Deals, Discounts & Coupons",SHOPPING,4.6,1370749.0,50000000.0
"Kohl's: Scan, Shop, Pay & Save",SHOPPING,4.5,79261.0,5000000.0
Stocard - Rewards Cards Wallet,SHOPPING,4.6,284725.0,10000000.0
Nike,SHOPPING,4.7,67071.0,1000000.0
Poshmark - Buy & Sell Fashion,SHOPPING,4.3,46153.0,10000000.0
Mercari: The Selling App,SHOPPING,4.4,101883.0,10000000.0
Blidz - Hunt Free Deals On Trending Items!,SHOPPING,4.4,1659.0,50000.0
"Shopular: Coupons, Weekly Ads & Shopping Deals",SHOPPING,4.7,57920.0,1000000.0
LivingSocial - Local Deals,SHOPPING,4.1,28523.0,5000000.0
Coupons.com – Grocery Coupons & Cash Back Savings,SHOPPING,4.2,24953.0,1000000.0
"Ebates: Cash Back, Coupons, Rewards & Savings",SHOPPING,4.5,37253.0,1000000.0
FidMe Loyalty Cards & Deals at Grocery Supermarket,SHOPPING,4.2,33758.0,1000000.0
Stocard - Rewards Cards Wallet,SHOPPING,4.6,284721.0,10000000.0
Ratings by Consumer Reports,SHOPPING,4.3,3420.0,100000.0
HauteLook,SHOPPING,4.1,7193.0,500000.0
Nordstrom,SHOPPING,4.6,2278.0,500000.0
Modcloth – Unique Indie Women's Fashion & Style,SHOPPING,4.2,5121.0,500000.0
Fancy,SHOPPING,4.2,39735.0,5000000.0
"Twice: Buy, Sell Clothing",SHOPPING,4.2,1558.0,100000.0
Slice: Package Tracker,SHOPPING,4.2,16966.0,1000000.0
LightInTheBox Online Shopping,SHOPPING,4.0,41986.0,5000000.0
Best Buy,SHOPPING,4.4,186116.0,5000000.0
JackThreads: Men's Shopping,SHOPPING,4.0,13085.0,1000000.0
"AliExpress - Smarter Shopping, Better Living",SHOPPING,4.6,5916569.0,100000000.0
zulily - Shop Daily Deals in Fashion and Home,SHOPPING,4.5,28560.0,1000000.0
MiniInTheBox Online Shopping,SHOPPING,3.9,34171.0,1000000.0
Zappos – Shoe shopping made simple,SHOPPING,4.5,44588.0,5000000.0
Urban Outfitters,SHOPPING,4.2,4158.0,500000.0
Tophatter - 90 Second Auctions,SHOPPING,4.3,105773.0,10000000.0
Amazon Shopping,SHOPPING,4.3,909204.0,100000000.0
Shopfully - Weekly Ads & Deals,SHOPPING,4.4,279428.0,10000000.0
Slickdeals: Coupons & Shopping,SHOPPING,4.5,33583.0,1000000.0
Wanelo Shopping,SHOPPING,4.6,94205.0,1000000.0
Etsy: Handmade & Vintage Goods,SHOPPING,4.3,95520.0,10000000.0
ASOS,SHOPPING,4.7,181798.0,10000000.0
"Overstock – Home Decor, Furniture Shopping",SHOPPING,4.4,25719.0,1000000.0
Find&Save - Local Shopping,SHOPPING,4.0,4602.0,500000.0
Receipt Hog - Receipts to Cash,SHOPPING,4.5,72596.0,1000000.0
ShopSavvy Barcode & QR Scanner,SHOPPING,4.1,110425.0,10000000.0
"Savory - Deals,Freebies,Sales",SHOPPING,4.4,2375.0,100000.0
"AliExpress - Smarter Shopping, Better Living",SHOPPING,4.6,5917485.0,100000000.0
Newegg Mobile,SHOPPING,4.5,35497.0,1000000.0
REI – Shop Outdoor Gear,SHOPPING,4.4,3878.0,100000.0
Target - now with Cartwheel,SHOPPING,4.1,68406.0,10000000.0
The Home Depot,SHOPPING,4.3,44071.0,5000000.0
Wish - Shopping Made Fun,SHOPPING,4.5,6212081.0,100000000.0
Boxed Wholesale,SHOPPING,3.8,6380.0,1000000.0
La La-Shop Designer Brands Street,SHOPPING,4.5,5123.0,500000.0
ASOS,SHOPPING,4.7,181823.0,10000000.0
TouchNote: Cards & Gifts,PHOTOGRAPHY,4.1,19232.0,1000000.0
"Shutterfly: Free Prints, Photo Books, Cards, Gifts",PHOTOGRAPHY,4.6,98716.0,5000000.0
FreePrints – Free Photos Delivered,PHOTOGRAPHY,4.8,109500.0,1000000.0
Groovebook Photo Books & Gifts,PHOTOGRAPHY,4.0,21159.0,500000.0
"Moony Lab - Print Photos, Books & Magnets ™",PHOTOGRAPHY,4.7,1320.0,50000.0
"LALALAB prints your photos, photobooks and magnets",PHOTOGRAPHY,4.7,50424.0,1000000.0
Snapfish,PHOTOGRAPHY,4.1,32398.0,1000000.0
Google Photos,PHOTOGRAPHY,4.5,10858556.0,1000000000.0
Motorola Camera,PHOTOGRAPHY,3.6,219745.0,50000000.0
HD Camera - Best Cam with filters & panorama,PHOTOGRAPHY,4.5,38953.0,5000000.0
"Face Filter, Selfie Editor - Sweet Camera",PHOTOGRAPHY,4.7,142634.0,10000000.0
LightX Photo Editor & Photo Effects,PHOTOGRAPHY,4.7,259450.0,10000000.0
"Sweet Snap - live filter, Selfie photo edit",PHOTOGRAPHY,4.5,123029.0,10000000.0
Adobe Photoshop Express:Photo Editor Collage Maker,PHOTOGRAPHY,4.2,914804.0,50000000.0
HD Camera - Quick Snap Photo & Video,PHOTOGRAPHY,4.5,21841.0,1000000.0
B612 - Beauty & Filter Camera,PHOTOGRAPHY,4.4,5282578.0,100000000.0
Waterfall Photo Frames,PHOTOGRAPHY,4.5,10349.0,1000000.0
Photo frame,PHOTOGRAPHY,4.5,859.0,100000.0
Huji Cam,PHOTOGRAPHY,4.4,40289.0,5000000.0
Unicorn Photo,PHOTOGRAPHY,3.7,3362.0,1000000.0
HD Camera,PHOTOGRAPHY,4.3,49680.0,5000000.0
Makeup Editor -Beauty Photo Editor & Selfie Camera,PHOTOGRAPHY,4.5,3378.0,1000000.0
Makeup Photo Editor: Makeup Camera & Makeup Editor,PHOTOGRAPHY,4.4,10525.0,1000000.0
Moto Photo Editor,PHOTOGRAPHY,3.3,3492.0,5000000.0
InstaBeauty -Makeup Selfie Cam,PHOTOGRAPHY,4.3,654419.0,50000000.0
Garden Photo Frames - Garden Photo Editor,PHOTOGRAPHY,4.4,1864.0,500000.0
Photo Frame,PHOTOGRAPHY,4.5,74476.0,10000000.0
Camera360 Lite - Selfie Camera,PHOTOGRAPHY,4.4,221858.0,10000000.0
Selfie Camera - Photo Editor & Filter & Sticker,PHOTOGRAPHY,4.2,401820.0,50000000.0
"Sweet Snap Lite - live filter, Selfie photo editor",PHOTOGRAPHY,4.5,3116.0,500000.0
"Selfie Camera: Beauty Camera, Photo Editor,Collage",PHOTOGRAPHY,4.7,31985.0,1000000.0
Night Photo Frame,PHOTOGRAPHY,4.5,4400.0,1000000.0
YouCam Makeup - Magic Selfie Makeovers,PHOTOGRAPHY,4.6,3337956.0,100000000.0
Selfie Photo Editor,PHOTOGRAPHY,4.6,11677.0,1000000.0
BeautyPlus - Easy Photo Editor & Selfie Camera,PHOTOGRAPHY,4.4,3158047.0,100000000.0
ASUS Gallery,PHOTOGRAPHY,4.3,125259.0,50000000.0
My Photo Keyboard,PHOTOGRAPHY,4.3,56114.0,10000000.0
Kids Photo Frames,PHOTOGRAPHY,4.6,15700.0,1000000.0
Pencil Photo Sketch-Sketching Drawing Photo Editor,PHOTOGRAPHY,4.4,16523.0,1000000.0
"Pretty Makeup, Beauty Photo Editor & Snappy Camera",PHOTOGRAPHY,4.5,26361.0,5000000.0
Photo Collage - Layout Editor,PHOTOGRAPHY,4.5,285788.0,10000000.0
DSLR Camera Hd Ultra Professional,PHOTOGRAPHY,4.2,4410.0,1000000.0
Snap Cat Face Camera,PHOTOGRAPHY,4.0,5855.0,1000000.0
Silent Camera [High Quality],PHOTOGRAPHY,4.4,47090.0,5000000.0
"Sweet Camera - Selfie Filters, Beauty Camera",PHOTOGRAPHY,4.7,233039.0,10000000.0
Photo Frames,PHOTOGRAPHY,4.3,28578.0,10000000.0
"Sweet Selfie - selfie camera, beauty cam, photo edit",PHOTOGRAPHY,4.6,1159058.0,100000000.0
"Candy selfie - photo editor, live filter camera",PHOTOGRAPHY,4.4,53421.0,10000000.0
YouCam Perfect - Selfie Photo Editor,PHOTOGRAPHY,4.5,1579287.0,100000000.0
Open Camera,PHOTOGRAPHY,4.3,116880.0,10000000.0
Beauty Makeup – Photo Makeover,PHOTOGRAPHY,4.3,21730.0,1000000.0
Blur Image Background Editor (Blur Photo Editor),PHOTOGRAPHY,4.4,62421.0,5000000.0
Google Photos,PHOTOGRAPHY,4.5,10858538.0,1000000000.0
Muzy - Share photos & collages,PHOTOGRAPHY,4.4,70189.0,5000000.0
QuickPic - Photo Gallery with Google Drive Support,PHOTOGRAPHY,4.6,847159.0,10000000.0
Flickr,PHOTOGRAPHY,4.3,251951.0,10000000.0
InstaBeauty -Makeup Selfie Cam,PHOTOGRAPHY,4.3,654418.0,50000000.0
B612 - Beauty & Filter Camera,PHOTOGRAPHY,4.4,5282558.0,100000000.0
Camera for Android,PHOTOGRAPHY,4.2,240475.0,10000000.0
Photo Editor Selfie Camera Filter & Mirror Image,PHOTOGRAPHY,4.3,527247.0,50000000.0
BeautyPlus - Easy Photo Editor & Selfie Camera,PHOTOGRAPHY,4.4,3157936.0,100000000.0
Photo Mixer,PHOTOGRAPHY,3.9,55427.0,10000000.0
Photo Editor-,PHOTOGRAPHY,4.3,68070.0,5000000.0
"Cymera Camera- Photo Editor, Filter,Collage,Layout",PHOTOGRAPHY,4.4,2418135.0,100000000.0
Wondershare PowerCam,PHOTOGRAPHY,4.2,329160.0,10000000.0
love,PHOTOGRAPHY,4.3,42677.0,1000000.0
LINE Camera - Photo editor,PHOTOGRAPHY,4.3,1517369.0,100000000.0
InstaSize Photo Filters & Collage Editor,PHOTOGRAPHY,4.3,811693.0,50000000.0
"KVAD Camera +: Selfie, Photo Filter, Grids",PHOTOGRAPHY,4.1,23440.0,1000000.0
"Candy Camera - selfie, beauty camera, photo editor",PHOTOGRAPHY,4.4,3368649.0,100000000.0
Photo Editor,PHOTOGRAPHY,4.3,42079.0,1000000.0
Camera51 - a smarter camera,PHOTOGRAPHY,4.0,29707.0,1000000.0
InstaCam - Camera for Selfie,PHOTOGRAPHY,4.0,15098.0,1000000.0
"Phogy, 3D Camera",PHOTOGRAPHY,4.0,35724.0,1000000.0
Sweet Camera,PHOTOGRAPHY,4.4,71898.0,5000000.0
Camera360: Selfie Photo Editor with Funny Sticker,PHOTOGRAPHY,4.3,4865093.0,100000000.0
RetroSelfie - Selfie Editor,PHOTOGRAPHY,4.1,106080.0,10000000.0
Mega Photo,PHOTOGRAPHY,4.2,44941.0,1000000.0
Blur Image Background,PHOTOGRAPHY,3.9,129272.0,10000000.0
MIX by Camera360,PHOTOGRAPHY,4.4,111066.0,5000000.0
Facetune - For Free,PHOTOGRAPHY,4.4,49553.0,1000000.0
Google Photos,PHOTOGRAPHY,4.5,10859051.0,1000000000.0
SuperPhoto - Effects & Filters,PHOTOGRAPHY,4.1,43296.0,5000000.0
Camera FV-5 Lite,PHOTOGRAPHY,4.0,130081.0,10000000.0
HD Camera Ultra,PHOTOGRAPHY,4.3,462152.0,10000000.0
Cameringo Lite. Filters Camera,PHOTOGRAPHY,4.2,140917.0,10000000.0
Camera ZOOM FX - FREE,PHOTOGRAPHY,4.0,88860.0,5000000.0
HD Camera Pro for Android,PHOTOGRAPHY,4.1,49211.0,1000000.0
HD Camera for Android,PHOTOGRAPHY,4.1,351254.0,10000000.0
GoPro (formerly Capture),PHOTOGRAPHY,4.0,157506.0,10000000.0
Photo Editor Pro,PHOTOGRAPHY,4.3,1871416.0,100000000.0
Beauty Makeup Snappy Collage Photo Editor - Lidow,PHOTOGRAPHY,4.5,420973.0,10000000.0
Samsung SMART CAMERA App,PHOTOGRAPHY,4.0,34753.0,1000000.0
Square InPic - Photo Editor & Collage Maker,PHOTOGRAPHY,4.4,635846.0,50000000.0
"High-Speed Camera (GIF,Burst)",PHOTOGRAPHY,4.1,78140.0,5000000.0
Camera MX - Free Photo & Video Camera,PHOTOGRAPHY,4.3,244371.0,10000000.0
Lapse It • Time Lapse • Pro,PHOTOGRAPHY,4.3,12865.0,100000.0
EyeEm - Camera & Photo Filter,PHOTOGRAPHY,4.2,215343.0,10000000.0
Retrica,PHOTOGRAPHY,4.3,6120977.0,100000000.0
"Candy Camera - selfie, beauty camera, photo editor",PHOTOGRAPHY,4.4,3368646.0,100000000.0
VSCO,PHOTOGRAPHY,4.4,753115.0,50000000.0
Camera360: Selfie Photo Editor with Funny Sticker,PHOTOGRAPHY,4.3,4865107.0,100000000.0
Camera FV-5,PHOTOGRAPHY,3.8,16320.0,100000.0
PhotoWonder: Pro Beauty Photo Editor Collage Maker,PHOTOGRAPHY,4.4,852649.0,50000000.0
Photo Effects Pro,PHOTOGRAPHY,4.4,1494491.0,50000000.0
Photo Editor Selfie Camera Filter & Mirror Image,PHOTOGRAPHY,4.3,527248.0,50000000.0
No Crop & Square for Instagram,PHOTOGRAPHY,4.6,819774.0,10000000.0
Picture Grid Builder,PHOTOGRAPHY,4.0,33439.0,5000000.0
HD Camera for Android,PHOTOGRAPHY,4.1,351255.0,10000000.0
Photo Studio,PHOTOGRAPHY,4.2,477831.0,10000000.0
Photo Editor Pro,PHOTOGRAPHY,4.3,1871421.0,100000000.0
YouCam Makeup - Magic Selfie Makeovers,PHOTOGRAPHY,4.6,3337952.0,100000000.0
FilterGrid - Cam&Photo Editor,PHOTOGRAPHY,4.6,126337.0,1000000.0
Photo Editor-,PHOTOGRAPHY,4.3,68071.0,5000000.0
Mirror Photo:Editor Collage (HD),PHOTOGRAPHY,4.1,373606.0,10000000.0
Pic Stitch - #1 Collage Maker,PHOTOGRAPHY,4.2,15426.0,1000000.0
PhotoDirector Photo Editor App,PHOTOGRAPHY,4.6,714340.0,10000000.0
Pic Collage - Photo Editor,PHOTOGRAPHY,4.6,1451000.0,50000000.0
Photo Editor by Aviary,PHOTOGRAPHY,4.4,1490732.0,50000000.0
"Video Editor Music,Cut,No Crop",PHOTOGRAPHY,4.7,2163282.0,50000000.0
Pixlr – Free Photo Editor,PHOTOGRAPHY,4.4,1163232.0,50000000.0
Photo Editor,PHOTOGRAPHY,4.1,114680.0,10000000.0
Photo Collage Maker,PHOTOGRAPHY,4.3,751766.0,10000000.0
"Cymera Camera- Photo Editor, Filter,Collage,Layout",PHOTOGRAPHY,4.4,2418158.0,100000000.0
Adobe Photoshop Express:Photo Editor Collage Maker,PHOTOGRAPHY,4.2,914917.0,50000000.0
BeautyPlus - Easy Photo Editor & Selfie Camera,PHOTOGRAPHY,4.4,3158151.0,100000000.0
PicsArt Photo Studio: Collage Maker & Pic Editor,PHOTOGRAPHY,4.5,7594559.0,100000000.0
Photo Collage Editor,PHOTOGRAPHY,4.2,1028637.0,100000000.0
Color Touch Effects,PHOTOGRAPHY,3.8,167652.0,10000000.0
InstaSize Photo Filters & Collage Editor,PHOTOGRAPHY,4.3,811714.0,50000000.0
"Z Camera - Photo Editor, Beauty Selfie, Collage",PHOTOGRAPHY,4.4,1075277.0,100000000.0
"PhotoGrid: Video & Pic Collage Maker, Photo Editor",PHOTOGRAPHY,4.6,7529865.0,100000000.0
"Candy Camera - selfie, beauty camera, photo editor",PHOTOGRAPHY,4.4,3368705.0,100000000.0
YouCam Perfect - Selfie Photo Editor,PHOTOGRAPHY,4.5,1579343.0,100000000.0
Pixgram- video photo slideshow,PHOTOGRAPHY,4.2,93726.0,5000000.0
Fotor Photo Editor - Photo Collage & Photo Effects,PHOTOGRAPHY,4.5,597068.0,10000000.0
Snapseed,PHOTOGRAPHY,4.5,823109.0,50000000.0
Camera360: Selfie Photo Editor with Funny Sticker,PHOTOGRAPHY,4.3,4865132.0,100000000.0
Font Studio- Photo Texts Image,PHOTOGRAPHY,4.2,197295.0,10000000.0
Add Text To Photo,PHOTOGRAPHY,4.1,21578.0,1000000.0
Phonto - Text on Photos,PHOTOGRAPHY,4.3,307453.0,10000000.0
Collage&Add Stickers papelook,PHOTOGRAPHY,4.0,32896.0,5000000.0
"Shutterfly: Free Prints, Photo Books, Cards, Gifts",PHOTOGRAPHY,4.6,98717.0,5000000.0
Photo Collage - InstaMag,PHOTOGRAPHY,4.3,542561.0,10000000.0
"Meitu – Beauty Cam, Easy Photo Editor",PHOTOGRAPHY,4.5,462702.0,10000000.0
ESPN,SPORTS,4.2,521138.0,10000000.0
Free Sports TV,SPORTS,4.3,1802.0,100000.0
LiveScore: Live Sport Updates,SPORTS,4.4,283662.0,10000000.0
MLB At Bat,SPORTS,4.2,82882.0,5000000.0
NFL,SPORTS,4.1,459795.0,50000000.0
"theScore: Live Sports Scores, News, Stats & Videos",SPORTS,4.4,133825.0,10000000.0
Onefootball - Soccer Scores,SPORTS,4.7,911995.0,10000000.0
Cristiano Ronaldo Wallpaper,SPORTS,4.6,1733.0,500000.0
"FIFA - Tournaments, Soccer News & Live Scores",SPORTS,4.2,342909.0,10000000.0
Futbol24,SPORTS,4.3,31908.0,1000000.0
kicker football news,SPORTS,4.3,56270.0,5000000.0
Football Live Scores,SPORTS,4.5,107724.0,5000000.0
Pro 2018 - Series A and B,SPORTS,4.6,101455.0,5000000.0
BeSoccer - Soccer Live Score,SPORTS,4.5,152780.0,10000000.0
Sport.pl LIVE,SPORTS,4.4,21733.0,1000000.0
FotMob - Live Soccer Scores,SPORTS,4.7,410384.0,10000000.0
Yahoo Fantasy Sports - #1 Rated Fantasy App,SPORTS,4.2,277902.0,5000000.0
"CBS Sports App - Scores, News, Stats & Watch Live",SPORTS,4.3,91031.0,5000000.0
"The Team - Live Sport: football, tennis, rugby ..",SPORTS,4.2,112725.0,5000000.0
MARCA - Sports Leader Diary,SPORTS,3.9,76346.0,5000000.0
Sahadan Live Scores,SPORTS,3.9,63938.0,5000000.0
BBC Sport,SPORTS,4.2,18678.0,1000000.0
"Foot Mercato: transfers, results, news, live",SPORTS,4.3,39878.0,1000000.0
All Football - Latest News & Videos,SPORTS,4.6,152867.0,10000000.0
Premier League - Official App,SPORTS,4.3,63580.0,5000000.0
Eurosport,SPORTS,4.0,121003.0,10000000.0
beIN SPORTS TR,SPORTS,4.0,135763.0,10000000.0
ESPN Fantasy Sports,SPORTS,4.0,176448.0,5000000.0
"All Football GO- Live Score, Games",SPORTS,4.6,1981.0,100000.0
Top Mercato: football news,SPORTS,4.3,16016.0,1000000.0
GollerCepte Live Score,SPORTS,4.2,9992.0,1000000.0
Championat,SPORTS,4.3,36490.0,1000000.0
"Bleacher Report: sports news, scores, & highlights",SPORTS,4.4,122282.0,5000000.0
Hovercraft Racer,SPORTS,4.0,218.0,100000.0
World Cup 2018,SPORTS,4.6,4011.0,500000.0
GollerCepte 1903,SPORTS,4.7,25172.0,500000.0
League18,SPORTS,4.3,14123.0,500000.0
Speed Boat Racing,SPORTS,4.0,2487.0,1000000.0
La Liga - Spanish Soccer League Official,SPORTS,4.5,180938.0,10000000.0
Lionel Messi Wallpapers,SPORTS,4.7,950.0,100000.0
Goal Live Scores,SPORTS,4.4,232423.0,5000000.0
The 5th Stand,SPORTS,4.8,1664.0,100000.0
NUsport,SPORTS,3.3,1391.0,100000.0
U + professional baseball,SPORTS,4.3,2486.0,500000.0
Mackolik Live Results,SPORTS,3.9,188834.0,10000000.0
Mercato foot by Maxifoot,SPORTS,4.4,697.0,100000.0
MLB Ballpark,SPORTS,3.9,5510.0,1000000.0
MUTV - Manchester United TV,SPORTS,4.4,4549.0,500000.0
"Hole19: Golf GPS App, Rangefinder & Scorecard",SPORTS,4.4,6106.0,100000.0
Yahoo Fantasy Sports - #1 Rated Fantasy App,SPORTS,4.2,277900.0,5000000.0
WatchESPN,SPORTS,4.1,288809.0,10000000.0
CBS Sports Fantasy,SPORTS,4.0,43611.0,1000000.0
NBC Sports,SPORTS,3.1,78442.0,5000000.0
NBC Sports Gold,SPORTS,2.9,3017.0,100000.0
UFC,SPORTS,4.0,30840.0,1000000.0
Telemundo Deportes - Live,SPORTS,4.5,36255.0,1000000.0
SwingAid - Level up Golf,SPORTS,4.3,752.0,100000.0
Golf Channel,SPORTS,4.1,19230.0,1000000.0
The Rules of Golf,SPORTS,4.3,926.0,100000.0
"GolfNow: Tee Time Deals at Golf Courses, Golf GPS",SPORTS,4.5,26102.0,1000000.0
Golf GPS by SwingxSwing,SPORTS,4.6,37167.0,1000000.0
Zepp Golf Swing Analyzer,SPORTS,4.4,2020.0,100000.0
Live Golf Scores - US & European Golf,SPORTS,4.2,798.0,50000.0
Golfshot: Golf GPS + Tee Times,SPORTS,4.3,7543.0,500000.0
PGA TOUR LIVE,SPORTS,3.4,1845.0,100000.0
Golf GPS Rangefinder: Golf Pad,SPORTS,4.6,13098.0,1000000.0
Mobitee GPS Golf Free,SPORTS,4.2,1904.0,100000.0
GolfLogix GPS + Putt Breaks,SPORTS,4.0,11085.0,1000000.0
Golfshot Plus: Golf GPS,SPORTS,4.1,3387.0,50000.0
PGA TOUR,SPORTS,4.0,11151.0,1000000.0
FanDuel: Daily Fantasy Sports,SPORTS,4.6,29673.0,1000000.0
Yahoo Fantasy Sports - #1 Rated Fantasy App,SPORTS,4.2,277904.0,5000000.0
DraftKings - Daily Fantasy Sports,SPORTS,4.5,50017.0,1000000.0
Fantasy Football Manager (FPL),SPORTS,4.4,63650.0,1000000.0
ESPN Fantasy Sports,SPORTS,4.0,176450.0,5000000.0
Fantasy Football,SPORTS,3.5,50179.0,1000000.0
ESPN,SPORTS,4.2,521140.0,10000000.0
US Open Tennis Championships 2018,SPORTS,4.0,9971.0,1000000.0
"Bleacher Report: sports news, scores, & highlights",SPORTS,4.4,122283.0,5000000.0
Live Tennis Rankings / LTR,SPORTS,4.8,1660.0,10000.0
Tennis Livescore Widget,SPORTS,4.1,361.0,50000.0
Tennis Temple - Live Scores,SPORTS,4.6,5305.0,100000.0
"The Championships, Wimbledon 2018",SPORTS,4.3,24082.0,1000000.0
"theScore: Live Sports Scores, News, Stats & Videos",SPORTS,4.4,133833.0,10000000.0
"CBS Sports App - Scores, News, Stats & Watch Live",SPORTS,4.3,91033.0,5000000.0
Tennis 24 - tennis live scores,SPORTS,4.6,990.0,100000.0
"Yahoo Sports - scores, stats, news, & highlights",SPORTS,4.5,32386.0,1000000.0
Tennis News and Scores,SPORTS,4.3,101.0,10000.0
MLB At Bat,SPORTS,4.2,82883.0,5000000.0
MSN Sports - Scores & Schedule,SPORTS,4.5,35394.0,500000.0
"FOX Sports: Live Streaming, Scores & News",SPORTS,4.0,28895.0,5000000.0
FotMob - Live Soccer Scores,SPORTS,4.7,410395.0,10000000.0
Sports Alerts - NFL edition,SPORTS,4.6,11549.0,100000.0
NCAA March Madness Live,SPORTS,4.1,34123.0,5000000.0
NFL,SPORTS,4.1,459797.0,50000000.0
SportsManias Fantasy Team News,SPORTS,3.5,4057.0,500000.0
Thuuz Sports,SPORTS,4.5,5517.0,500000.0
NCAA Sports,SPORTS,3.9,4272.0,500000.0
850 Sports News Digest,SPORTS,4.6,539.0,10000.0
"FIFA - Tournaments, Soccer News & Live Scores",SPORTS,4.2,342912.0,10000000.0
365Scores - Live Scores,SPORTS,4.6,666521.0,10000000.0
Cricbuzz - Live Cricket Scores & News,SPORTS,4.5,838765.0,50000000.0
Fantasy Football & NFL News,SPORTS,4.5,2943.0,100000.0
NBA,SPORTS,4.4,108318.0,10000000.0
BBC Sport,SPORTS,4.2,18679.0,1000000.0
NHL,SPORTS,4.0,68935.0,5000000.0
NASCAR MOBILE,SPORTS,4.2,80900.0,1000000.0
MLB Ballpark,SPORTS,3.9,5511.0,1000000.0
"Univision Deportes: Liga MX, MLS, Fútbol Live",SPORTS,4.2,75545.0,5000000.0
Real Basketball,SPORTS,4.5,1605267.0,10000000.0
"Expedia Hotels, Flights & Car Rental Travel Deals",TRAVEL_AND_LOCAL,4.1,136626.0,10000000.0
trivago: Hotels & Travel,TRAVEL_AND_LOCAL,4.2,219848.0,50000000.0
Hopper - Watch & Book Flights,TRAVEL_AND_LOCAL,4.4,52029.0,5000000.0
TripIt: Travel Organizer,TRAVEL_AND_LOCAL,4.4,49190.0,1000000.0
Trip by Skyscanner - City & Travel Guide,TRAVEL_AND_LOCAL,4.1,5150.0,500000.0
CityMaps2Go Plan Trips Travel Guide Offline Maps,TRAVEL_AND_LOCAL,4.3,64713.0,1000000.0
"KAYAK Flights, Hotels & Cars",TRAVEL_AND_LOCAL,4.5,216388.0,10000000.0
Skyscanner,TRAVEL_AND_LOCAL,4.5,481545.0,10000000.0
World Travel Guide by Triposo,TRAVEL_AND_LOCAL,4.4,6012.0,500000.0
Hotels.com: Book Hotel Rooms & Find Vacation Deals,TRAVEL_AND_LOCAL,4.5,260121.0,10000000.0
Booking.com Travel Deals,TRAVEL_AND_LOCAL,4.7,1830388.0,100000000.0
Hostelworld: Hostels & Cheap Hotels Travel App,TRAVEL_AND_LOCAL,4.4,17878.0,1000000.0
Google Trips - Travel Planner,TRAVEL_AND_LOCAL,4.1,26871.0,5000000.0
TripAdvisor Hotels Flights Restaurants Attractions,TRAVEL_AND_LOCAL,4.4,1162837.0,100000000.0
Airbnb,TRAVEL_AND_LOCAL,4.4,359403.0,10000000.0
Maps - Navigate & Explore,TRAVEL_AND_LOCAL,4.3,9235155.0,1000000000.0
GPS Map Free,TRAVEL_AND_LOCAL,4.0,33782.0,5000000.0
Offline Maps & Navigation,TRAVEL_AND_LOCAL,4.7,192641.0,5000000.0
Google Earth,TRAVEL_AND_LOCAL,4.3,2338655.0,100000000.0
GasBuddy: Find Cheap Gas,TRAVEL_AND_LOCAL,4.6,751551.0,10000000.0
Southwest Airlines,TRAVEL_AND_LOCAL,3.9,24781.0,5000000.0
"AT&T Navigator: Maps, Traffic",TRAVEL_AND_LOCAL,3.6,32862.0,10000000.0
VZ Navigator,TRAVEL_AND_LOCAL,4.0,16101.0,50000000.0
KakaoMap - Map / Navigation,TRAVEL_AND_LOCAL,4.1,76779.0,10000000.0
Google Street View,TRAVEL_AND_LOCAL,4.2,2129689.0,1000000000.0
AirAsia,TRAVEL_AND_LOCAL,3.9,98585.0,10000000.0
"Expedia Hotels, Flights & Car Rental Travel Deals",TRAVEL_AND_LOCAL,4.1,136633.0,10000000.0
Goibibo - Flight Hotel Bus Car IRCTC Booking App,TRAVEL_AND_LOCAL,4.3,459851.0,10000000.0
Allegiant,TRAVEL_AND_LOCAL,3.1,5572.0,1000000.0
Amtrak,TRAVEL_AND_LOCAL,3.7,16815.0,1000000.0
JAL (Domestic and international flights),TRAVEL_AND_LOCAL,3.4,2277.0,1000000.0
Flight & Hotel Booking App - ixigo,TRAVEL_AND_LOCAL,4.4,45562.0,5000000.0
VZ Navigator for Tablets,TRAVEL_AND_LOCAL,3.6,285.0,500000.0
TripAdvisor Hotels Flights Restaurants Attractions,TRAVEL_AND_LOCAL,4.4,1162838.0,100000000.0
"HSL - Tickets, route planner and information",TRAVEL_AND_LOCAL,3.3,256.0,100000.0
Wisepilot for XPERIA™,TRAVEL_AND_LOCAL,3.7,21443.0,5000000.0
VZ Navigator for Galaxy S4,TRAVEL_AND_LOCAL,3.0,2750.0,5000000.0
MAIN,TRAVEL_AND_LOCAL,3.6,7081.0,1000000.0
"Yoriza Pension - travel, lodging, pension, camping, caravan, pool villas accommodation discount",TRAVEL_AND_LOCAL,4.8,17882.0,1000000.0
Foursquare Swarm: Check In,TRAVEL_AND_LOCAL,3.9,421800.0,10000000.0
PagesJaunes - local search,TRAVEL_AND_LOCAL,3.8,43935.0,10000000.0
Flightradar24 Flight Tracker,TRAVEL_AND_LOCAL,4.3,171889.0,10000000.0
"Yatra - Flights, Hotels, Bus, Trains & Cabs",TRAVEL_AND_LOCAL,4.5,251037.0,10000000.0
SNCF,TRAVEL_AND_LOCAL,3.4,15750.0,5000000.0
Fly Delta,TRAVEL_AND_LOCAL,3.7,27560.0,5000000.0
Skyscanner,TRAVEL_AND_LOCAL,4.5,481546.0,10000000.0
Despegar.com Hotels and Flights,TRAVEL_AND_LOCAL,4.4,150932.0,10000000.0
Navigation Plus,TRAVEL_AND_LOCAL,4.1,928.0,1000000.0
2GIS: directory & navigator,TRAVEL_AND_LOCAL,4.5,768833.0,50000000.0
Poynt,TRAVEL_AND_LOCAL,4.0,26665.0,5000000.0
Gaode Map,TRAVEL_AND_LOCAL,3.9,13275.0,1000000.0
"Priceline Hotel Deals, Rental Cars & Flights",TRAVEL_AND_LOCAL,4.4,48930.0,5000000.0
TravelPirates,TRAVEL_AND_LOCAL,4.8,43054.0,1000000.0
Booking.com Travel Deals,TRAVEL_AND_LOCAL,4.7,1830387.0,100000000.0
Free Radar Detector,TRAVEL_AND_LOCAL,4.3,15680.0,1000000.0
American Airlines,TRAVEL_AND_LOCAL,3.7,16980.0,5000000.0
Where to travel - ticket. hotel. train ticket. car ticket. travel. tickets,TRAVEL_AND_LOCAL,4.2,5112.0,1000000.0
United Airlines,TRAVEL_AND_LOCAL,3.5,30447.0,5000000.0
NTES,TRAVEL_AND_LOCAL,4.3,165299.0,10000000.0
Where is my Train : Indian Railway & PNR Status,TRAVEL_AND_LOCAL,4.7,620534.0,10000000.0
MakeMyTrip-Flight Hotel Bus Cab IRCTC Rail Booking,TRAVEL_AND_LOCAL,4.3,599872.0,10000000.0
Restaurant Finder,TRAVEL_AND_LOCAL,4.1,12564.0,1000000.0
Zagat,TRAVEL_AND_LOCAL,3.1,2528.0,100000.0
Gormey: Find Best Restaurants,TRAVEL_AND_LOCAL,4.3,34.0,1000.0
Find Dining Restaurant Finder,TRAVEL_AND_LOCAL,4.1,427.0,100000.0
Urbanspoon Restaurant Reviews,TRAVEL_AND_LOCAL,4.2,35560.0,5000000.0
"Yelp: Food, Shopping, Services Nearby",TRAVEL_AND_LOCAL,4.3,397422.0,10000000.0
Qatar Airways,TRAVEL_AND_LOCAL,4.3,11182.0,1000000.0
Hipmunk Hotels & Flights,TRAVEL_AND_LOCAL,4.3,16734.0,1000000.0
Skiplagged — Exclusive Flights & Hotels,TRAVEL_AND_LOCAL,4.6,10035.0,1000000.0
CWT To Go,TRAVEL_AND_LOCAL,4.4,20313.0,100000.0
British Airways,TRAVEL_AND_LOCAL,4.2,25740.0,1000000.0
Cheap Flights & Hotels momondo,TRAVEL_AND_LOCAL,4.2,42546.0,5000000.0
"CheapTickets – Hotels, Flights & Travel Deals",TRAVEL_AND_LOCAL,4.4,6925.0,1000000.0
JetBlue,TRAVEL_AND_LOCAL,4.4,24281.0,1000000.0
Hopper - Watch & Book Flights,TRAVEL_AND_LOCAL,4.4,52028.0,5000000.0
Flights,TRAVEL_AND_LOCAL,4.4,18039.0,1000000.0
The Emirates App,TRAVEL_AND_LOCAL,4.4,22748.0,1000000.0
Cheapflights – Flight Search,TRAVEL_AND_LOCAL,4.4,47780.0,5000000.0
KLM - Royal Dutch Airlines,TRAVEL_AND_LOCAL,3.7,7705.0,1000000.0
"Orbitz - Hotels, Flights & Package Deals",TRAVEL_AND_LOCAL,4.4,33256.0,1000000.0
Lufthansa,TRAVEL_AND_LOCAL,3.6,14544.0,1000000.0
easyJet: Travel App,TRAVEL_AND_LOCAL,4.4,134895.0,10000000.0
IndiGo,TRAVEL_AND_LOCAL,4.0,48082.0,5000000.0
LateRooms: Find Hotel Deals,TRAVEL_AND_LOCAL,4.1,2419.0,1000000.0
Choice Hotels,TRAVEL_AND_LOCAL,4.4,17915.0,1000000.0
Couchsurfing Travel App,TRAVEL_AND_LOCAL,4.4,61776.0,1000000.0
Hotwire Hotel & Car Rental App,TRAVEL_AND_LOCAL,4.3,10323.0,1000000.0
HOTEL DEALS,TRAVEL_AND_LOCAL,4.2,1609.0,100000.0
HomeAway Vacation Rentals,TRAVEL_AND_LOCAL,4.3,30403.0,5000000.0
IHG®: Hotel Deals & Rewards,TRAVEL_AND_LOCAL,4.3,18622.0,1000000.0
SPG: Starwood Hotels & Resorts,TRAVEL_AND_LOCAL,4.2,8258.0,1000000.0
Hotels.com: Book Hotel Rooms & Find Vacation Deals,TRAVEL_AND_LOCAL,4.5,260133.0,10000000.0
HotelTonight: Book amazing deals at great hotels,TRAVEL_AND_LOCAL,4.4,57573.0,5000000.0
Airbnb,TRAVEL_AND_LOCAL,4.4,359560.0,10000000.0
Hotels Combined - Cheap deals,TRAVEL_AND_LOCAL,4.1,17202.0,5000000.0
Agoda – Hotel Booking Deals,TRAVEL_AND_LOCAL,4.6,263525.0,10000000.0
Turo - Better Than Car Rental,TRAVEL_AND_LOCAL,4.4,14114.0,1000000.0
Ascape VR: 360° Virtual Travel,TRAVEL_AND_LOCAL,4.1,890.0,100000.0
Cheap hotel deals and discounts — Hotellook,TRAVEL_AND_LOCAL,4.5,7153.0,1000000.0
Maps - Navigate & Explore,TRAVEL_AND_LOCAL,4.3,9235373.0,1000000000.0
GPS Status & Toolbox,TRAVEL_AND_LOCAL,4.5,149723.0,10000000.0
Airport + Flight Tracker Radar,TRAVEL_AND_LOCAL,4.2,6762.0,1000000.0
Scout GPS Navigation & Meet Up,TRAVEL_AND_LOCAL,4.2,120373.0,5000000.0
Street Panorama View,TRAVEL_AND_LOCAL,4.2,40225.0,1000000.0
Geo Tracker - GPS tracker,TRAVEL_AND_LOCAL,4.5,42849.0,1000000.0
DreamTrips,TRAVEL_AND_LOCAL,4.7,9971.0,500000.0
Navmii GPS USA (Navfree),TRAVEL_AND_LOCAL,4.0,5960.0,500000.0
Sygic Truck GPS Navigation,TRAVEL_AND_LOCAL,4.2,18294.0,1000000.0
Google Street View,TRAVEL_AND_LOCAL,4.2,2129707.0,1000000000.0
Moto File Manager,TOOLS,4.1,38655.0,10000000.0
Google,TOOLS,4.4,8033493.0,1000000000.0
Google Translate,TOOLS,4.4,5745093.0,500000000.0
Moto Display,TOOLS,4.2,18239.0,10000000.0
Motorola Alert,TOOLS,4.2,24199.0,50000000.0
Motorola Assist,TOOLS,4.1,37333.0,50000000.0
Cache Cleaner-DU Speed Booster (booster & cleaner),TOOLS,4.5,12759663.0,100000000.0
Moto Suggestions ™,TOOLS,4.6,308.0,1000000.0
Moto Voice,TOOLS,4.1,33216.0,10000000.0
Calculator,TOOLS,4.3,40770.0,100000000.0
Device Help,TOOLS,4.2,28860.0,100000000.0
Account Manager,TOOLS,4.1,76604.0,100000000.0
myMetro,TOOLS,4.0,26189.0,10000000.0
File Manager,TOOLS,4.6,739329.0,50000000.0
My Telcel,TOOLS,3.1,45838.0,50000000.0
"Calculator - free calculator, multi calculator app",TOOLS,4.6,25592.0,10000000.0
ASUS Sound Recorder,TOOLS,4.5,34126.0,10000000.0
iWnn IME for Nexus,TOOLS,3.2,2394.0,5000000.0
Samsung Max - Data Savings & Privacy Protection,TOOLS,4.3,330468.0,10000000.0
Android TV Remote Service,TOOLS,4.193338315362443,1.0,1000000.0
ZenUI Help,TOOLS,4.6,136874.0,10000000.0
"Calculator - free calculator ,multi calculator app",TOOLS,4.4,1236.0,100000.0
SHAREit - Transfer & Share,TOOLS,4.6,7790693.0,500000000.0
"ZenUI Keyboard – Emoji, Theme",TOOLS,4.5,537554.0,10000000.0
Files Go by Google: Free up space on your phone,TOOLS,4.6,315585.0,10000000.0
SD card backup,TOOLS,4.193338315362443,142.0,1000000.0
Nokia mobile support,TOOLS,4.4,12215.0,5000000.0
File Manager -- Take Command of Your Files Easily,TOOLS,4.2,127223.0,10000000.0
Samsung Calculator,TOOLS,4.4,9602.0,100000000.0
Clear,TOOLS,3.1,24151.0,10000000.0
Phone,TOOLS,3.6,45483.0,10000000.0
HTC Lock Screen,TOOLS,4.1,28250.0,10000000.0
Gboard - the Google Keyboard,TOOLS,4.2,1859115.0,500000000.0
Google Korean Input,TOOLS,3.5,74819.0,100000000.0
AT&T Smart Wi-Fi,TOOLS,3.9,18513.0,10000000.0
Google app for Android TV,TOOLS,3.0,66.0,10000000.0
Sound Recorder: Recorder & Voice Changer Free,TOOLS,3.9,14552.0,10000000.0
Remote Link (PC Remote),TOOLS,4.5,87055.0,10000000.0
HTC Sense Input,TOOLS,3.4,17030.0,10000000.0
Share Music & Transfer Files - Xender,TOOLS,4.4,1280423.0,100000000.0
App vault,TOOLS,3.4,25094.0,10000000.0
TouchPal Keyboard for vivo,TOOLS,4.3,357.0,1000000.0
Google Assistant Go,TOOLS,3.7,315.0,500000.0
My love,TOOLS,3.5,163997.0,10000000.0
DuraSpeed,TOOLS,3.8,5431.0,10000000.0
HTC Sense Input-LV,TOOLS,3.6,59.0,50000.0
HTC Sense Input-CA,TOOLS,3.1,124.0,100000.0
HTC Sense Input-AR,TOOLS,3.8,1420.0,100000.0
Digital Alarm Clock,TOOLS,4.2,118439.0,10000000.0
Alarm Clock Free,TOOLS,4.0,59973.0,10000000.0
Puzzle Alarm Clock ⏰,TOOLS,4.3,32111.0,1000000.0
Alarm Clock,TOOLS,4.3,114788.0,5000000.0
I Can't Wake Up! Alarm Clock,TOOLS,4.5,70404.0,1000000.0
High-Powered Flashlight,TOOLS,4.5,429580.0,10000000.0
Brightest Flashlight - LED Light,TOOLS,4.5,876866.0,50000000.0
LED Flashlight,TOOLS,4.4,207706.0,10000000.0
Tiny Flashlight + LED,TOOLS,4.4,4254879.0,100000000.0
Flashlight & LED Torch,TOOLS,4.3,111507.0,10000000.0
Color Flashlight,TOOLS,4.2,472904.0,50000000.0
Flashlight,TOOLS,4.7,115409.0,10000000.0
"CM Flashlight (Compass, SOS)",TOOLS,4.4,166367.0,5000000.0
Flashlight HD LED,TOOLS,4.3,618918.0,50000000.0
Flashlight - Torch LED Light,TOOLS,4.4,192661.0,10000000.0
Super Flashlight + LED,TOOLS,4.3,54207.0,5000000.0
Brightest LED Flashlight,TOOLS,4.5,60571.0,5000000.0
Brightest Flashlight Free ®,TOOLS,4.7,1335799.0,50000000.0
Fraction Calculator Plus Free,TOOLS,4.5,148506.0,5000000.0
Calculator Plus Free,TOOLS,4.6,679912.0,10000000.0
CALCU™ Stylish Calculator Free,TOOLS,4.7,152692.0,5000000.0
Mobi Calculator free & AD free!,TOOLS,4.6,77311.0,5000000.0
Calculator with Percent (Free),TOOLS,4.8,48211.0,1000000.0
Graphing Calculator,TOOLS,3.9,12388.0,1000000.0
Unit Converter,TOOLS,4.5,85387.0,1000000.0
Calculator ++,TOOLS,4.6,33509.0,1000000.0
MyScript Calculator,TOOLS,4.5,342336.0,10000000.0
ConvertPad - Unit Converter,TOOLS,4.4,90831.0,10000000.0
Unit Converter Pro,TOOLS,4.5,12718.0,1000000.0
Classic Calculator,TOOLS,4.0,85659.0,5000000.0
Scientific Calculator Free,TOOLS,4.3,16395.0,1000000.0
weight conversion calculator,TOOLS,4.0,807.0,100000.0
Age Calculator,TOOLS,4.4,24265.0,1000000.0
EzCalculator,TOOLS,4.1,1657.0,100000.0
SuperVPN Free VPN Client,TOOLS,4.3,576454.0,50000000.0
Hideman VPN,TOOLS,4.1,88675.0,5000000.0
Fast Secure VPN,TOOLS,4.3,56848.0,1000000.0
Free & Premium VPN - FinchVPN,TOOLS,4.2,19096.0,1000000.0
Hotspot Shield Free VPN Proxy & Wi-Fi Security,TOOLS,4.2,1116393.0,50000000.0
OpenVPN Connect – Fast & Safe SSL VPN Client,TOOLS,4.2,154578.0,10000000.0
"VPN - Fast, Secure & Unlimited WiFi with VyprVPN",TOOLS,4.2,40676.0,1000000.0
FREEDOME VPN Unlimited anonymous Wifi Security,TOOLS,4.3,39833.0,1000000.0
SurfEasy Secure Android VPN,TOOLS,4.5,273283.0,5000000.0
TunnelBear VPN,TOOLS,4.4,139480.0,5000000.0
VPN Free - Betternet Hotspot VPN & Private Browser,TOOLS,4.5,801054.0,10000000.0
Gboard - the Google Keyboard,TOOLS,4.2,1859109.0,500000000.0
Smart Keyboard Trial,TOOLS,4.1,65597.0,10000000.0
"Emoji keyboard - Cute Emoticons, GIF, Stickers",TOOLS,4.4,1107320.0,50000000.0
"GO Keyboard - Cute Emojis, Themes and GIFs",TOOLS,4.5,4594198.0,100000000.0
Google Handwriting Input,TOOLS,4.3,94427.0,10000000.0
Wifi Analyzer,TOOLS,4.4,335115.0,10000000.0
Network Signal Info,TOOLS,4.1,33926.0,1000000.0
Speedtest by Ookla,TOOLS,4.4,1028794.0,100000000.0
osmino Wi-Fi: free WiFi,TOOLS,4.2,134203.0,10000000.0
WiFi Overview 360,TOOLS,4.1,15693.0,1000000.0
Speedcheck,TOOLS,4.6,48979.0,1000000.0
Internet Speed Meter Lite,TOOLS,4.5,410303.0,10000000.0
Wifi Inspector,TOOLS,4.3,63712.0,5000000.0
WiFi Automatic,TOOLS,4.1,10595.0,1000000.0
NETGEAR WiFi Analytics,TOOLS,4.1,9496.0,1000000.0
Keypad Lock Screen,TOOLS,4.2,428581.0,10000000.0
photo keypad lockscreen,TOOLS,4.1,225544.0,10000000.0
CM Locker - Security Lockscreen,TOOLS,4.6,3090727.0,100000000.0
Solo Locker (DIY Locker),TOOLS,4.5,474439.0,10000000.0
Lock Screen,TOOLS,4.0,41137.0,1000000.0
ZERO Lock Screen,TOOLS,3.5,75336.0,1000000.0
AppLock - Fingerprint,TOOLS,4.4,745245.0,10000000.0
Applock,TOOLS,4.4,4934130.0,100000000.0
Smart AppLock (App Protect),TOOLS,4.4,137562.0,10000000.0
Screen Off and Lock,TOOLS,4.1,172990.0,10000000.0
Screen Lock,TOOLS,4.2,68309.0,1000000.0
Nova Launcher,PERSONALIZATION,4.6,1121805.0,50000000.0
Funny Ringtones,PERSONALIZATION,4.4,7146.0,1000000.0
ZEDGE™ Ringtones & Wallpapers,PERSONALIZATION,4.6,6466641.0,100000000.0
"XOS - Launcher,Theme,Wallpaper",PERSONALIZATION,4.6,49657.0,5000000.0
3D Live Neon Weed Launcher,PERSONALIZATION,4.5,1724.0,100000.0
Evie Launcher,PERSONALIZATION,4.7,139258.0,5000000.0
Golden Launcher,PERSONALIZATION,4.4,32794.0,5000000.0
Launcher,PERSONALIZATION,4.5,102923.0,1000000.0
"CM Launcher 3D - Theme, Wallpapers, Efficient",PERSONALIZATION,4.6,6702776.0,100000000.0
4K Wallpapers and Ultra HD Backgrounds,PERSONALIZATION,4.6,7583.0,500000.0
OnePlus Launcher,PERSONALIZATION,4.0,24215.0,1000000.0
Birds Sounds Ringtones & Wallpapers,PERSONALIZATION,4.6,5073.0,1000000.0
Funny Alarm Clock Ringtones,PERSONALIZATION,4.5,15633.0,1000000.0
ZenUI Launcher,PERSONALIZATION,4.7,1141545.0,50000000.0
"Color Call - Caller Screen, LED Flash",PERSONALIZATION,4.7,29485.0,1000000.0
New Launcher 2018,PERSONALIZATION,4.4,142393.0,10000000.0
Diamond Zipper Lock Screen,PERSONALIZATION,4.3,71688.0,10000000.0
"Emoji Keyboard - Cute Emoji,GIF, Sticker, Emoticon",PERSONALIZATION,4.7,114851.0,10000000.0
3D Blue Glass Water Keyboard Theme,PERSONALIZATION,4.1,62209.0,10000000.0
Backgrounds (HD Wallpapers),PERSONALIZATION,4.7,202474.0,10000000.0
Smart Launcher 5,PERSONALIZATION,4.4,512102.0,10000000.0
New 2018 Keyboard,PERSONALIZATION,4.6,298321.0,10000000.0
"APUS Launcher - Theme, Wallpaper, Hide Apps",PERSONALIZATION,4.5,5783441.0,100000000.0
ZenUI Themes – Stylish Themes,PERSONALIZATION,4.4,47393.0,10000000.0
"Keyboard - wallpapers , photos",PERSONALIZATION,4.4,55525.0,10000000.0
Lovely Cute Pink Kitty Cat Keyboard Theme,PERSONALIZATION,4.3,2267.0,500000.0
Apex Launcher,PERSONALIZATION,4.3,266401.0,10000000.0
Microsoft Launcher,PERSONALIZATION,4.6,649568.0,10000000.0
Goku Wallpaper Art,PERSONALIZATION,4.7,6342.0,1000000.0
Door Lock Screen,PERSONALIZATION,4.3,5413.0,1000000.0
Yandex Browser with Protect,PERSONALIZATION,4.5,1237135.0,50000000.0
Cute wallpapers & kawaii backgrounds images,PERSONALIZATION,4.6,4724.0,1000000.0
ASUS Cover for ZenFone 2,PERSONALIZATION,4.4,43960.0,10000000.0
"Hola Launcher- Theme,Wallpaper",PERSONALIZATION,4.5,3277209.0,100000000.0
OnePlus Icon Pack - Square,PERSONALIZATION,4.7,229.0,500000.0
Live 3D Neon Blue Love Heart Keyboard Theme,PERSONALIZATION,4.3,6626.0,1000000.0
Pink Diamond Princess Keyboard Theme,PERSONALIZATION,3.7,10796.0,1000000.0
"Wallpapers HD, 4K Backgrounds",PERSONALIZATION,4.7,273994.0,10000000.0
Photo Lock App - Hide Pictures & Videos,PERSONALIZATION,4.5,29203.0,5000000.0
Romantic Love Photo Frames,PERSONALIZATION,4.4,18918.0,5000000.0
Colorful Glitter Neon Butterfly Keyboard Theme,PERSONALIZATION,4.3,2056.0,500000.0
OnePlus Icon Pack,PERSONALIZATION,4.8,440.0,500000.0
Water Garden Live Wallpaper,PERSONALIZATION,4.6,66453.0,5000000.0
Water Droplets Keyboard Theme,PERSONALIZATION,4.1,398.0,100000.0
"FUN Keyboard – Emoji Keyboard, Sticker,Theme & GIF",PERSONALIZATION,4.7,12089.0,500000.0
Freeme Launcher—Stylish Theme,PERSONALIZATION,4.1,2828.0,100000.0
Ringtones & Wallpapers for Me,PERSONALIZATION,4.2,89342.0,10000000.0
Ringtone Maker,PERSONALIZATION,4.3,495905.0,50000000.0
Retro Clock Widget,PERSONALIZATION,4.2,86743.0,5000000.0
Zooper Widget,PERSONALIZATION,4.0,30498.0,1000000.0
Beautiful Widgets Pro,PERSONALIZATION,4.2,97890.0,1000000.0
Beautiful Widgets Free,PERSONALIZATION,3.9,25037.0,1000000.0
HD Widgets,PERSONALIZATION,4.3,58617.0,1000000.0
DashClock Widget,PERSONALIZATION,4.1,62301.0,1000000.0
Fancy Widgets,PERSONALIZATION,4.2,37237.0,5000000.0
Kairo XP (for HD Widgets),PERSONALIZATION,4.4,1591.0,10000.0
icon wallpaper dressup💞CocoPPa,PERSONALIZATION,4.3,595120.0,10000000.0
The real aquarium - HD,PERSONALIZATION,4.3,100130.0,5000000.0
Best Wallpapers QHD,PERSONALIZATION,4.4,294701.0,10000000.0
Dog Licks Screen Wallpaper,PERSONALIZATION,4.3,63624.0,5000000.0
Waterfall Live Wallpaper,PERSONALIZATION,4.1,112977.0,10000000.0
Galaxy Live Wallpaper,PERSONALIZATION,4.2,58052.0,5000000.0
Northern Lights FREE (Aurora),PERSONALIZATION,4.1,12180.0,1000000.0
Flowers Live Wallpaper,PERSONALIZATION,4.1,118459.0,10000000.0
Petals 3D live wallpaper,PERSONALIZATION,4.2,112479.0,10000000.0
Galactic Core Free Wallpaper,PERSONALIZATION,4.1,69417.0,10000000.0
LINE Launcher,PERSONALIZATION,4.4,733838.0,10000000.0
Asteroids 3D live wallpaper,PERSONALIZATION,4.1,157495.0,10000000.0
Sun Rise Free Live Wallpaper,PERSONALIZATION,4.3,86481.0,10000000.0
Wallpapers HD,PERSONALIZATION,4.6,484981.0,10000000.0
Tiger Live Wallpaper,PERSONALIZATION,4.1,77724.0,5000000.0
Backgrounds HD (Wallpapers),PERSONALIZATION,4.6,2390185.0,100000000.0
Pink Roses Live Wallpaper,PERSONALIZATION,4.2,33074.0,1000000.0
Butterfly Live Wallpaper,PERSONALIZATION,4.1,35771.0,5000000.0
Koi Free Live Wallpaper,PERSONALIZATION,4.2,290241.0,50000000.0
Wallpaper,PERSONALIZATION,4.5,69488.0,1000000.0
Wolves Live Wallpaper,PERSONALIZATION,4.3,10401.0,1000000.0
Horses Live Wallpaper,PERSONALIZATION,4.2,28806.0,1000000.0
Tropical Beach Live Wallpaper,PERSONALIZATION,4.0,11343.0,1000000.0
Glowing Flowers Live Wallpaper,PERSONALIZATION,4.2,66730.0,5000000.0
Dolphins Live Wallpaper,PERSONALIZATION,4.2,25807.0,1000000.0
Apex Launcher,PERSONALIZATION,4.3,266402.0,10000000.0
Smart Launcher 5,PERSONALIZATION,4.4,512106.0,10000000.0
Buzz Launcher-Smart&Free Theme,PERSONALIZATION,4.4,251616.0,10000000.0
Yandex.Shell (Launcher+Dialer),PERSONALIZATION,4.4,87300.0,1000000.0
ADW Launcher 2,PERSONALIZATION,4.3,181399.0,10000000.0
BIG Launcher,PERSONALIZATION,4.3,881.0,10000.0
Smart Launcher Pro 3,PERSONALIZATION,4.6,40704.0,100000.0
"iKeyboard - emoji, emoticons",PERSONALIZATION,4.5,624924.0,10000000.0
Simple Neon Blue Future Tech Keyboard Theme,PERSONALIZATION,4.1,51145.0,10000000.0
ai.type Free Emoji Keyboard,PERSONALIZATION,4.3,647844.0,10000000.0
"GO Keyboard - Emoticon keyboard, Free Theme, GIF",PERSONALIZATION,4.4,2591941.0,100000000.0
TouchPal Purple Butterfly Theme,PERSONALIZATION,4.2,7435.0,1000000.0
2018Emoji Keyboard 😂 Emoticons Lite -sticker&gif,PERSONALIZATION,4.2,115773.0,10000000.0
Lavender Emoji Keyboard Theme,PERSONALIZATION,4.1,12008.0,1000000.0
Microsoft Word,PRODUCTIVITY,4.5,2084126.0,500000000.0
"All-In-One Toolbox: Cleaner, Booster, App Manager",PRODUCTIVITY,4.7,536926.0,10000000.0
Adobe Acrobat Reader,PRODUCTIVITY,4.3,3016297.0,100000000.0
"AVG Cleaner – Speed, Battery & Memory Booster",PRODUCTIVITY,4.4,1188154.0,10000000.0
Google Drive,PRODUCTIVITY,4.4,2731171.0,1000000000.0
QR Scanner & Barcode Scanner 2018,PRODUCTIVITY,3.8,8226.0,10000000.0
Chrome Beta,PRODUCTIVITY,4.4,228794.0,10000000.0
Microsoft Outlook,PRODUCTIVITY,4.3,3252896.0,100000000.0
Google PDF Viewer,PRODUCTIVITY,4.2,226456.0,10000000.0
Microsoft Excel,PRODUCTIVITY,4.5,1079491.0,100000000.0
My Claro Peru,PRODUCTIVITY,3.2,11200.0,5000000.0
Power Booster - Junk Cleaner & CPU Cooler & Boost,PRODUCTIVITY,4.5,9653.0,1000000.0
Google Assistant,PRODUCTIVITY,4.2,58675.0,10000000.0
Microsoft OneDrive,PRODUCTIVITY,4.4,1038306.0,100000000.0
Calculator - unit converter,PRODUCTIVITY,4.7,287250.0,50000000.0
Microsoft OneNote,PRODUCTIVITY,4.4,480643.0,100000000.0
Metro name iD,PRODUCTIVITY,4.0,27800.0,10000000.0
Google Keep,PRODUCTIVITY,4.4,691474.0,100000000.0
Archos File Manager,PRODUCTIVITY,4.0,2131.0,5000000.0
ES File Explorer File Manager,PRODUCTIVITY,4.6,5383985.0,100000000.0
ASUS SuperNote,PRODUCTIVITY,4.5,26559.0,10000000.0
HTC File Manager,PRODUCTIVITY,4.2,13500.0,10000000.0
MyMTN,PRODUCTIVITY,4.0,8550.0,1000000.0
Dropbox,PRODUCTIVITY,4.4,1861310.0,500000000.0
ASUS Quick Memo,PRODUCTIVITY,4.5,23089.0,10000000.0
HTC Calendar,PRODUCTIVITY,3.9,6949.0,10000000.0
Google Calendar,PRODUCTIVITY,4.2,858208.0,500000000.0
Google Docs,PRODUCTIVITY,4.3,815981.0,100000000.0
ASUS Calling Screen,PRODUCTIVITY,4.2,102451.0,10000000.0
lifebox,PRODUCTIVITY,4.2,56403.0,5000000.0
Yandex.Disk,PRODUCTIVITY,4.4,115072.0,5000000.0
Content Transfer,PRODUCTIVITY,4.7,19302.0,5000000.0
"Evernote – Organizer, Planner for Notes & Memos",PRODUCTIVITY,4.6,1488396.0,100000000.0
HTC Mail,PRODUCTIVITY,3.1,6572.0,10000000.0
Advanced Task Killer,PRODUCTIVITY,4.4,577059.0,50000000.0
MyVodafone (India) - Online Recharge & Pay Bills,PRODUCTIVITY,4.1,1092367.0,10000000.0
Microsoft PowerPoint,PRODUCTIVITY,4.5,618798.0,100000000.0
Microsoft Translator,PRODUCTIVITY,4.6,209696.0,5000000.0
"My Airtel-Online Recharge, Pay Bill, Wallet, UPI",PRODUCTIVITY,4.3,1498393.0,50000000.0
Samsung Notes,PRODUCTIVITY,3.9,15368.0,100000000.0
Do It Later: Tasks & To-Dos,PRODUCTIVITY,4.5,123412.0,50000000.0
Verizon Cloud,PRODUCTIVITY,4.3,185632.0,50000000.0
myAT&T,PRODUCTIVITY,3.7,80847.0,50000000.0
SwiftKey Keyboard,PRODUCTIVITY,4.5,2764964.0,100000000.0
Hacker's Keyboard,PRODUCTIVITY,4.4,41418.0,1000000.0
MEGA,PRODUCTIVITY,4.0,549973.0,50000000.0
Security & Privacy,PRODUCTIVITY,4.0,212.0,1000000.0
7 Weeks - Habit & Goal Tracker,PRODUCTIVITY,4.4,6011.0,500000.0
Loop - Habit Tracker,PRODUCTIVITY,4.7,17955.0,1000000.0
"TickTick: To Do List with Reminder, Day Planner",PRODUCTIVITY,4.6,25370.0,1000000.0
Keeper: Free Password Manager & Secure Vault,PRODUCTIVITY,4.2,74146.0,10000000.0
Pushbullet - SMS on PC,PRODUCTIVITY,4.5,176873.0,1000000.0
Wunderlist: To-Do List & Tasks,PRODUCTIVITY,4.6,404617.0,10000000.0
Planner Pro-Personal Organizer,PRODUCTIVITY,4.0,10270.0,1000000.0
Todoist: To-do lists for task management & errands,PRODUCTIVITY,4.5,155999.0,10000000.0
Cozi Family Organizer,PRODUCTIVITY,4.4,56713.0,1000000.0
IFTTT,PRODUCTIVITY,4.3,117255.0,1000000.0
"Any.do: To-do list, Calendar, Reminders & Planner",PRODUCTIVITY,4.5,298843.0,10000000.0
Trello,PRODUCTIVITY,4.5,72513.0,5000000.0
Easy Voice Recorder,PRODUCTIVITY,4.4,205191.0,10000000.0
Dashlane Free Password Manager,PRODUCTIVITY,4.6,73695.0,1000000.0
CM FILE MANAGER HD,PRODUCTIVITY,4.3,144879.0,10000000.0
ES File Explorer File Manager,PRODUCTIVITY,4.6,5383971.0,100000000.0
Solid Explorer Classic,PRODUCTIVITY,4.5,49794.0,1000000.0
File Browser by Astro (File Manager),PRODUCTIVITY,4.3,609182.0,50000000.0
File Explorer,PRODUCTIVITY,4.1,979.0,100000.0
The Maner,PRODUCTIVITY,4.2,53015.0,5000000.0
AndroZip™ FREE File Manager,PRODUCTIVITY,4.2,277794.0,10000000.0
Solid Explorer File Manager,PRODUCTIVITY,4.6,67523.0,1000000.0
Smart File Manager,PRODUCTIVITY,4.2,17415.0,1000000.0
Microsoft Word,PRODUCTIVITY,4.5,2084125.0,500000000.0
Google Drive,PRODUCTIVITY,4.4,2731211.0,1000000000.0
Adobe Acrobat Reader,PRODUCTIVITY,4.3,3016305.0,100000000.0
Google Sheets,PRODUCTIVITY,4.3,496399.0,100000000.0
Microsoft Excel,PRODUCTIVITY,4.5,1079616.0,100000000.0
Google Docs,PRODUCTIVITY,4.3,815974.0,100000000.0
"Polaris Office - Word, Docs, Sheets, Slide, PDF",PRODUCTIVITY,4.3,549900.0,10000000.0
Microsoft PowerPoint,PRODUCTIVITY,4.5,618796.0,100000000.0
"WPS Office - Word, Docs, PDF, Note, Slide & Sheet",PRODUCTIVITY,4.5,1508137.0,100000000.0
Microsoft OneNote,PRODUCTIVITY,4.4,480640.0,100000000.0
Google Calendar,PRODUCTIVITY,4.2,858227.0,500000000.0
Google Slides,PRODUCTIVITY,4.2,244567.0,100000000.0
ColorNote Notepad Notes,PRODUCTIVITY,4.6,2401017.0,100000000.0
Note Everything,PRODUCTIVITY,4.4,57033.0,5000000.0
Simple Notepad,PRODUCTIVITY,4.3,12321.0,1000000.0
Keep My Notes - Notepad & Memo,PRODUCTIVITY,4.6,122424.0,5000000.0
Sticky Note + : Sync Notes,PRODUCTIVITY,4.2,21507.0,1000000.0
Notepad,PRODUCTIVITY,4.2,80581.0,10000000.0
Squid - Take Notes & Markup PDFs,PRODUCTIVITY,4.2,37204.0,1000000.0
Ultimate Notepad,PRODUCTIVITY,4.0,10643.0,5000000.0
Notepad & To do list,PRODUCTIVITY,4.3,226295.0,10000000.0
"JotterPad - Writer, Screenplay, Novel",PRODUCTIVITY,4.6,57904.0,1000000.0
Wunderlist: To-Do List & Tasks,PRODUCTIVITY,4.6,404610.0,10000000.0
"Evernote – Organizer, Planner for Notes & Memos",PRODUCTIVITY,4.6,1488397.0,100000000.0
"Any.do: To-do list, Calendar, Reminders & Planner",PRODUCTIVITY,4.5,298854.0,10000000.0
Microsoft OneNote,PRODUCTIVITY,4.4,480638.0,100000000.0
Planning Center Services,PRODUCTIVITY,4.3,5157.0,500000.0
Calendar+ Schedule Planner App,PRODUCTIVITY,4.0,8985.0,1000000.0
Today Calendar 2017,PRODUCTIVITY,4.2,16349.0,1000000.0
To-Do Calendar Planner,PRODUCTIVITY,4.2,30291.0,1000000.0
New Calendar,PRODUCTIVITY,4.5,25985.0,1000000.0
Calendar Widget Month + Agenda,PRODUCTIVITY,4.2,60840.0,5000000.0
DigiCal Calendar Agenda,PRODUCTIVITY,4.4,133573.0,5000000.0
Time Recording - Timesheet App,PRODUCTIVITY,4.6,23393.0,1000000.0
Jorte Calendar & Organizer,PRODUCTIVITY,4.3,198051.0,10000000.0
Business Calendar 2,PRODUCTIVITY,4.6,102594.0,5000000.0
Google Calendar,PRODUCTIVITY,4.2,858230.0,500000000.0
aCalendar - Android Phone,PRODUCTIVITY,4.4,80119.0,10000000.0
aCalendar+ Calendar & Tasks,PRODUCTIVITY,4.6,26919.0,100000.0
G Cloud Backup,PRODUCTIVITY,4.6,267189.0,5000000.0
Microsoft OneDrive,PRODUCTIVITY,4.4,1038303.0,100000000.0
Unclouded - Cloud Manager,PRODUCTIVITY,4.1,6850.0,100000.0
Dropbox,PRODUCTIVITY,4.4,1861309.0,500000000.0
Amazon Drive,PRODUCTIVITY,4.4,18669.0,1000000.0
SugarSync,PRODUCTIVITY,4.1,16420.0,1000000.0
pCloud: Free Cloud Storage,PRODUCTIVITY,4.3,16149.0,1000000.0
MediaFire,PRODUCTIVITY,4.1,71432.0,5000000.0
Cloud Print,PRODUCTIVITY,4.1,282460.0,500000000.0
Baby Names,PARENTING,4.5,86.0,10000.0
My baby Piano,PARENTING,3.9,17941.0,5000000.0
Zoo For Preschool Kids 3-9 Years,PARENTING,4.193338315362443,76.0,10000.0
My baby Game (Balloon POP!),PARENTING,3.8,3614.0,1000000.0
Arabic Alphabets,PARENTING,4.193338315362443,34.0,10000.0
Learn the letters and words,PARENTING,4.193338315362443,31.0,10000.0
Development of the child up to a year,PARENTING,4.6,1413.0,100000.0
Favorite children's songs,PARENTING,4.7,39.0,10000.0
Ali Baba's Farm Tutorial Kids Games,PARENTING,4.193338315362443,36.0,5000.0
Baby Panda Learns Shapes,PARENTING,4.0,3789.0,1000000.0
Learning English for children,PARENTING,4.193338315362443,67.0,50000.0
Mozart Baby Sleep,PARENTING,4.7,107.0,50000.0
Kids Videos,PARENTING,4.1,559.0,100000.0
My baby firework,PARENTING,3.7,4976.0,1000000.0
We learn children's verses in kindergarten,PARENTING,4.193338315362443,3248.0,100000.0
Baby Food - Homemade Recipes,PARENTING,4.1,44.0,10000.0
My baby Phone,PARENTING,3.7,9293.0,1000000.0
Baby Sleep: White noise lullabies for newborns,PARENTING,4.6,62386.0,1000000.0
Arabic Chat - Chat,PARENTING,4.4,162.0,10000.0
BookBaby - Baby Development,PARENTING,4.6,1002.0,50000.0
Kids Craft Ideas,PARENTING,4.1,99.0,10000.0
Child Growth Tracking,PARENTING,4.4,498.0,50000.0
Family Album Mitene: Private Photo & Video Sharing,PARENTING,4.7,34336.0,1000000.0
Family GPS Tracker and Chat + Baby Monitor Online,PARENTING,4.4,9073.0,500000.0
Educational Children's Songs,PARENTING,4.193338315362443,163.0,100000.0
How do I take care of my child?,PARENTING,4.8,190.0,100000.0
Baby Name Together,PARENTING,4.0,464.0,100000.0
White Noise for Baby,PARENTING,4.9,717.0,100000.0
Favorite Soviet cartoons,PARENTING,4.193338315362443,63.0,10000.0
The first year of a baby's life,PARENTING,4.8,7505.0,100000.0
Safe365 – Cell Phone GPS Locator For Your Family,PARENTING,4.4,11501.0,1000000.0
Listen to the story~The Story of the Fairy Tales,PARENTING,4.7,69.0,5000.0
"Amazon FreeTime – Kids’ Videos, Books, & TV shows",PARENTING,4.2,2715.0,500000.0
"Kids Fang - Infant Videos, Children's Songs, Fairy Tales, Lullaby Collections",PARENTING,4.6,349.0,100000.0
PPS Online,PARENTING,4.6,37.0,10000.0
Johny Johny Yes Papa Nursery Rhyme - offline Video,PARENTING,4.5,806.0,500000.0
Latest Emmanuella Comedy Video,PARENTING,4.6,60.0,10000.0
Baby Care & Tracker,PARENTING,4.1,319.0,100000.0
Urban Limo Taxi Simulator,PARENTING,3.8,824.0,1000000.0
Rainbow - Journal & Activities,PARENTING,4.8,6668.0,100000.0
Classical music for baby,PARENTING,4.8,1940.0,100000.0
How do I care about my child?,PARENTING,4.193338315362443,34.0,10000.0
My Child from eDziecko.pl,PARENTING,4.5,1025.0,100000.0
Baby Panda Musical Genius,PARENTING,4.0,3346.0,1000000.0
Baby Monitor,PARENTING,4.4,5343.0,1000000.0
Daniel Tiger for Parents,PARENTING,4.7,247.0,100000.0
Voice Tables - no internet,PARENTING,4.193338315362443,970.0,100000.0
Vegetable Fun,PARENTING,3.9,3182.0,1000000.0
It's open.,PARENTING,4.4,1528.0,100000.0
Children's Stories 2018 - The Lion Come Lion,PARENTING,4.4,39.0,10000.0
Feed Baby - Baby Tracker,PARENTING,4.5,76795.0,1000000.0
The Weather Channel: Rain Forecast & Storm Alerts,WEATHER,4.4,1558437.0,50000000.0
Weather forecast,WEATHER,4.8,159455.0,1000000.0
AccuWeather: Daily Forecast & Live Weather Reports,WEATHER,4.4,2053404.0,50000000.0
Live Weather Pro,WEATHER,4.8,892.0,10000.0
"Weather by WeatherBug: Forecast, Radar & Alerts",WEATHER,4.5,981995.0,10000000.0
weather - weather forecast,WEATHER,4.7,11118.0,1000000.0
MyRadar NOAA Weather Radar,WEATHER,4.5,178934.0,10000000.0
SMHI Weather,WEATHER,3.5,11297.0,1000000.0
Free live weather on screen,WEATHER,4.4,15370.0,1000000.0
Weather Radar Widget,WEATHER,4.3,18194.0,1000000.0
Weather –Simple weather forecast,WEATHER,4.4,40606.0,10000000.0
Weather Crave,WEATHER,4.2,133338.0,5000000.0
Klara weather,WEATHER,4.6,36900.0,500000.0
Yahoo Weather,WEATHER,4.4,1312037.0,10000000.0
Real time Weather Forecast,WEATHER,4.4,4184.0,1000000.0
METEO FRANCE,WEATHER,3.9,100994.0,5000000.0
APE Weather ( Live Forecast),WEATHER,4.3,20008.0,5000000.0
Live Weather & Daily Local Weather Forecast,WEATHER,4.5,13426.0,1000000.0
Weather,WEATHER,4.2,18773.0,10000000.0
Rainfall radar - weather,WEATHER,3.7,26941.0,5000000.0
Yahoo! Weather for SH Forecast for understanding the approach of rain clouds Free,WEATHER,4.2,7457.0,1000000.0
The Weather Network,WEATHER,3.9,135337.0,5000000.0
Klart.se - Sweden's best weather,WEATHER,3.6,7623.0,1000000.0
"GO Weather - Widget, Theme, Wallpaper, Efficient",WEATHER,4.5,1422858.0,50000000.0
Info BMKG,WEATHER,4.3,21404.0,1000000.0
Weather From DMI/YR,WEATHER,4.3,2143.0,100000.0
wetter.com - Weather and Radar,WEATHER,4.2,189313.0,10000000.0
Storm Radar: Tornado Tracker & Hurricane Alerts,WEATHER,4.6,89868.0,1000000.0
Yandex.Weather,WEATHER,4.5,309617.0,10000000.0
Local Weather Forecast & Visual Widget,WEATHER,4.5,3478.0,500000.0
Wetter by t-online.de,WEATHER,4.2,24349.0,1000000.0
HTC Weather,WEATHER,3.9,22154.0,10000000.0
Weather Live Pro,WEATHER,4.8,17493.0,100000.0
AEMET's time,WEATHER,3.8,15966.0,1000000.0
New 2018 Weather App & Widget,WEATHER,4.5,2332.0,500000.0
Météociel,WEATHER,4.5,29344.0,500000.0
Weather by eltiempo.es,WEATHER,4.2,67772.0,5000000.0
Climatempo Lite - 15 day weather forecast,WEATHER,4.0,634.0,100000.0
ForecaWeather,WEATHER,4.2,18425.0,1000000.0
YouTube,VIDEO_PLAYERS,4.3,25655305.0,1000000000.0
All Video Downloader 2018,VIDEO_PLAYERS,4.3,7557.0,1000000.0
Video Downloader,VIDEO_PLAYERS,4.2,59089.0,10000000.0
HD Video Player,VIDEO_PLAYERS,4.3,1551.0,1000000.0
Iqiyi (for tablet),VIDEO_PLAYERS,3.6,12764.0,1000000.0
Motorola FM Radio,VIDEO_PLAYERS,3.9,54807.0,100000000.0
Video Player All Format,VIDEO_PLAYERS,4.8,259003.0,10000000.0
Motorola Gallery,VIDEO_PLAYERS,3.9,121916.0,100000000.0
Free TV series,VIDEO_PLAYERS,3.7,400.0,100000.0
Video Player All Format for Android,VIDEO_PLAYERS,4.6,3930.0,500000.0
VLC for Android,VIDEO_PLAYERS,4.4,1032076.0,100000000.0
Code,VIDEO_PLAYERS,4.4,239242.0,10000000.0
Vote for,VIDEO_PLAYERS,4.2,193381.0,50000000.0
XX HD Video downloader-Free Video Downloader,VIDEO_PLAYERS,4.1,7624.0,1000000.0
OBJECTIVE,VIDEO_PLAYERS,3.8,19738.0,1000000.0
Music - Mp3 Player,VIDEO_PLAYERS,4.4,259605.0,10000000.0
HD Movie Video Player,VIDEO_PLAYERS,4.5,18699.0,1000000.0
"YouCut - Video Editor & Video Maker, No Watermark",VIDEO_PLAYERS,4.6,98819.0,5000000.0
"Video Editor,Crop Video,Movie Video,Music,Effects",VIDEO_PLAYERS,4.7,53006.0,1000000.0
YouTube Studio,VIDEO_PLAYERS,4.3,436921.0,10000000.0
video player for android,VIDEO_PLAYERS,4.5,351168.0,10000000.0
Vigo Video,VIDEO_PLAYERS,4.3,1615596.0,50000000.0
Google Play Movies & TV,VIDEO_PLAYERS,3.7,906384.0,1000000000.0
HTC Service － DLNA,VIDEO_PLAYERS,3.9,3484.0,10000000.0
VPlayer,VIDEO_PLAYERS,3.6,5639.0,1000000.0
MiniMovie - Free Video and Slideshow Editor,VIDEO_PLAYERS,4.5,504823.0,50000000.0
Samsung Video Library,VIDEO_PLAYERS,4.4,25922.0,50000000.0
OnePlus Gallery,VIDEO_PLAYERS,3.8,5555.0,1000000.0
LIKE – Magic Video Maker & Community,VIDEO_PLAYERS,4.6,921868.0,50000000.0
HTC Service—Video Player,VIDEO_PLAYERS,4.2,6449.0,5000000.0
Play Tube,VIDEO_PLAYERS,4.3,15874.0,1000000.0
Droid Zap by Motorola,VIDEO_PLAYERS,3.8,2093.0,5000000.0
video player,VIDEO_PLAYERS,4.4,26421.0,1000000.0
G Guide Program Guide (SOFTBANK EMOBILE WILLCOM version),VIDEO_PLAYERS,3.1,2689.0,1000000.0
Video.Guru - Video Maker,VIDEO_PLAYERS,4.6,36969.0,1000000.0
HTC Gallery,VIDEO_PLAYERS,4.1,45744.0,10000000.0
"PowerDirector Video Editor App: 4K, Slow Mo & More",VIDEO_PLAYERS,4.5,714665.0,10000000.0
Cartoon Network App,VIDEO_PLAYERS,4.0,119202.0,10000000.0
MX Player,VIDEO_PLAYERS,4.5,6474426.0,500000000.0
Video Status,VIDEO_PLAYERS,4.3,6685.0,1000000.0
Video Wallpaper Show,VIDEO_PLAYERS,4.193338315362443,0.0,500.0
SVT Play,VIDEO_PLAYERS,3.7,11549.0,1000000.0
BluTV,VIDEO_PLAYERS,3.9,28835.0,1000000.0
Tencent Video - Supporting the whole network,VIDEO_PLAYERS,3.5,13205.0,1000000.0
Casper Ssinema,VIDEO_PLAYERS,3.3,1261.0,10000.0
amazer - Global Kpop Video Community,VIDEO_PLAYERS,4.3,1215.0,100000.0
MX Player,VIDEO_PLAYERS,4.5,6474672.0,500000000.0
Video Editor,VIDEO_PLAYERS,4.1,159622.0,5000000.0
"Omlet Arcade - Stream, Meet, Play",VIDEO_PLAYERS,4.4,169965.0,10000000.0
VUE: video editor & camcorder,VIDEO_PLAYERS,4.4,38630.0,1000000.0
"Fox News – Breaking News, Live Video & News Alerts",NEWS_AND_MAGAZINES,4.5,249919.0,10000000.0
"NEW - Read Newspaper, News 24h",NEWS_AND_MAGAZINES,4.4,158196.0,10000000.0
BaBe + - Indonesian News,NEWS_AND_MAGAZINES,4.3,42624.0,1000000.0
daily News,NEWS_AND_MAGAZINES,4.5,26411.0,1000000.0
BBC News,NEWS_AND_MAGAZINES,4.3,296781.0,10000000.0
"Free TV Shows App:News, TV Series, Episode, Movies",NEWS_AND_MAGAZINES,4.6,29706.0,1000000.0
News24,NEWS_AND_MAGAZINES,4.1,30693.0,1000000.0
"Le Monde, the continuous news",NEWS_AND_MAGAZINES,4.2,83558.0,5000000.0
Wireless news,NEWS_AND_MAGAZINES,3.5,6066.0,1000000.0
CNN Breaking US & World News,NEWS_AND_MAGAZINES,4.0,293080.0,10000000.0
Gnoche entertainment news · sports news is also free,NEWS_AND_MAGAZINES,3.8,54256.0,5000000.0
BaBe - Read News,NEWS_AND_MAGAZINES,4.3,355921.0,10000000.0
Nigeria News NAIJ.com,NEWS_AND_MAGAZINES,4.3,37882.0,1000000.0
detikcom - Latest & Most Complete News,NEWS_AND_MAGAZINES,4.1,190888.0,10000000.0
"Dailyhunt (Newshunt) - Latest News, Viral Videos",NEWS_AND_MAGAZINES,4.3,948198.0,50000000.0
BaBe Lite - Read Quota Saving News,NEWS_AND_MAGAZINES,4.5,9548.0,1000000.0
ARY NEWS URDU,NEWS_AND_MAGAZINES,4.4,1071.0,500000.0
Bengali Newspaper - The first L.,NEWS_AND_MAGAZINES,4.0,11908.0,1000000.0
"Read- Latest News, Information, Gossip and Politics",NEWS_AND_MAGAZINES,4.1,185058.0,10000000.0
"Reddit: Social News, Trending Memes & Funny Videos",NEWS_AND_MAGAZINES,4.6,697212.0,10000000.0
BBC Persian | BBC Farsi News,NEWS_AND_MAGAZINES,4.3,978.0,100000.0
Google News,NEWS_AND_MAGAZINES,3.9,877635.0,1000000000.0
Opera News - Trending news and videos,NEWS_AND_MAGAZINES,4.5,51684.0,10000000.0
"Topbuzz: Breaking News, Videos & Funny GIFs",NEWS_AND_MAGAZINES,4.7,175110.0,10000000.0
Twitter,NEWS_AND_MAGAZINES,4.3,11667403.0,500000000.0
"Pulse Nabd - World News, Urgent",NEWS_AND_MAGAZINES,4.5,357944.0,10000000.0
Asahi Shimbun Digital,NEWS_AND_MAGAZINES,3.1,735.0,500000.0
"Breaking News, Local news, Attacks and Alerts Free",NEWS_AND_MAGAZINES,4.7,2543.0,500000.0
WE,NEWS_AND_MAGAZINES,3.8,18818.0,1000000.0
Sky News,NEWS_AND_MAGAZINES,4.0,30287.0,1000000.0
Microsoft News,NEWS_AND_MAGAZINES,4.2,31504.0,1000000.0
"Onet - news, weather, sport",NEWS_AND_MAGAZINES,4.0,13950.0,1000000.0
"Vietnam Today - Read online newspapers, the hottest news 24h",NEWS_AND_MAGAZINES,4.2,21147.0,5000000.0
Apple Daily Apple News,NEWS_AND_MAGAZINES,3.4,41490.0,5000000.0
"The Report, Fox, Breitbart - Conservative News",NEWS_AND_MAGAZINES,4.6,2090.0,50000.0
РИА Новости,NEWS_AND_MAGAZINES,4.5,44274.0,1000000.0
Tencent News,NEWS_AND_MAGAZINES,4.0,7006.0,1000000.0
ARY NEWS,NEWS_AND_MAGAZINES,4.4,2959.0,1000000.0
Kurio - Read the Latest News,NEWS_AND_MAGAZINES,4.2,40167.0,1000000.0
Daily Mail Online,NEWS_AND_MAGAZINES,4.1,56807.0,5000000.0
Flipboard: News For Our Time,NEWS_AND_MAGAZINES,4.4,1284017.0,500000000.0
Loop - Caribbean Local News,NEWS_AND_MAGAZINES,4.0,4332.0,1000000.0
"AD - News, Sports, Region & Entertainment",NEWS_AND_MAGAZINES,3.7,10382.0,1000000.0
Podcast Addict,NEWS_AND_MAGAZINES,4.6,413999.0,5000000.0
Podcast Republic - Podcast Player & Radio Player,NEWS_AND_MAGAZINES,4.5,66978.0,1000000.0
Podcast App: Free & Offline Podcasts by Player FM,NEWS_AND_MAGAZINES,4.6,66384.0,1000000.0
Spreaker Podcast Radio,NEWS_AND_MAGAZINES,4.5,17703.0,500000.0
BeyondPod Podcast Manager,NEWS_AND_MAGAZINES,3.9,32121.0,1000000.0
Dezeen Magazine RSS Reader,NEWS_AND_MAGAZINES,4.3,350.0,10000.0
"issuu - Read Magazines, Catalogs, Newspapers.",NEWS_AND_MAGAZINES,4.4,74425.0,1000000.0
"BuzzFeed: News, Tasty, Quizzes",NEWS_AND_MAGAZINES,4.3,131028.0,5000000.0
Fast News,NEWS_AND_MAGAZINES,4.4,84957.0,1000000.0
LA Times: Your California News,NEWS_AND_MAGAZINES,3.6,3311.0,100000.0
The Washington Post Classic,NEWS_AND_MAGAZINES,4.5,23158.0,1000000.0
Chicago Tribune,NEWS_AND_MAGAZINES,3.6,1380.0,100000.0
USA TODAY,NEWS_AND_MAGAZINES,4.1,49259.0,5000000.0
World Newspapers,NEWS_AND_MAGAZINES,4.4,185884.0,1000000.0
The Wall Street Journal: Business & Market News,NEWS_AND_MAGAZINES,4.1,40975.0,1000000.0
Financial Times,NEWS_AND_MAGAZINES,4.2,27104.0,1000000.0
The Guardian,NEWS_AND_MAGAZINES,4.7,247992.0,5000000.0
NYTimes - Latest News,NEWS_AND_MAGAZINES,3.9,63647.0,10000000.0
Digg,NEWS_AND_MAGAZINES,3.9,6105.0,100000.0
News360: Personalized News,NEWS_AND_MAGAZINES,4.4,30722.0,1000000.0
RT News (Russia Today),NEWS_AND_MAGAZINES,4.6,56524.0,1000000.0
NPR News,NEWS_AND_MAGAZINES,4.0,24790.0,1000000.0
Reuters News,NEWS_AND_MAGAZINES,4.3,13169.0,1000000.0
Bloomberg: Market & Financial News,NEWS_AND_MAGAZINES,4.2,61692.0,10000000.0
Haystack TV: Local & World News - Free,NEWS_AND_MAGAZINES,4.3,3684.0,100000.0
ABC News - US & World News,NEWS_AND_MAGAZINES,4.0,18976.0,1000000.0
NBC News,NEWS_AND_MAGAZINES,4.1,63020.0,5000000.0
Sync for reddit,NEWS_AND_MAGAZINES,4.6,62740.0,500000.0
AP Mobile - Breaking News,NEWS_AND_MAGAZINES,4.5,76677.0,1000000.0
HuffPost - News,NEWS_AND_MAGAZINES,4.2,78154.0,1000000.0
News Republic,NEWS_AND_MAGAZINES,4.3,479594.0,10000000.0
Newsroom: News Worth Sharing,NEWS_AND_MAGAZINES,4.2,201737.0,10000000.0
SmartNews: Breaking News Headlines,NEWS_AND_MAGAZINES,4.2,233305.0,10000000.0
Updates for Samsung - Android Update Versions,NEWS_AND_MAGAZINES,4.0,80368.0,10000000.0
AC - Tips & News for Android™,NEWS_AND_MAGAZINES,4.2,23292.0,1000000.0
CBS News,NEWS_AND_MAGAZINES,4.3,23641.0,1000000.0
NPR One,NEWS_AND_MAGAZINES,3.9,13217.0,1000000.0
JailBase - Arrests + Mugshots,NEWS_AND_MAGAZINES,4.0,17240.0,1000000.0
Pocket,NEWS_AND_MAGAZINES,4.5,256680.0,10000000.0
"AOL - News, Mail & Video",NEWS_AND_MAGAZINES,4.1,62465.0,5000000.0
Google News,NEWS_AND_MAGAZINES,3.9,877643.0,1000000000.0
BaconReader for Reddit,NEWS_AND_MAGAZINES,4.5,103074.0,1000000.0
Flipboard: News For Our Time,NEWS_AND_MAGAZINES,4.4,1284018.0,500000000.0
"Waze - GPS, Maps, Traffic Alerts & Live Navigation",MAPS_AND_NAVIGATION,4.6,7232629.0,100000000.0
"T map (te map, T map, navigation)",MAPS_AND_NAVIGATION,4.2,15681.0,5000000.0
"MapQuest: Directions, Maps, GPS & Navigation",MAPS_AND_NAVIGATION,4.1,53481.0,10000000.0
"Yahoo! transit guide free timetable, operation information, transfer search",MAPS_AND_NAVIGATION,4.4,104800.0,10000000.0
乗換NAVITIME　Timetable & Route Search in Japan Tokyo,MAPS_AND_NAVIGATION,4.4,50459.0,5000000.0
Transit: Real-Time Transit App,MAPS_AND_NAVIGATION,4.2,43269.0,5000000.0
Mapy.cz - Cycling & Hiking offline maps,MAPS_AND_NAVIGATION,4.5,56443.0,1000000.0
Uber,MAPS_AND_NAVIGATION,4.2,4928420.0,100000000.0
GPS Navigation & Offline Maps Sygic,MAPS_AND_NAVIGATION,4.4,1421884.0,50000000.0
Map and Router Badge,MAPS_AND_NAVIGATION,4.4,3652.0,500000.0
Yandex.Transport,MAPS_AND_NAVIGATION,4.0,126282.0,10000000.0
Air Traffic,MAPS_AND_NAVIGATION,4.3,14110.0,1000000.0
Speed Cameras Radar,MAPS_AND_NAVIGATION,4.4,18710.0,1000000.0
Atlan3D Navigation: Korea navigator,MAPS_AND_NAVIGATION,4.2,22063.0,1000000.0
Compass,MAPS_AND_NAVIGATION,4.3,286454.0,10000000.0
"Mappy - Plan, route comparison, GPS",MAPS_AND_NAVIGATION,4.1,15922.0,1000000.0
Gps Route Finder,MAPS_AND_NAVIGATION,4.4,652.0,100000.0
"My Location: GPS Maps, Share & Save Places",MAPS_AND_NAVIGATION,4.3,29768.0,5000000.0
"Yanosik: ""antyradar"", traffic jams, navigation, camera",MAPS_AND_NAVIGATION,4.4,102248.0,5000000.0
NAVITIME - Map & Transfer Navi,MAPS_AND_NAVIGATION,4.2,41225.0,5000000.0
Sygic Car Navigation,MAPS_AND_NAVIGATION,4.7,162049.0,5000000.0
Czech Public Transport IDOS,MAPS_AND_NAVIGATION,4.3,26014.0,1000000.0
Karta GPS - Offline Navigation,MAPS_AND_NAVIGATION,4.5,53562.0,1000000.0
Circle ratio,MAPS_AND_NAVIGATION,3.7,10562.0,1000000.0
Soviet Military Maps Free,MAPS_AND_NAVIGATION,4.3,21589.0,1000000.0
"Truck Car Navi by Navitime Large size car, traffic jam, traffic closure, live camera, typhoon / precipitation map",MAPS_AND_NAVIGATION,4.2,3682.0,100000.0
Sentin Information Map,MAPS_AND_NAVIGATION,4.1,2909.0,100000.0
Snapp,MAPS_AND_NAVIGATION,4.5,37937.0,1000000.0
GPS Speedometer and Odometer,MAPS_AND_NAVIGATION,4.8,15865.0,1000000.0
GPS Traffic Speedcam Route Planner by ViaMichelin,MAPS_AND_NAVIGATION,4.3,63920.0,5000000.0
Trucker Path – Truck Stops & Weigh Stations,MAPS_AND_NAVIGATION,4.7,38375.0,1000000.0
Map Coordinates,MAPS_AND_NAVIGATION,4.3,16657.0,1000000.0
Grab Driver,MAPS_AND_NAVIGATION,4.2,301413.0,5000000.0
SBB Mobile,MAPS_AND_NAVIGATION,3.7,20605.0,1000000.0
"GPS Speedometer, Distance Meter",MAPS_AND_NAVIGATION,4.6,16094.0,1000000.0
Blitzer.de,MAPS_AND_NAVIGATION,4.5,65590.0,5000000.0
GPS Speedometer - Trip Meter - Altimeter,MAPS_AND_NAVIGATION,4.3,32225.0,1000000.0
Radarbot Free: Speed Camera Detector & Speedometer,MAPS_AND_NAVIGATION,4.5,44348.0,5000000.0
FindShip,MAPS_AND_NAVIGATION,4.2,23279.0,1000000.0
ÖBB Scotty,MAPS_AND_NAVIGATION,4.2,12572.0,1000000.0
Subway Terminator: Smarter Subway,MAPS_AND_NAVIGATION,4.3,70556.0,10000000.0
Alopec - Online Shipping System,MAPS_AND_NAVIGATION,4.3,1240.0,100000.0
Yandex.Trains,MAPS_AND_NAVIGATION,4.4,56471.0,5000000.0
NAVITIME Bus Transit JAPAN,MAPS_AND_NAVIGATION,3.7,6939.0,1000000.0
hum app,MAPS_AND_NAVIGATION,4.4,10218.0,1000000.0
Moovit: Bus Time & Train Time Live Info,MAPS_AND_NAVIGATION,4.4,617477.0,10000000.0
"Dynavix - Navigation, Maps, Traffic data & Cameras",MAPS_AND_NAVIGATION,4.2,1688.0,50000.0
National Rail Enquiries,MAPS_AND_NAVIGATION,3.5,18857.0,1000000.0
ixigo Cabs-Compare & Book Taxi,MAPS_AND_NAVIGATION,4.2,11838.0,1000000.0
Maps & GPS Navigation — OsmAnd,MAPS_AND_NAVIGATION,4.2,60838.0,5000000.0
Snapchat,SOCIAL,4.0,17000166.0,500000000.0
Flashlight,TOOLS,4.5,162335.0,10000000.0
aa,FAMILY,4.2,886418.0,50000000.0
A Call From Santa Claus!,FAMILY,3.9,3720.0,1000000.0
Rope Hero Return of a Legend,GAME,4.3,9951.0,1000000.0
A Word A Day,FAMILY,3.7,2398.0,500000.0
Draw a Stickman: EPIC 2 Free,GAME,4.3,213340.0,10000000.0
Akinator,FAMILY,4.3,1805398.0,50000000.0
Dog Sim Online: Raise a Family,FAMILY,4.6,94989.0,5000000.0
Pou,FAMILY,4.3,10483141.0,500000000.0
Agar.io,GAME,4.2,3815614.0,100000000.0
Color by Number - Draw Sandbox Pixel Art,FAMILY,4.6,10247.0,1000000.0
A+ Mobile,FINANCE,3.9,730.0,10000.0
Angry Birds Classic,GAME,4.4,5565856.0,100000000.0
Build a Bridge!,FAMILY,4.6,263454.0,10000000.0
UNO ™ & Friends,GAME,4.1,1728557.0,50000000.0
Find a Way: Addictive Puzzle,FAMILY,4.8,39480.0,500000.0
CompTIA A+ Pocket Prep,FAMILY,4.3,1311.0,10000.0
My Talking Tom,FAMILY,4.5,14885236.0,500000000.0
Netflix,FAMILY,4.4,5453997.0,100000000.0
Comptia A+ 220-901 & 220-902,FAMILY,4.4,174.0,10000.0
Create A Superhero HD,FAMILY,3.3,8642.0,500000.0
Azar,COMMUNICATION,4.2,1092337.0,50000000.0
4 in a Row,GAME,3.8,4257.0,500000.0
Bubble Shooter,GAME,4.5,43576.0,5000000.0
Adobe Acrobat Reader,PRODUCTIVITY,4.3,3014548.0,100000000.0
Subway Surfers,GAME,4.5,27711703.0,1000000000.0
Super Mario Run,GAME,3.7,1221896.0,100000000.0
STARDOM: THE A-LIST,GAME,4.5,152658.0,1000000.0
LokLok: Draw on a Lock Screen,COMMUNICATION,4.1,14766.0,500000.0
The Tribez: Build a Village,FAMILY,4.4,1852384.0,10000000.0
Photo Warp,FAMILY,3.7,353342.0,50000000.0
LEGO® Juniors Create & Cruise,FAMILY,4.1,672089.0,50000000.0
CompTIA Exam Training,FAMILY,4.8,3053.0,50000.0
WhatsApp Messenger,COMMUNICATION,4.4,69109672.0,1000000000.0
Magisto Video Editor & Maker,VIDEO_PLAYERS,4.3,960726.0,10000000.0
Glow Hockey,GAME,4.1,1703479.0,100000000.0
Google Translate,TOOLS,4.4,5741684.0,500000000.0
Pokémon GO,GAME,4.1,10421284.0,100000000.0
Instagram,SOCIAL,4.5,66509917.0,1000000000.0
My Talking Angela,FAMILY,4.5,9876369.0,100000000.0
YouTube Kids,FAMILY,4.5,469851.0,50000000.0
Asphalt 8: Airborne,GAME,4.5,8389714.0,100000000.0
PAC-MAN,GAME,4.2,685450.0,100000000.0
Basketball Stars,SPORTS,4.4,867920.0,10000000.0
Colorfy: Coloring Book for Adults - Free,FAMILY,4.5,787107.0,10000000.0
Lep's World 2 🍀🍀,GAME,4.3,798522.0,100000000.0
Wolfify - Be a Werewolf,FAMILY,3.8,6760.0,500000.0
Law of Creation: A Playable Manga,GAME,4.5,13118.0,500000.0
Real City Car Driver,GAME,3.7,413609.0,10000000.0
Toca Kitchen 2,FAMILY,4.5,1013465.0,50000000.0
Rolling Sky,GAME,4.5,1117212.0,50000000.0
Amazon Shopping,SHOPPING,4.3,908525.0,100000000.0
Gymnastics Superstar - Spin your way to gold!,FAMILY,4.6,305765.0,10000000.0
Fake Call - Fake Caller ID,PRODUCTIVITY,4.3,154668.0,10000000.0
SuperCity: Build a Story,FAMILY,4.4,98324.0,1000000.0
Chick-fil-A,FOOD_AND_DRINK,4.3,27931.0,5000000.0
4 in a row,GAME,4.3,47698.0,5000000.0
YouTube,VIDEO_PLAYERS,4.3,25623548.0,1000000000.0
Four In A Line Free,GAME,4.3,133195.0,5000000.0
Flow Free,FAMILY,4.3,1295293.0,100000000.0
Like A Boss,FAMILY,4.4,17069.0,500000.0
AutoCAD - DWG Viewer & Editor,PRODUCTIVITY,4.2,145088.0,10000000.0
Hungry Hearts Diner: A Tale of Star-Crossed Souls,FAMILY,4.9,46253.0,500000.0
Microsoft Word,PRODUCTIVITY,4.5,2078744.0,500000000.0
Dragon Sim Online: Be A Dragon,FAMILY,4.6,111741.0,5000000.0
Alto's Adventure,GAME,4.6,515240.0,10000000.0
Fortune City - A Finance App,FINANCE,4.6,49275.0,500000.0
Draw A Stickman,GAME,3.4,29265.0,1000000.0
Be A Legend: Soccer,SPORTS,3.8,85763.0,1000000.0
Zombie Tsunami,GAME,4.4,4918776.0,100000000.0
Bible,BOOKS_AND_REFERENCE,4.7,2440695.0,100000000.0
Cat Sim Online: Play with Cats,FAMILY,4.6,137198.0,5000000.0
Facebook,SOCIAL,4.1,78128208.0,1000000000.0
Four In A Line,GAME,3.8,22191.0,1000000.0
Tik Tok - including musical.ly,SOCIAL,4.4,5637451.0,100000000.0
B612 - Beauty & Filter Camera,PHOTOGRAPHY,4.4,5276983.0,100000000.0
Disney Magic Timer by Oral-B,FAMILY,3.9,31061.0,1000000.0
B-Messenger Video Chat,SOCIAL,4.1,12495.0,1000000.0
Bestie - Camera360 Selfie,PHOTOGRAPHY,4.5,512996.0,10000000.0
B,FINANCE,3.7,800.0,50000.0
BIGO LIVE - Live Stream,SOCIAL,4.4,2349421.0,100000000.0
Block Craft 3D: Building Simulator Games For Free,FAMILY,4.5,944661.0,50000000.0
8 Ball Pool,SPORTS,4.5,14184910.0,100000000.0
B-BLE(BLE4.0 Scan),TOOLS,3.8,159.0,10000.0
Cardi B Piano Game,GAME,3.1,50.0,10000.0
VPN Free - Betternet Hotspot VPN & Private Browser,TOOLS,4.5,799206.0,10000000.0
ADS-B Driver,TOOLS,5.0,2.0,100.0
MORTAL KOMBAT X,GAME,4.4,3039889.0,10000000.0
B-17 Flying Fortress WWII LWP,PERSONALIZATION,4.193338315362443,7.0,100.0
► MultiCraft ― Free Miner! 👍,GAME,4.3,1305050.0,50000000.0
B.GOOD,FOOD_AND_DRINK,2.9,155.0,10000.0
B-Dubs®,LIFESTYLE,3.1,3042.0,500000.0
Oral-B App,HEALTH_AND_FITNESS,3.3,14210.0,1000000.0
Smart Launcher theme b. gold,PERSONALIZATION,4.1,291.0,5000.0
Next Launcher 3D Theme Hit-B,PERSONALIZATION,4.4,83.0,1000.0
Pixel Gun 3D: Survival shooter & Battle Royale,GAME,4.5,4487182.0,50000000.0
B-52 Spirits of Glory Deluxe,GAME,4.3,12.0,100.0
Servers Ultimate Pack B,TOOLS,4.3,668.0,50000.0
EMT-B Pocket Prep,MEDICAL,4.5,2948.0,50000.0
Air Transat CinePlus B,TRAVEL_AND_LOCAL,2.2,83.0,50000.0
Hungry Shark Evolution,GAME,4.5,6071542.0,100000000.0
Perfect Piano,GAME,4.2,828489.0,50000000.0
Hay Day,FAMILY,4.5,10053186.0,100000000.0
Diary with lock,LIFESTYLE,4.6,815280.0,10000000.0
B-Grade Renegade,GAME,3.9,24.0,1000.0
CARDI B WALLPAPERS,PERSONALIZATION,4.1,8.0,1000.0
Plan B,MAPS_AND_NAVIGATION,3.3,19.0,5000.0
Block! Hexa Puzzle™,FAMILY,4.5,472247.0,50000000.0
B Tiff Viewer,PHOTOGRAPHY,4.1,283.0,100000.0
Cardi B Wallpaper,ART_AND_DESIGN,4.8,253.0,50000.0
A & B Taxi,MAPS_AND_NAVIGATION,4.1,41.0,1000.0
Cardi B HD Wallpapers Lock Screen,PERSONALIZATION,4.5,2.0,500.0
CURSUM B,GAME,4.193338315362443,30.0,500.0
Clash of Clans,FAMILY,4.6,44881447.0,100000000.0
Clash Royale,FAMILY,4.6,23125280.0,100000000.0
C Programming,FAMILY,4.3,22248.0,1000000.0
CppDroid - C/C++ IDE,FAMILY,4.1,29978.0,1000000.0
Learn C [NEW],FAMILY,4.5,349.0,50000.0
Mobile C [ C/C++ Compiler ],FAMILY,4.3,4624.0,100000.0
Critical Ops,GAME,4.4,1397944.0,10000000.0
C4droid - C/C++ compiler & IDE,FAMILY,4.7,2890.0,50000.0
Candy Crush Saga,FAMILY,4.4,22419455.0,500000000.0
CL Mobile - Classifieds for Craigslist,SHOPPING,4.4,27275.0,1000000.0
Google Chrome: Fast & Secure,COMMUNICATION,4.3,9642112.0,1000000000.0
C Locker Pro,PERSONALIZATION,4.2,1531.0,10000.0
C Programs and Reference,BOOKS_AND_REFERENCE,4.2,873.0,50000.0
Learn C++,FAMILY,4.6,73404.0,1000000.0
"C Launcher: Themes, Wallpapers, DIY, Smart, Clean",PERSONALIZATION,4.5,901110.0,10000000.0
C Programming Zone,FAMILY,4.6,1218.0,50000.0
C Offline Tutorial,BOOKS_AND_REFERENCE,4.7,88.0,1000.0
Neon Glow C - Icon Pack,PERSONALIZATION,4.8,557.0,10000.0
All C Programs,FAMILY,4.7,2387.0,100000.0
Clean Master- Space Cleaner & Antivirus,TOOLS,4.7,42916526.0,500000000.0
C by GE,LIFESTYLE,1.7,686.0,10000.0
CPlus for Craigslist - Officially Licensed,LIFESTYLE,4.5,8096.0,1000000.0
Alt-C,PRODUCTIVITY,4.0,499.0,10000.0
C-SPAN Radio,FAMILY,3.6,608.0,100000.0
Bridge-C - Get More Storage,TOOLS,2.0,24.0,1000.0
Community by C Space,LIFESTYLE,4.7,707.0,5000.0
My C Spire,PRODUCTIVITY,4.1,376.0,50000.0
learn c in hindi,FAMILY,4.3,109.0,5000.0
Learn C Programming (Examples) (OFFLINE),FAMILY,4.3,43.0,10000.0
"C Programming - Learn Code, Theory & Discuss",FAMILY,4.5,2751.0,100000.0
Expert C Programming - Learn C Coding Easily,FAMILY,4.4,77.0,5000.0
Hill Climb Racing,GAME,4.4,8921451.0,100000000.0
codeEazy - C/C++/JAVA,FAMILY,4.6,130.0,10000.0
Batmobile™ R/C Controller,FAMILY,3.7,452.0,100000.0
C Pattern Programs Free,FAMILY,4.5,4115.0,100000.0
C Programs Handbook,BOOKS_AND_REFERENCE,4.0,459.0,50000.0
C Functions,FAMILY,4.8,55.0,1000.0
Learn C# - .Net - C Sharp Programming Tutorial App,FAMILY,4.0,1320.0,100000.0
Learn Basic C - For Beginners,FAMILY,4.7,27.0,5000.0
C Prowess,FAMILY,4.8,306.0,5000.0
101 C Programming Problems,FAMILY,4.6,498.0,50000.0
Let us C - Example Programs,FAMILY,4.3,36.0,5000.0
C Examples,FAMILY,4.2,1002.0,10000.0
C BOOK-C PROGRAMS,FAMILY,4.8,138.0,10000.0
100+ C Programs,FAMILY,4.2,20.0,5000.0
ZEDGE™ Ringtones & Wallpapers,PERSONALIZATION,4.6,6459626.0,100000000.0
Dubsmash,VIDEO_PLAYERS,4.2,1971777.0,100000000.0
Discord - Chat for Gamers,COMMUNICATION,4.5,305347.0,10000000.0
Hitman Sniper,GAME,4.6,408292.0,10000000.0
FRONTLINE COMMANDO: D-DAY,GAME,4.5,1736105.0,10000000.0
Minion Rush: Despicable Me Official Game,FAMILY,4.5,10214862.0,100000000.0
Fruit Ninja®,GAME,4.3,5091448.0,100000000.0
"DU Recorder – Screen Recorder, Video Editor, Live",VIDEO_PLAYERS,4.8,2588730.0,50000000.0
Crossy Road,GAME,4.5,4229977.0,100000000.0
Temple Run 2,GAME,4.3,8116142.0,500000000.0
Beach Buggy Blitz,GAME,4.2,640974.0,50000000.0
Vector,GAME,4.4,3058687.0,100000000.0
Dr. Driving,GAME,4.5,4972230.0,100000000.0
D Day World War II Commando Survival Shooting,GAME,4.2,951.0,100000.0
Geometry Dash Meltdown,GAME,4.6,1591129.0,50000000.0
Koi Live Wallpaper,PERSONALIZATION,4.6,14026.0,100000.0
Dropbox,PRODUCTIVITY,4.4,1860844.0,500000000.0
KineMaster – Pro Video Editor,VIDEO_PLAYERS,4.5,1013867.0,50000000.0
Block City Wars + skins export,FAMILY,4.5,762706.0,10000000.0
Sniper 3D Gun Shooter: Free Shooting Games - FPS,GAME,4.6,7657490.0,100000000.0
Bike Race Free - Top Motorcycle Racing Games,GAME,4.5,2586261.0,100000000.0
Dance School Stories - Dance Dreams Come True,FAMILY,4.4,91171.0,1000000.0
3D Bowling,SPORTS,4.1,1076243.0,100000000.0
Plants vs. Zombies FREE,FAMILY,4.4,4064868.0,100000000.0
Dream League Soccer 2018,SPORTS,4.6,9873470.0,100000000.0
Mind Games Pro,FAMILY,4.6,15301.0,100000.0
Z Ringtones PREMIUM 2018,PERSONALIZATION,4.5,10158.0,500000.0
Smash Hit,GAME,4.5,4147718.0,100000000.0
Bad Piggies,FAMILY,4.3,1168959.0,50000000.0
Temple Run,GAME,4.3,4000433.0,100000000.0
Broken Screen Prank,FAMILY,3.3,23682.0,1000000.0
Screen Lock - with Fingerprint Simulator,TOOLS,3.7,338449.0,10000000.0
Tuner - gStrings Free,TOOLS,4.5,214265.0,10000000.0
Car Parking Game 3D - Real City Driving Challenge,FAMILY,4.4,187892.0,5000000.0
E!,FAMILY,3.1,740.0,100000.0
E! News,NEWS_AND_MAGAZINES,4.0,15443.0,1000000.0
eBay: Buy & Sell this Summer - Discover Deals Now!,SHOPPING,4.4,2788460.0,100000000.0
ESPN,SPORTS,4.2,521081.0,10000000.0
Chuck E.'s Skate Universe,FAMILY,3.9,94910.0,10000000.0
Eventbrite - Discover popular events & nearby fun,FAMILY,4.4,63773.0,5000000.0
ES File Explorer File Manager,PRODUCTIVITY,4.6,5378795.0,100000000.0
Eternium,FAMILY,4.8,1506783.0,10000000.0
Firefox Browser fast & private,COMMUNICATION,4.4,3075096.0,100000000.0
E*TRADE Mobile,FINANCE,3.9,10657.0,1000000.0
WWE,FAMILY,4.5,736824.0,10000000.0
E-cigarette for free,FAMILY,3.6,1354.0,500000.0
Moto LED for Moto X & E [Root],LIFESTYLE,3.4,4082.0,500000.0
Mobile Security & Antivirus,PRODUCTIVITY,4.7,564759.0,10000000.0
Lookout Security & Antivirus,TOOLS,4.4,951413.0,100000000.0
World History Quick e-Book,FAMILY,4.4,1657.0,100000.0
Greeting Cards & Wishes,SOCIAL,4.5,17350.0,500000.0
Amazon Kindle,BOOKS_AND_REFERENCE,4.2,814151.0,100000000.0
"Evernote – Organizer, Planner for Notes & Memos",PRODUCTIVITY,4.6,1488289.0,100000000.0
Maps & GPS Navigation OsmAnd+,TRAVEL_AND_LOCAL,4.3,15209.0,100000.0
Microsoft Edge,COMMUNICATION,4.3,27156.0,5000000.0
Microsoft Outlook,PRODUCTIVITY,4.3,3249518.0,100000000.0
Pinterest,SOCIAL,4.6,4300936.0,100000000.0
ClassDojo,FAMILY,4.4,148536.0,10000000.0
The Coupons App,SHOPPING,4.5,181983.0,10000000.0
theScore esports,SPORTS,4.5,16257.0,500000.0
EX File Explorer File Manager,PRODUCTIVITY,4.0,4660.0,1000000.0
Aab e Hayat Full Novel,BOOKS_AND_REFERENCE,4.3,1476.0,100000.0
EBookDroid - PDF & DJVU Reader,PRODUCTIVITY,4.5,75951.0,5000000.0
E-NUM,FINANCE,4.0,10374.0,500000.0
Maps - Navigate & Explore,TRAVEL_AND_LOCAL,4.3,9231613.0,1000000000.0
"AliExpress - Smarter Shopping, Better Living",SHOPPING,4.6,5911055.0,100000000.0
Aldiko Book Reader,BOOKS_AND_REFERENCE,4.2,210534.0,10000000.0
Flipkart Online Shopping App,SHOPPING,4.4,6003590.0,100000000.0
Wish - Shopping Made Fun,SHOPPING,4.5,6200739.0,100000000.0
Synd e-Passbook,FINANCE,4.3,9400.0,1000000.0
Facebook Lite,SOCIAL,4.3,8595964.0,500000000.0
Messenger Lite: Free Calls & Messages,COMMUNICATION,4.4,1429038.0,100000000.0
Video Downloader for Facebook,TOOLS,4.6,894435.0,50000000.0
F-Stop Gallery Pro,PHOTOGRAPHY,4.4,1302.0,10000.0
Offroad Pickup Truck F,FAMILY,4.3,4551.0,500000.0
F-Stop Gallery,PHOTOGRAPHY,4.2,12726.0,1000000.0
Talking Tom Cat 2,FAMILY,4.3,3213548.0,100000000.0
FlashLight F.Light,TOOLS,4.3,3943.0,100000.0
F-Secure SENSE,TOOLS,4.6,57.0,5000.0
Super Car F. Mod for MCPE,GAME,3.6,214.0,50000.0
Twitter,NEWS_AND_MAGAZINES,4.3,11657972.0,500000000.0
F-Secure KEY Password manager,TOOLS,4.2,2588.0,100000.0
Inputting Plus: Ctrl + Z/F/C/V,PRODUCTIVITY,4.2,1117.0,50000.0
CTRL-F - Search the real world,PRODUCTIVITY,4.4,607.0,50000.0
F-Secure SAFE,TOOLS,4.3,9433.0,500000.0
MHD F-Series,AUTO_AND_VEHICLES,4.9,73.0,1000.0
F-Secure AV Test,TOOLS,4.5,1250.0,50000.0
LINE: Free Calls & Messages,COMMUNICATION,4.2,10790092.0,500000000.0
F-Secure Mobile Security,TOOLS,4.2,13096.0,500000.0
f'east,LIFESTYLE,3.8,38.0,5000.0
Dumb Ways to Die 2: The Games,FAMILY,4.2,1671658.0,50000000.0
Speech Therapy: F,FAMILY,1.0,1.0,10.0
HumorCast - Authentic Weather,WEATHER,4.4,6495.0,100000.0
F & M Mobile Banking,FINANCE,4.0,43.0,5000.0
F,TOOLS,4.193338315362443,6.0,500.0
RPG End of Aspiration F,FAMILY,4.4,20368.0,500000.0
F-Sim Space Shuttle,FAMILY,4.4,5427.0,100000.0
Weather Live,WEATHER,4.5,76593.0,500000.0
Norwegian For Kids & Babies F,FAMILY,4.193338315362443,0.0,5.0
R+F PULSE,BUSINESS,3.4,58.0,10000.0
F-Secure Freedome for Business,BUSINESS,3.8,183.0,50000.0
F-1 watchface by Delta,PERSONALIZATION,4.193338315362443,0.0,10.0
"f.lux (preview, root-only)",HEALTH_AND_FITNESS,3.7,5559.0,500000.0
F Length Sim (no Ads),PHOTOGRAPHY,4.193338315362443,0.0,10.0
Arto: f.infrared photo,PHOTOGRAPHY,4.1,41.0,500.0
Geometry Dash World,GAME,4.6,759838.0,10000000.0
Convert degree Celsius to Fahrenheit or °F to °C,TOOLS,4.4,51.0,5000.0
F-Gas Solutions,BUSINESS,4.2,127.0,10000.0
Google+,SOCIAL,4.2,4828372.0,1000000000.0
PUBG MOBILE,GAME,4.4,3697174.0,50000000.0
Gangstar Vegas - mafia game,GAME,4.5,4830407.0,50000000.0
Gboard - the Google Keyboard,TOOLS,4.2,1855262.0,500000000.0
Granny,GAME,4.5,1128805.0,50000000.0
Offroad Car G,FAMILY,4.3,64884.0,5000000.0
Google,TOOLS,4.4,8021623.0,1000000000.0
Google Now Launcher,TOOLS,4.2,857215.0,100000000.0
Rolling G Sky,GAME,3.6,2065.0,100000.0
Hangouts,COMMUNICATION,4.0,3419464.0,1000000000.0
G-Switch 2,GAME,4.4,12683.0,1000000.0
G-Switch 3,GAME,4.6,3656.0,100000.0
G Cloud Apps Backup Key * root,TOOLS,4.5,1034.0,5000.0
Share G - Images Sharing - Wallpapers App,SOCIAL,4.4,120.0,10000.0
Next Launcher 3D Theme Hit-G,PERSONALIZATION,4.2,59.0,1000.0
Wrestling Revolution 3D,SPORTS,4.3,989344.0,50000000.0
G Cloud Backup,PRODUCTIVITY,4.6,267042.0,5000000.0
G-Playlists,TOOLS,1.8,53.0,1000.0
G-Switch,GAME,3.8,4116.0,100000.0
Offroad G-Class 2018,FAMILY,4.4,7715.0,500000.0
G-SHOCK+,LIFESTYLE,3.0,4710.0,100000.0
Ramfer - CNC Lathe G-code Tool,PRODUCTIVITY,3.4,5.0,100.0
G-Force Driving Assistant,SPORTS,4.6,10.0,100.0
My G:,MAPS_AND_NAVIGATION,3.7,96.0,10000.0
G-SHOCK Connected,LIFESTYLE,3.0,543.0,50000.0
Go,PERSONALIZATION,4.6,89.0,5000.0
Google Drive,PRODUCTIVITY,4.4,2728941.0,1000000000.0
G-Homa,LIFESTYLE,3.1,777.0,50000.0
G-NetTrack Pro,TOOLS,4.3,255.0,5000.0
"G Theme 2 for LG V30, LG G6",PERSONALIZATION,4.3,25.0,500.0
Speedometer with G-FORCE meter,TOOLS,3.8,415.0,50000.0
A41 WatchFace for Android Wear Smart Watch,LIFESTYLE,4.5,231.0,5000.0
Radial-G : Infinity,GAME,3.6,517.0,50000.0
G-NetReport Pro,TOOLS,4.193338315362443,0.0,10.0
Dialer theme G Black Gold,PERSONALIZATION,4.2,33.0,500.0
G-REMOTE,HOUSE_AND_HOME,4.5,30.0,1000.0
Car G-Force Meter,TOOLS,4.2,184.0,10000.0
G-NetWiFi Pro,TOOLS,3.3,6.0,100.0
Helix Jump,GAME,4.2,1485806.0,100000000.0
HSPA+ Tweaker (3G booster),TOOLS,4.3,99290.0,5000000.0
Offroad Car H,FAMILY,4.2,1960.0,100000.0
H&M,LIFESTYLE,3.7,41917.0,10000000.0
Guns - Shot Sounds,FAMILY,3.8,29544.0,10000000.0
HPlus,HEALTH_AND_FITNESS,2.9,1786.0,100000.0
Geometry Dash Lite,GAME,4.5,6181640.0,100000000.0
DNS Changer - BEST (Gprs/Edge/3G/H/H+/4G),TOOLS,4.3,123.0,5000.0
H*nest Meditation,LIFESTYLE,4.9,145.0,5000.0
Car Driving Simulator Drift,GAME,4.4,19816.0,1000000.0
Deaf - Hearing chat device H,COMMUNICATION,4.4,9.0,500.0
صور حرف H,ART_AND_DESIGN,4.4,13.0,1000.0
H Band 2.0,HEALTH_AND_FITNESS,2.9,4031.0,500000.0
H!LooK - Dating,DATING,4.2,46.0,10000.0
H-Connect,HEALTH_AND_FITNESS,4.0,50.0,5000.0
most expensive app (H),FAMILY,4.3,6.0,100.0
AntennaPict β,COMMUNICATION,4.3,15439.0,1000000.0
Elkhart County 4-H Fair,FAMILY,3.9,38.0,5000.0
H TV,FAMILY,4.3,103064.0,5000000.0
H letter images,SOCIAL,4.193338315362443,17.0,1000.0
H Band,HEALTH_AND_FITNESS,4.0,214.0,10000.0
The World Ends With You,GAME,4.6,4108.0,10000.0
MJX H,FAMILY,3.7,126.0,10000.0
tinyCam Monitor FREE,HOUSE_AND_HOME,4.0,65914.0,10000000.0
H-Kakashi - theme Xperia™,PERSONALIZATION,4.6,621.0,50000.0
RC City Police Heavy Traffic Racer,GAME,4.4,3250.0,1000000.0
"Alphabet ""H"" Passcode Lock Screen",PERSONALIZATION,4.5,2.0,100.0
Ohio State Fair 4-H,FAMILY,3.0,4.0,1000.0
Larry H Miller Automotive,PRODUCTIVITY,3.1,67.0,10000.0
Talking Ben the Dog,FAMILY,4.3,1633565.0,100000000.0
Add-On: Alcatel (h),PRODUCTIVITY,4.5,107.0,50000.0
My Android Device S/W & H/W,FAMILY,4.5,681.0,50000.0
ADMIRALTY H-Note,BUSINESS,4.5,176.0,10000.0
Force LTE Only,TOOLS,4.1,10426.0,1000000.0
Ulysse Speedometer Pro,AUTO_AND_VEHICLES,4.6,4140.0,50000.0
Talking Ginger,FAMILY,4.2,1752017.0,100000000.0
D+H Reaction Wall,GAME,4.193338315362443,0.0,1.0
Motorbike Driving Simulator 3D,GAME,3.9,178723.0,10000000.0
Helix,GAME,3.9,2454.0,500000.0
Mobile Number Tracker,TOOLS,3.9,19758.0,5000000.0
I am Nose Doctor -Save my Nose,FAMILY,4.2,3133.0,500000.0
free video calls and chat,COMMUNICATION,4.2,594720.0,50000000.0
What was I in my Past Life,FAMILY,3.7,7453.0,1000000.0
How Old am I?,FAMILY,2.8,4635.0,1000000.0
slither.io,GAME,4.4,5231553.0,100000000.0
I Screen Dialer,TOOLS,4.1,8137.0,1000000.0
Where's My Water? Free,FAMILY,4.4,1372013.0,100000000.0
How Do I Look,PHOTOGRAPHY,2.7,3032.0,500000.0
Solitaire!,GAME,4.7,403911.0,10000000.0
POF Free Dating App,SOCIAL,4.2,1175188.0,50000000.0
iGun Pro -The Original Gun App,GAME,4.2,249308.0,10000000.0
Sonic Dash,GAME,4.5,3777822.0,100000000.0
I'm Ping Pong King :),SPORTS,4.4,29864.0,1000000.0
LINE I Love Coffee,FAMILY,4.0,250257.0,5000000.0
Text Free: WiFi Calling App,SOCIAL,4.2,83474.0,5000000.0
"Talkatone: Free Texts, Calls & Phone Number",COMMUNICATION,4.1,132015.0,10000000.0
Instachat 😜,SOCIAL,4.0,80987.0,5000000.0
Textgram - write on photos,ART_AND_DESIGN,4.4,295237.0,10000000.0
"Fame Boom for Real Followers, Likes",SOCIAL,4.7,896118.0,5000000.0
NinJump,GAME,4.3,421000.0,10000000.0
Zombie Catchers,GAME,4.7,989158.0,10000000.0
FollowMeter for Instagram,SOCIAL,4.4,90082.0,1000000.0
I LOVE PASTA,FAMILY,4.0,83875.0,1000000.0
Talking Tom Cat,FAMILY,4.3,1838090.0,100000000.0
Fidget Spinner,GAME,4.2,307398.0,10000000.0
Jetpack Joyride,GAME,4.4,4637439.0,100000000.0
J Touch,TOOLS,4.6,2176.0,100000.0
J-Novel Club,FAMILY,3.3,162.0,10000.0
Anger of stick 5 : zombie,GAME,4.5,547644.0,50000000.0
J - Style Pro,HEALTH_AND_FITNESS,2.3,74.0,10000.0
Cook Baked Lasagna,FAMILY,4.2,56259.0,10000000.0
Tom's Love Letters,FAMILY,4.1,705805.0,50000000.0
The J-Notes: Jazz News,SPORTS,4.193338315362443,7.0,1000.0
Cut the Rope FULL FREE,FAMILY,4.4,2122705.0,100000000.0
Mali J,SOCIAL,3.2,185.0,10000.0
J-UFO,FAMILY,3.5,339.0,100000.0
Cut the Rope GOLD,FAMILY,4.6,61264.0,1000000.0
Turbo FAST,FAMILY,4.3,1329008.0,50000000.0
"The Voice, sing and connect",FAMILY,4.1,405824.0,10000000.0
J. Cole Rapper Wallpaper HD,PERSONALIZATION,4.1,8.0,1000.0
Keyboard for Sony Xperia J,PERSONALIZATION,4.1,797.0,50000.0
J Alvarej Moji,COMMUNICATION,4.193338315362443,2.0,10.0
Harris J Lyrics,FAMILY,4.7,36.0,1000.0
Smart TV Remote,TOOLS,3.5,81747.0,10000000.0
J.ME Fly,FAMILY,3.9,28.0,1000.0
J Balvin Piano Tiles,GAME,4.193338315362443,6.0,500.0
Guess the song of J Balvin,GAME,4.193338315362443,28.0,1000.0
J-Stars Victory VS Guide,GAME,4.1,609.0,10000.0
2048 BTS J Hope KPop Puzzle Game,FAMILY,4.7,17.0,1000.0
J. Polep Plus Mobile,PRODUCTIVITY,4.193338315362443,0.0,100.0
J. Cole Albums (2007-2017),FAMILY,4.6,7.0,1000.0
J Dark Ice Substratum Theme,PERSONALIZATION,4.5,164.0,10000.0
BTS J-Hope Wallpaper KPOP Fans HD,PERSONALIZATION,4.7,98.0,10000.0
BTS j-hope LINE Launcher theme,PERSONALIZATION,4.9,934.0,10000.0
BTS J-Hope Wallpaper HD for KPOP Fans,PERSONALIZATION,4.193338315362443,4.0,500.0
Kik,COMMUNICATION,4.3,2451136.0,100000000.0
K Health,HEALTH_AND_FITNESS,4.1,290.0,50000.0
CIRCLE K,SHOPPING,4.4,9140.0,500000.0
K-@ Mail Pro - Email App,COMMUNICATION,4.2,1603.0,10000.0
K-@ Mail - Email App,COMMUNICATION,4.1,1760.0,100000.0
Keepsafe Photo Vault: Hide Private Photos & Videos,PHOTOGRAPHY,4.6,1656808.0,50000000.0
KIM KARDASHIAN: HOLLYWOOD,GAME,4.3,1017408.0,10000000.0
Sight Words Pre-K to Grade-3,FAMILY,4.4,1185.0,100000.0
K PLUS,FINANCE,4.4,124324.0,10000000.0
[Substratum] K-Manager for K-Klock,PERSONALIZATION,4.5,14.0,1000.0
KDRAMA Amino for K-Drama Fans,SOCIAL,4.6,4046.0,100000.0
K keyboard - Myanmar,TOOLS,4.8,1955.0,100000.0
Zapzapmath: K-6 Math Games,FAMILY,4.3,1065.0,100000.0
KPOP Amino for K-Pop Entertainment,SOCIAL,4.8,19047.0,100000.0
K.MOJI,FAMILY,4.8,16.0,500.0
K-Chiing VPN (Free),TOOLS,3.7,43.0,5000.0
Preschool All-In-One,FAMILY,4.1,9019.0,1000000.0
OST),FAMILY,3.7,4444.0,500000.0
Kpop Music Quiz (K-pop Game),FAMILY,4.2,6418.0,100000.0
Radio K - KUOM,FAMILY,4.5,39.0,1000.0
Math Games for Pre-K - Grade 4,FAMILY,4.6,28.0,1000.0
"PowerDirector Video Editor App: 4K, Slow Mo & More",VIDEO_PLAYERS,4.5,712737.0,10000000.0
Fuzzy Numbers: Pre-K Number Foundation,FAMILY,4.7,21.0,1000.0
KakaoTalk: Free Calls & Text,COMMUNICATION,4.3,2546549.0,100000000.0
Speech Therapy: K,FAMILY,4.193338315362443,2.0,1000.0
K-Otic Universe,FAMILY,4.9,55.0,1000.0
Magic Tiles - TWICE Edition (K-Pop),GAME,4.4,2351.0,100000.0
CASE K-12 Math English Science,FAMILY,4.6,60.0,10000.0
Mermaid Princess Pre K Games,FAMILY,4.193338315362443,19.0,5000.0
K-App Mitarbeiter Galeria Kaufhof,PRODUCTIVITY,4.193338315362443,0.0,100.0
"Niche: College, K-12, and Neighborhood Search",LIFESTYLE,4.0,42.0,5000.0
"K-Spapp, the K-Space app",FAMILY,4.8,39.0,1000.0
"Math Quiz Free: Grades K,1,2,3",FAMILY,4.3,159.0,10000.0
K-9 Material (unofficial),COMMUNICATION,4.4,64.0,5000.0
Discovery K!ds Play! Español,FAMILY,4.2,11263.0,1000000.0
Magic Tiles - Blackpink Edition (K-Pop),GAME,4.6,4304.0,100000.0
Wallpapers Bus Scania Irizar K,PERSONALIZATION,4.193338315362443,35.0,10000.0
Anna.K Tarot,FAMILY,4.8,17.0,100.0
K-pop Music,FAMILY,4.0,369.0,10000.0
Daily K-Talk,FAMILY,4.3,264.0,10000.0
Korean Dungeon: K-Word 1000,GAME,4.7,703.0,10000.0
"LiveMe - Video chat, new friends, and make money",SOCIAL,4.5,456866.0,10000000.0
Talking Tom Gold Run,GAME,4.6,2694969.0,100000000.0
"letgo: Buy & Sell Used Stuff, Cars & Real Estate",SHOPPING,4.5,972256.0,50000000.0
Lep's World 🍀,GAME,4.3,696019.0,50000000.0
"L.POINT - 엘포인트 [ 포인트, 멤버십, 적립, 사용, 모바일 카드, 쿠폰, 롯데]",LIFESTYLE,4.0,45224.0,5000000.0
Love Balls,FAMILY,4.2,357049.0,50000000.0
SpongeBob Diner Dash,FAMILY,4.0,576210.0,50000000.0
Last Day on Earth: Survival,GAME,4.5,2308916.0,10000000.0
"Messenger L SMS, MMS",PERSONALIZATION,4.0,6263.0,500000.0
Tom Loves Angela,FAMILY,4.1,1111915.0,100000000.0
EXO-L,FAMILY,4.6,67410.0,1000000.0
Lie Detector,FAMILY,3.1,306.0,50000.0
EXO-L Amino for EXO Fans,SOCIAL,4.9,5677.0,50000.0
Calculator L,PRODUCTIVITY,4.5,2965.0,100000.0
My Teacher - Classroom Play,FAMILY,4.0,155276.0,10000000.0
Emoji Android L Keyboard,PRODUCTIVITY,4.0,11535.0,1000000.0
Lollipop Keyboard L Pro,PERSONALIZATION,3.6,5525.0,500000.0
French to English Speaking - Apprendre l' Anglais,FAMILY,4.5,4251.0,1000000.0
Ant Smasher by Best Cool & Fun Games,GAME,4.2,1185148.0,100000000.0
Cheating Tom 3 - Genius School,GAME,4.3,90415.0,10000000.0
Clock L,PERSONALIZATION,3.9,2852.0,100000.0
Dialer theme Droid L,PERSONALIZATION,4.3,1734.0,100000.0
SPEED L,SHOPPING,4.3,85.0,50000.0
Lie Detector Test Prank,FAMILY,4.4,222308.0,10000000.0
Xbox,FAMILY,4.3,556659.0,10000000.0
Je Parle ANGLAIS - Apprendre l’anglais Audio cours,FAMILY,4.4,499.0,100000.0
"Mobizen Screen Recorder - Record, Capture, Edit",PRODUCTIVITY,4.3,1827212.0,50000000.0
Minecraft,FAMILY,4.5,2375336.0,10000000.0
Mobizen Screen Recorder for SAMSUNG,VIDEO_PLAYERS,4.4,953894.0,10000000.0
MapleStory M,FAMILY,3.5,31538.0,1000000.0
M-Files,BUSINESS,4.4,236.0,10000.0
M Launcher -Marshmallow 6.0,PERSONALIZATION,4.4,37234.0,1000000.0
"Mobizen Screen Recorder for LG - Record, Capture",VIDEO_PLAYERS,4.5,58820.0,1000000.0
MakeupPlus - Your Own Virtual Makeup Artist,PHOTOGRAPHY,4.4,758780.0,50000000.0
M3-X5-X6-M-İ3-İ8 RACİNG 2018,GAME,4.4,596.0,100000.0
MEGA,PRODUCTIVITY,4.0,549214.0,50000000.0
360-M Flight,TOOLS,3.9,84.0,10000.0
M-acceleration 3D Car Racing,GAME,3.9,1202.0,100000.0
m>notes notepad,PRODUCTIVITY,4.3,184.0,1000.0
M+,NEWS_AND_MAGAZINES,4.9,198.0,10000.0
Super Hero M Craft Run,GAME,3.7,303.0,100000.0
M-Sight Pro,VIDEO_PLAYERS,3.3,30.0,5000.0
💎 I'm rich,LIFESTYLE,3.8,718.0,10000.0
Don't Hug Me I'm So Scared,GAME,3.5,901.0,50000.0
GTS-M,TOOLS,4.2,38.0,5000.0
MX Player,VIDEO_PLAYERS,4.5,6469179.0,500000000.0
M star Dialer,COMMUNICATION,3.5,400.0,100000.0
I'm Rich - Trump Edition,LIFESTYLE,3.6,275.0,10000.0
I’m Expecting - Pregnancy App,HEALTH_AND_FITNESS,4.6,71266.0,1000000.0
Free WiFi Connect,COMMUNICATION,3.9,167229.0,10000000.0
M Notifier for M Launcher,TOOLS,4.2,2803.0,100000.0
M Theme - Dark Green Icon Pack,PERSONALIZATION,4.2,202.0,10000.0
m-Faisaa,FINANCE,4.0,142.0,10000.0
m:go BiH,COMMUNICATION,3.2,559.0,10000.0
Diabetes:M,MEDICAL,4.6,15537.0,100000.0
Libre Scan (Diabetes:M addon),MEDICAL,2.4,102.0,10000.0
m.ride - your motorcycle app,AUTO_AND_VEHICLES,4.5,189.0,10000.0
Rope'n'Fly 4,GAME,4.1,234606.0,10000000.0
N Launcher: Nougat Theme,PERSONALIZATION,4.2,128.0,10000.0
Dino in City-Dinosaur N Police,FAMILY,3.7,10035.0,1000000.0
N Launcher Pro - Nougat 7.0,PERSONALIZATION,4.3,2538.0,100000.0
Cops N Robbers - FPS Mini Game,GAME,4.2,156862.0,5000000.0
Cops N Robbers 2,GAME,4.1,63680.0,1000000.0
Hands 'n Guns Simulator,FAMILY,3.9,19727.0,1000000.0
Hide N Seek : Mini Game,GAME,3.8,4719.0,500000.0
N Launcher - Nougat 7.0,PERSONALIZATION,4.4,32597.0,1000000.0
Cook'n Recipe App,LIFESTYLE,3.4,552.0,10000.0
Rope'n'Fly 3 - Dusk Till Dawn,GAME,4.0,166033.0,10000000.0
Tap N Pay,PRODUCTIVITY,4.4,253.0,10000.0
N-Com Wizard,COMMUNICATION,3.3,960.0,50000.0
Drag'n'Boom,GAME,4.8,133180.0,1000000.0
Traps n' Gemstones,GAME,4.5,413.0,1000.0
Shop 'n Save,SHOPPING,3.4,620.0,100000.0
Dual N-Back - Brain game,FAMILY,4.3,817.0,100000.0
N Files - File Manager & Explorer,PRODUCTIVITY,4.3,369.0,10000.0
Guns'n'Glory Zombies Premium,FAMILY,4.1,313.0,5000.0
Cops N Robbers,GAME,4.0,37789.0,1000000.0
Guns'n'Glory Premium,FAMILY,4.4,3570.0,100000.0
Madagascar Surf n' Slides Free,FAMILY,3.8,48929.0,5000000.0
Guns'n'Glory,FAMILY,4.4,89947.0,5000000.0
Ghosts'n Goblins MOBILE,GAME,3.8,466.0,10000.0
Mopar Drag N Brag,GAME,4.2,30630.0,1000000.0
Read Unlimitedly! Kids'n Books,FAMILY,3.8,7462.0,1000000.0
Dark Infusion Substratum Theme for Android N & O,PERSONALIZATION,4.8,133.0,1000.0
Fantastic Chefs: Match 'n Cook,FAMILY,4.7,8600.0,500000.0
Guns'n'Glory Heroes Premium,FAMILY,4.3,923.0,10000.0
Eat'n Park,LIFESTYLE,3.5,292.0,50000.0
Draw N Guess Multiplayer,GAME,3.9,29505.0,1000000.0
Car Parking Crane N Drifting,FAMILY,4.2,106.0,50000.0
Lock 'n' Roll Pro - Ad Free,GAME,4.6,169.0,1000.0
Rock N' Cash Casino Slots -Free Vegas Slot Games,GAME,4.7,6187.0,100000.0
Age of Conquest: N. America,FAMILY,4.5,659.0,10000.0
Sketch 'n' go,VIDEO_PLAYERS,3.8,3965.0,100000.0
Guns'n'Glory WW2 Premium,FAMILY,4.5,4656.0,100000.0
Rock n Roll Music Quiz Game,GAME,3.7,80.0,10000.0
Cook 'n Learn Smart Kitchen,FAMILY,3.5,205.0,50000.0
Jump'N'Shoot Attack,GAME,4.1,155.0,1000.0
Ghouls'n Ghosts MOBILE,GAME,3.9,168.0,5000.0
N-Back,FAMILY,4.1,413.0,10000.0
Oddworld: New 'n' Tasty,GAME,4.6,1475.0,10000.0
Knights N Squires,FAMILY,4.4,148826.0,1000000.0
Opera Mini - fast web browser,COMMUNICATION,4.5,5150801.0,100000000.0
Opera Browser: Fast and Secure,COMMUNICATION,4.4,2473795.0,100000000.0
Planet O - Icon Pack,PERSONALIZATION,4.6,354.0,10000.0
The Noise-O-Meter,FAMILY,4.0,1699.0,100000.0
O Launcher 8.0 for Android™ O Oreo Launcher,TOOLS,4.4,11393.0,1000000.0
Opera Mini browser beta,COMMUNICATION,4.4,401530.0,10000000.0
Stand O’Food® (Full),FAMILY,4.4,925.0,10000.0
WiFi-o-Matic,PRODUCTIVITY,4.0,736.0,50000.0
Detect-O-Gromit (D.O.G 2),FAMILY,3.8,45.0,10000.0
O Shopping,SHOPPING,3.9,671.0,100000.0
Obbligo o Verità? PRO,GAME,4.193338315362443,4.0,100.0
AC Remote for O General - NOW FREE,TOOLS,3.7,274.0,50000.0
O'Route Orienteering,SPORTS,4.2,6.0,100.0
Drink-O-Tron The Drinking Game,GAME,4.1,140.0,50000.0
Multiling O Keyboard + emoji,PRODUCTIVITY,4.3,30443.0,1000000.0
Google I/O 2018,BOOKS_AND_REFERENCE,4.3,22401.0,500000.0
Prime Key for Nougat Launcher& O Launcher &KitKat,PERSONALIZATION,4.1,324.0,5000.0
OO Launcher for Android O 8.0 Oreo™ Launcher,PERSONALIZATION,4.4,14832.0,1000000.0
Band O'Clock,LIFESTYLE,3.8,1140.0,100000.0
O Launcher,TOOLS,4.3,2059.0,100000.0
Verdad o Reto,SOCIAL,3.8,826.0,500000.0
Pixlr-o-matic,PHOTOGRAPHY,4.5,180697.0,10000000.0
O-Level Past Papers & Solution (up to 2017),FAMILY,3.8,589.0,100000.0
"O Multiple - App Cloner, Duals APP, tarallel",TOOLS,3.9,145.0,50000.0
The Maze Runner,GAME,4.0,428268.0,10000000.0
Psiphon Pro - The Internet Freedom VPN,COMMUNICATION,4.3,298041.0,10000000.0
PicsArt Photo Studio: Collage Maker & Pic Editor,PHOTOGRAPHY,4.5,7590099.0,100000000.0
P Icon Pack for Pixel,PERSONALIZATION,4.4,38.0,1000.0
Android P | Xperia™ Theme 4800+ icons,PERSONALIZATION,4.6,29.0,100.0
Android P Home KLWP,PERSONALIZATION,4.193338315362443,0.0,5.0
P-Home for KLWP,PERSONALIZATION,5.0,4.0,100.0
"Super P Launcher for Android P 9.0 launcher, theme",TOOLS,4.4,2026.0,100000.0
pixiv,SOCIAL,4.2,86956.0,1000000.0
[Sub/EMUI] P Pro - EMUI 8.1/8.0/5.X Theme,PERSONALIZATION,4.0,13.0,100.0
Pacify Exceed (Android P) - Theme for Xperia™,PERSONALIZATION,4.193338315362443,5.0,10.0
Theme Android P Design for LG V30,PERSONALIZATION,4.2,35.0,500.0
Pistachio Launcher for Android P 9.0,PERSONALIZATION,4.193338315362443,0.0,1.0
Theme Android P for LG G7 & V35,PERSONALIZATION,4.6,5.0,100.0
Volume Slider Like Android P Volume Control,TOOLS,4.1,1129.0,10000.0
Pacify (Android P theme) - Theme for Xperia™,PERSONALIZATION,4.193338315362443,1.0,10.0
P Launcher for Android™ 9.0,PERSONALIZATION,3.9,35.0,5000.0
PixelLab - Text on pictures,PHOTOGRAPHY,4.6,108002.0,10000000.0
Popsicle Launcher for Android P 9.0 launcher,PERSONALIZATION,4.193338315362443,0.0,0.0
Theme Android P Black design for LG V30,PERSONALIZATION,4.4,8.0,100.0
P Launcher Theme For Android™ 9.0,PERSONALIZATION,3.9,213.0,10000.0
Theme Android P Black for LG G7 & V35,PERSONALIZATION,4.6,5.0,100.0
P Theme for Android™ P 9.0 Style Launcher,PERSONALIZATION,4.5,216.0,50000.0
Android P 9.0,PERSONALIZATION,3.0,12.0,500.0
Pureness Pacify (Android P) - Theme for Xperia™,PERSONALIZATION,4.193338315362443,0.0,1.0
Android P Wallpapers,PERSONALIZATION,3.6,53.0,5000.0
P XPERIA Theme™ | Design For SONY 🎨,PERSONALIZATION,4.4,147.0,10000.0
Parallel Space - Multiple accounts & Two face,PERSONALIZATION,4.6,3062845.0,100000000.0
Theme for New Android P,PERSONALIZATION,4.193338315362443,13.0,1000.0
P9 Launcher - Android™ 9.0 P Launcher Style,TOOLS,4.3,1162.0,100000.0
Android P Style Icon Pack,PERSONALIZATION,5.0,1.0,100.0
Android P Stock Wallpapers,PERSONALIZATION,4.5,16.0,1000.0
G-Pix [Android P] Dark EMUI 8/5 THEME,PERSONALIZATION,4.1,169.0,10000.0
G-Pix [Android P] EMUI 8/5 THEME,PERSONALIZATION,4.1,720.0,100000.0
Android-P Mono Grey EMUI 8/5 Theme,PERSONALIZATION,4.5,61.0,10000.0
P XPERIA Theme™ | PURPLE - Design For SONY 🎨,PERSONALIZATION,4.193338315362443,3.0,500.0
Materialistic P Wallpapers,PERSONALIZATION,4.8,24.0,1000.0
Android P Rotation,TOOLS,4.5,502.0,10000.0
P XPERIA Theme™ | INDIGO - Design For SONY 🎨,PERSONALIZATION,4.193338315362443,12.0,1000.0
Android P Launcher 9.0 launcher,TOOLS,4.0,164.0,10000.0
Pixel Oreo/P Dark White AMOLED UI - Icon Pack,PERSONALIZATION,4.8,18.0,5000.0
pretty Easy privacy p≡p,COMMUNICATION,3.7,21.0,500.0
P Icon Pack,FAMILY,4.193338315362443,0.0,10.0
"Q Alerts: QAnon Drop Notifications, Research +++",NEWS_AND_MAGAZINES,4.7,143.0,5000.0
The Q - Live Trivia Game Network,GAME,2.7,1486.0,100000.0
Fossil Q,LIFESTYLE,2.9,6627.0,500000.0
Q,FAMILY,4.2,69126.0,1000000.0
"Official QR Code® Reader ""Q""",PRODUCTIVITY,4.4,3031.0,500000.0
Q Cat Live Wallpaper,PERSONALIZATION,4.2,4383.0,500000.0
Q MINDshare Mobile,BUSINESS,3.4,24.0,10000.0
Fossil Q Legacy,LIFESTYLE,2.6,680.0,50000.0
Offroad Car Q,FAMILY,4.1,24668.0,1000000.0
Q*bert: Rebooted,GAME,4.3,13788.0,1000000.0
Quora,SOCIAL,4.5,313403.0,10000000.0
Gun Shoot War Q,GAME,4.2,26893.0,1000000.0
FaceQ,FAMILY,4.4,591411.0,10000000.0
Q Actions - Digital Assistant,PRODUCTIVITY,4.193338315362443,0.0,500.0
Q Link Wireless Zone,PRODUCTIVITY,4.0,2194.0,500000.0
Q Avatar (Avatar Maker),COMICS,4.4,2012.0,100000.0
Q downloader : download your social media videos,FAMILY,4.1,41.0,1000.0
Q Avatar Pro,FAMILY,4.8,4.0,100.0
Q-See Plus,VIDEO_PLAYERS,2.2,32.0,5000.0
Q Wunder,FAMILY,3.8,156.0,10000.0
Q-See QC View,TOOLS,3.1,657.0,100000.0
Leica Q,PHOTOGRAPHY,3.1,133.0,10000.0
Q Remote Control,TOOLS,3.8,4264.0,500000.0
Q-Ticketing,MAPS_AND_NAVIGATION,3.8,114.0,10000.0
DJMAX TECHNIKA Q - Music Game,GAME,4.3,21107.0,100000.0
myQ,TOOLS,3.6,3642.0,100000.0
QR Code Reader,TOOLS,4.0,495971.0,50000000.0
ICQ — Video Calls & Chat Messenger,COMMUNICATION,4.4,697939.0,10000000.0
Q Operator,BUSINESS,4.6,60.0,1000.0
Q Call,TOOLS,4.193338315362443,20.0,1000.0
Q-slope,TOOLS,4.5,2.0,50.0
Q-Tech Companion App,FOOD_AND_DRINK,1.8,17.0,10000.0
Q Mobile Banking,FINANCE,4.7,460.0,10000.0
Q Quiz SK,FAMILY,3.9,159.0,5000.0
Big Q Car Service,MAPS_AND_NAVIGATION,4.4,75.0,5000.0
Q-See QT View,TOOLS,3.6,7357.0,100000.0
ROBLOX,FAMILY,4.5,4443407.0,100000000.0
"DataCamp - Learn R, Python & SQL",FAMILY,4.4,944.0,100000.0
R Language Reference Guide,BOOKS_AND_REFERENCE,3.9,54.0,10000.0
Run R Script - Online Statistical Data Analysis,FAMILY,3.9,8.0,1000.0
R Programming Language,FAMILY,3.8,39.0,1000.0
R Programming,FAMILY,4.193338315362443,2.0,1000.0
R. Physics Puzzle Game,FAMILY,4.2,5369.0,500000.0
R Instructor,FAMILY,4.1,135.0,1000.0
GT-R R35 Drift Simulator,FAMILY,4.4,1852.0,100000.0
Offroad Pickup Truck R,FAMILY,4.4,6367.0,1000000.0
Learn R Programming Full,BOOKS_AND_REFERENCE,4.193338315362443,11.0,5000.0
R Programming Tutorial,FAMILY,4.193338315362443,5.0,1000.0
R Programing Offline Tutorial,BOOKS_AND_REFERENCE,5.0,4.0,1000.0
Learn R Language Easy Way,FAMILY,4.1,17.0,10000.0
.R,TOOLS,4.5,259.0,10000.0
R-TYPE II,GAME,4.3,5682.0,50000.0
Guide for R Programming,BOOKS_AND_REFERENCE,4.193338315362443,0.0,5.0
R Programming Solution,FAMILY,3.9,169.0,10000.0
Learn R - Programming Concepts,FAMILY,3.5,6.0,1000.0
Learn R Programming,BOOKS_AND_REFERENCE,4.193338315362443,0.0,10.0
Car Parking Nissan GT-R R35 Simulator,FAMILY,3.2,513.0,100000.0
R Quick Reference Big Data,BOOKS_AND_REFERENCE,4.193338315362443,6.0,1000.0
Learn R Programming Free EBook,FAMILY,4.193338315362443,1.0,50.0
RMEduS - 음성인식을 활용한 R 프로그래밍 실습 시스템,FAMILY,4.193338315362443,4.0,1.0
R Programming Language (Paperset 2) MCQ Quiz,FAMILY,4.193338315362443,0.0,10.0
R-net for Android,PRODUCTIVITY,3.3,48.0,5000.0
R File Manager,TOOLS,4.8,17.0,50.0
R-TYPE,GAME,4.5,7687.0,100000.0
R Studio,SHOPPING,3.7,23.0,5000.0
Day R Premium,FAMILY,4.8,51068.0,100000.0
"Join R, Community Engagement",SOCIAL,4.7,144.0,1000.0
R Bank,FINANCE,4.3,90.0,5000.0
Elemental Knights R Platinum,FAMILY,3.8,2925.0,50000.0
Wonder5 Masters R,FAMILY,4.1,1655.0,100000.0
Neon-R (Red),PERSONALIZATION,4.7,25.0,100.0
Mat|r viewer,PRODUCTIVITY,4.193338315362443,5.0,100.0
R. Lee Ermey's Official Sound,FAMILY,4.2,1696.0,100000.0
Tutorials for R Programming Offline,FAMILY,4.193338315362443,2.0,500.0
R Programming Language (Paperset 1) MCQ Quiz,FAMILY,4.193338315362443,1.0,10.0
SHAREit - Transfer & Share,TOOLS,4.6,7775146.0,500000000.0
S Launcher for Galaxy TouchWiz,PERSONALIZATION,4.2,11244.0,1000000.0
"360 Security - Free Antivirus, Booster, Cleaner",TOOLS,4.6,16771865.0,100000000.0
S Player - Lightest and Most Powerful Video Player,TOOLS,4.6,14224.0,1000000.0
Offroad Pickup Truck S,FAMILY,4.2,5178.0,1000000.0
S Launcher Pro for Galaxy,PERSONALIZATION,4.1,47.0,1000.0
Type S LED,LIFESTYLE,3.5,628.0,100000.0
S Note,PRODUCTIVITY,4.1,12435.0,10000000.0
"S Photo Editor - Collage Maker , Photo Collage",PHOTOGRAPHY,4.4,972574.0,100000000.0
Stupid Zombies,GAME,4.5,464900.0,10000000.0
S’more - Earn Cash Rewards,PRODUCTIVITY,4.1,15097.0,1000000.0
PitchBlack S - Samsung Substratum Theme “For Oreo”,PERSONALIZATION,4.5,90.0,1000.0
Samsung Smart Switch Mobile,TOOLS,4.3,146913.0,100000000.0
"S S9 Launcher - Galaxy S8/S9 Launcher, theme, cool",TOOLS,4.4,22503.0,1000000.0
Five Nights at Freddy's 2 Demo,FAMILY,4.3,1503544.0,50000000.0
Crime Wars S. Andreas,GAME,4.3,5785.0,500000.0
S Pen Keeper,TOOLS,3.8,560.0,50000.0
SH Script Runner,PRODUCTIVITY,3.9,334.0,50000.0
City Taxi Driver sim 2016: Cab simulator Game-s,FAMILY,4.1,16111.0,1000000.0
Shopping List S PRO,SHOPPING,4.8,14.0,100.0
Tumblr,SOCIAL,4.4,2953886.0,100000000.0
Tinder,LIFESTYLE,4.0,2789775.0,100000000.0
"Topbuzz: Breaking News, Videos & Funny GIFs",NEWS_AND_MAGAZINES,4.7,174827.0,10000000.0
Twitch: Livestream Multiplayer Games & Esports,FAMILY,4.6,2133047.0,50000000.0
T-Mobile,TOOLS,4.3,482630.0,10000000.0
Dino T-Rex,GAME,4.0,69115.0,10000000.0
Telegram,COMMUNICATION,4.4,3128611.0,100000000.0
myAT&T,PRODUCTIVITY,3.7,80816.0,50000000.0
AT&T U-verse,FAMILY,3.7,38606.0,1000000.0
AT&T Messages for Tablet,COMMUNICATION,3.3,3044.0,1000000.0
T Uploader,FAMILY,4.1,75.0,10000.0
T-Mobile DIGITS,COMMUNICATION,3.0,1820.0,100000.0
AT&T Digital Life,LIFESTYLE,4.1,10067.0,1000000.0
DIRECTV Remote App,FAMILY,3.0,480.0,1000000.0
AT&T Smart Limits℠,LIFESTYLE,3.8,2300.0,10000000.0
T-Mobile Tuesdays,LIFESTYLE,4.0,53144.0,5000000.0
"Truecaller: Caller ID, SMS spam blocking & Dialer",COMMUNICATION,4.5,7820775.0,100000000.0
AT&T Mobile Transfer,PRODUCTIVITY,4.6,22775.0,10000000.0
T-Mobile Content Transfer,PRODUCTIVITY,4.1,370.0,500000.0
T-Mobile Visual Voicemail,TOOLS,3.6,41502.0,50000000.0
I Can't Wake Up!,TOOLS,4.7,963.0,10000.0
AT&T FamilyMap®,TOOLS,3.5,21592.0,10000000.0
T-Mobile® FamilyMode™,PARENTING,3.1,103.0,10000.0
Portable Wi-Fi hotspot,COMMUNICATION,3.9,138129.0,10000000.0
Showtime Anytime,FAMILY,3.7,18522.0,1000000.0
AT&T Call Protect,COMMUNICATION,4.2,6454.0,5000000.0
Don't Starve: Pocket Edition,GAME,4.4,17988.0,100000.0
"Please, Don't Touch Anything",FAMILY,4.4,1771.0,10000.0
AT&T DriveMode,MAPS_AND_NAVIGATION,3.3,8465.0,10000000.0
The T Factor,EVENTS,4.8,48.0,1000.0
Please Don't Touch Anything 3D,FAMILY,4.2,146.0,5000.0
Don't Panic with Andrew J.,BOOKS_AND_REFERENCE,4.5,124.0,5000.0
Don't touch my phone,TOOLS,3.8,21943.0,5000000.0
Don't Starve: Shipwrecked,GAME,4.1,1468.0,10000.0
Ludo - Don't get angry,GAME,4.2,131.0,1000.0
Jurassic Life: T Rex Simulator,FAMILY,4.2,1088.0,10000.0
T-Mobile SyncUP DRIVE,AUTO_AND_VEHICLES,4.0,1981.0,100000.0
T-shirt design - Snaptee,LIFESTYLE,4.2,29756.0,1000000.0
MBTA GPS - Track the T,MAPS_AND_NAVIGATION,3.8,82.0,5000.0
T. Rowe Price Personal® App,FINANCE,4.5,1057.0,50000.0
Můj T-Mobile Business,PRODUCTIVITY,3.7,10490.0,1000000.0
U by BB&T,FINANCE,4.3,16600.0,1000000.0
U LIVE – Video Chat & Stream,SOCIAL,4.5,67611.0,1000000.0
"U - Webinars, Meetings & Messenger",COMMUNICATION,4.1,6601.0,500000.0
Hollywood U: Rising Stars,FAMILY,4.2,233588.0,5000000.0
U-Dictionary: Best English Learning Dictionary,FAMILY,4.5,166886.0,10000000.0
Ustream,VIDEO_PLAYERS,4.0,93638.0,10000000.0
UC Browser Mini -Tiny Fast Private & Secure,COMMUNICATION,4.4,3648765.0,100000000.0
Uber,MAPS_AND_NAVIGATION,4.2,4921866.0,100000000.0
ENCHANT U,FAMILY,4.3,83977.0,500000.0
/u/app,COMMUNICATION,4.7,573.0,10000.0
Kicker U,LIFESTYLE,4.1,124.0,5000.0
U-Haul,TRAVEL_AND_LOCAL,3.2,852.0,100000.0
Vienna U-Bahn,MAPS_AND_NAVIGATION,3.9,139.0,10000.0
Kicker U Lite,LIFESTYLE,4.1,438.0,50000.0
U-Scan,TOOLS,3.4,784.0,50000.0
Octo U: Your driving companion,TRAVEL_AND_LOCAL,3.0,331.0,50000.0
I Love U Theme&Emoji Keyboard,PERSONALIZATION,4.6,655.0,100000.0
Channel U,FAMILY,4.6,34.0,1000.0
"Parallel U - App Cloner, Duals APP, tarallel",TOOLS,4.1,3315.0,500000.0
U Pull It Auto Dismantler,BUSINESS,3.1,71.0,10000.0
Wii U Simulator,FAMILY,3.4,1178.0,100000.0
U Camera : Phone 6s OS 9 style,PHOTOGRAPHY,4.2,2158.0,500000.0
U get - Wireless Speed Test,TOOLS,4.2,26.0,5000.0
U Guard,TOOLS,3.0,245.0,10000.0
DRC Sim - Wii U Gamepad,FAMILY,2.4,210.0,10000.0
"See U - Random video chat, video chat",SOCIAL,4.1,568.0,100000.0
[verify-U] VideoIdent,COMMUNICATION,2.9,83.0,10000.0
What U See,SOCIAL,4.0,712.0,100000.0
U Assist - Screen Mirroring & Sharing App,PRODUCTIVITY,4.0,198.0,50000.0
U+Box,PRODUCTIVITY,3.8,24517.0,10000000.0
Wi u Emulator,FAMILY,2.4,468.0,10000.0
Waiting For U Launcher Theme,PERSONALIZATION,4.4,5599.0,500000.0
U of I Community Credit Union,FINANCE,3.7,52.0,5000.0
U-Report,SOCIAL,4.3,241.0,10000.0
"Meet U - Get Friends for Snapchat, Kik & Instagram",SOCIAL,4.6,4435.0,100000.0
U-Craft Mobile,FAMILY,4.2,11404.0,100000.0
Alarmy (Sleep If U Can) - Pro,LIFESTYLE,4.8,10249.0,10000.0
U-Disco,FAMILY,3.6,906.0,100000.0
SAY-U,FAMILY,3.2,1011.0,100000.0
Be U Salons Hair-Beauty Deals In Delhi & Bangalore,LIFESTYLE,4.0,889.0,100000.0
U-48 Submarine Commander Free,GAME,3.5,4575.0,500000.0
Berlin Subway – BVG U-Bahn & S-Bahn map and routes,MAPS_AND_NAVIGATION,4.4,509.0,100000.0
Remote For ATT U-verse TV - NOW FREE,TOOLS,2.5,20.0,5000.0
Pocket U ASW,FAMILY,3.9,93.0,10000.0
V LIVE - Star Live App,FAMILY,4.4,397147.0,10000000.0
Identity V,GAME,4.2,109263.0,1000000.0
VMate,VIDEO_PLAYERS,4.2,192677.0,50000000.0
V Made,BOOKS_AND_REFERENCE,4.3,241.0,100000.0
Grand Theft Auto V: The Manual,FAMILY,4.1,182103.0,5000000.0
Viber Messenger,COMMUNICATION,4.3,11335481.0,500000000.0
V for Voodoo,GAME,4.2,16876.0,1000000.0
Sin City Crime Simulator V - Gangster,GAME,4.2,2113.0,100000.0
The Gang Sniper V. Pocket Edition.,GAME,3.9,6121.0,500000.0
Vimeo,FAMILY,3.9,85578.0,10000000.0
VLC for Android,VIDEO_PLAYERS,4.4,1031045.0,100000000.0
All Video Downloader,VIDEO_PLAYERS,3.8,165723.0,10000000.0
"Vault-Hide SMS,Pics & Videos,App Lock,Cloud backup",BUSINESS,4.5,984451.0,50000000.0
VidPlay,VIDEO_PLAYERS,4.2,3546.0,1000000.0
HD Video Downloader : 2018 Best video mate,VIDEO_PLAYERS,3.7,430643.0,50000000.0
Vigo Video,VIDEO_PLAYERS,4.3,1615418.0,50000000.0
V-CUBE Seminar Mobile,BUSINESS,4.3,542.0,100000.0
VivaVideo - Video Editor & Photo Movie,VIDEO_PLAYERS,4.6,9879473.0,100000000.0
Mod GTA V for MCPE,FAMILY,3.3,4288.0,500000.0
Vi Trainer,HEALTH_AND_FITNESS,3.6,124.0,5000.0
San Andreas: Gang Crime V,GAME,4.1,2399.0,100000.0
The Grand Bike V,FAMILY,3.8,3478.0,1000000.0
V.360° Camera,PHOTOGRAPHY,3.3,582.0,100000.0
FINAL FANTASY V,FAMILY,4.5,15924.0,100000.0
BTS V LINE Launcher theme,PERSONALIZATION,4.8,3283.0,100000.0
"VideoShow-Video Editor, Video Maker, Beauty Camera",VIDEO_PLAYERS,4.6,4016834.0,100000000.0
FORD V SERIES CALC - NO LIMIT,AUTO_AND_VEHICLES,4.193338315362443,2.0,50.0
VMate Lite - Funny Short Videos Social Network,SOCIAL,4.3,903.0,1000000.0
Mirk V Launcher Theme,PERSONALIZATION,4.5,292.0,10000.0
Mike V: Skateboard Party PRO,SPORTS,4.2,2506.0,50000.0
The grand theft V Wallpaper,PERSONALIZATION,3.8,87.0,10000.0
V Bucks ProTips New,SOCIAL,4.7,594.0,1000.0
Cheats for GTA V,FAMILY,4.2,450.0,100000.0
V for Vampire - Free,FAMILY,4.3,2772.0,500000.0
Get Free V-bucks_fortnite Hints,FAMILY,4.7,1997.0,5000.0
V BTS Wallpaper,PERSONALIZATION,4.7,127.0,5000.0
v-view,FAMILY,3.6,309.0,10000.0
Mental Hospital V,GAME,4.2,2460.0,50000.0
Grand Stickman Cover V,GAME,4.0,1744.0,100000.0
Cheat Codes for GTA V,FAMILY,4.3,589.0,100000.0
DRAGON QUEST V,FAMILY,4.7,1667.0,10000.0
WeChat,COMMUNICATION,4.2,5387631.0,100000000.0
Easy V-Bux free,FAMILY,4.6,856.0,5000.0
BTS V Kim Taehyung Wallpapers Kpop HD New,PERSONALIZATION,4.8,51.0,5000.0
Wattpad 📖 Free Books,BOOKS_AND_REFERENCE,4.6,2915189.0,100000000.0
W Pro - Weather Forecast & Animated Weather Maps,WEATHER,3.8,11.0,500.0
"Waze - GPS, Maps, Traffic Alerts & Live Navigation",MAPS_AND_NAVIGATION,4.6,7231017.0,100000000.0
"Dating App, Flirt & Chat : W-Match",SOCIAL,4.3,175523.0,10000000.0
W - Weather Forecast & Animated Radar Maps,WEATHER,4.2,29.0,5000.0
"WPS Office - Word, Docs, PDF, Note, Slide & Sheet",PRODUCTIVITY,4.5,1507205.0,100000000.0
W-History Standalone,SOCIAL,3.2,38.0,1000.0
Words With Friends Classic,GAME,4.3,1704112.0,50000000.0
Fantasy Squad W,FAMILY,4.3,2142.0,50000.0
LINE WEBTOON - Free Comics,COMICS,4.5,1013944.0,10000000.0
Weather & Clock Widget for Android,WEATHER,4.4,2371543.0,50000000.0
W Box VMS,VIDEO_PLAYERS,1.9,105.0,10000.0
WhatsApp Business,COMMUNICATION,4.4,137144.0,10000000.0
W Box VMS HD,VIDEO_PLAYERS,2.5,24.0,5000.0
Ace Screen Recorder w facecam,TOOLS,4.2,2447.0,100000.0
WIFI WPS WPA TESTER,TOOLS,4.3,352097.0,10000000.0
Flashlight Free w/ compass,TOOLS,4.0,75.0,10000.0
"App Lock: Locker w/ fingerprint, Parental Control",TOOLS,4.5,37607.0,1000000.0
IRS W-9 form,BUSINESS,4.8,492.0,10000.0
Open in WhatsApp (click to chat),TOOLS,4.2,12121.0,1000000.0
B & W Filter for Photo Editor Pro,PERSONALIZATION,4.7,65.0,5000.0
WowBox,LIFESTYLE,4.4,101957.0,5000000.0
Zaatar w Zeit,FOOD_AND_DRINK,4.4,205.0,50000.0
WPSApp,TOOLS,4.4,95080.0,10000000.0
WhatsCall Free Global Phone Call App & Cheap Calls,COMMUNICATION,4.6,1130966.0,10000000.0
Dictionary - WordWeb,BOOKS_AND_REFERENCE,4.6,124970.0,5000000.0
Profile w/o crop for Telegram,PHOTOGRAPHY,4.2,348.0,10000.0
We Heart It,SOCIAL,4.5,637254.0,10000000.0
weather HD,PERSONALIZATION,4.0,1546.0,10000.0
TripAdvisor Hotels Flights Restaurants Attractions,TRAVEL_AND_LOCAL,4.4,1162331.0,100000000.0
Draw Something Classic,GAME,4.2,1092106.0,50000000.0
X-VPN - Free Unlimited VPN Proxy,TOOLS,4.5,40617.0,5000000.0
Telegram X,SOCIAL,4.6,70449.0,5000000.0
Share Music & Transfer Files - Xender,TOOLS,4.4,1279109.0,100000000.0
X Launcher: With OS11 Style Theme & Control Center,ART_AND_DESIGN,4.7,5754.0,100000.0
"Phone X Launcher, OS 11 iLauncher & Control Center",TOOLS,4.2,54063.0,5000000.0
Lock Screen Phone X Style OS 11,TOOLS,4.4,1166.0,100000.0
Nose Doctor X: Booger Mania,FAMILY,3.2,37584.0,5000000.0
Control Center iOS 11 - Phone X Control Panel,TOOLS,4.1,1925.0,100000.0
X Browser,COMMUNICATION,4.0,142.0,50000.0
"X Launcher Pro: PhoneX Theme, OS11 Control Center",ART_AND_DESIGN,4.7,801.0,5000.0
X-plore File Manager,TOOLS,4.6,168487.0,10000000.0
Flashlight X,TOOLS,4.6,20418.0,1000000.0
iSwipe Phone X,TOOLS,4.7,58366.0,1000000.0
X Launcher Pro - IOS Style Theme & Control Center,ART_AND_DESIGN,4.8,1216.0,10000.0
X Home Bar - Free,TOOLS,4.6,4210.0,100000.0
[ROOT] X Privacy Installer,TOOLS,4.2,12147.0,1000000.0
Extreme X Ray Robot Stunts,GAME,4.3,10806.0,5000000.0
Xray Scanner Prank,FAMILY,3.3,355837.0,10000000.0
X Launcher Prime: With OS Style Theme & No Ads,ART_AND_DESIGN,4.7,149.0,1000.0
The X-Files: Deep State - Hidden Object Adventure,FAMILY,4.5,22018.0,500000.0
Theme for Iphone X Plus,PERSONALIZATION,4.0,126.0,10000.0
Casino X - Free Online Slots,GAME,4.5,30515.0,1000000.0
X-WOLF,GAME,4.2,4878.0,100000.0
Light X - Icon Pack,PERSONALIZATION,4.6,252.0,10000.0
X-Plane 10 Flight Simulator,FAMILY,4.2,63197.0,1000000.0
Anime X Wallpaper,PERSONALIZATION,4.7,32613.0,1000000.0
NEW Theme for Phone X,PERSONALIZATION,4.7,8642.0,500000.0
X-Plane to GPS,TOOLS,4.2,161.0,5000.0
Control Center iOS 11 - Phone X notifications,TOOLS,4.3,514.0,50000.0
iLocker X - iOS11 Lockscreen with HD Wallpapers,PERSONALIZATION,4.3,1714.0,100000.0
iLauncher OS 12 Pro - Phone X,PERSONALIZATION,4.193338315362443,3.0,50.0
Hero Fighter X,GAME,4.5,24210.0,500000.0
Slendrina X,GAME,4.4,12736.0,1000000.0
X Back - Icon Pack,PERSONALIZATION,4.5,56.0,10000.0
Guide (for X-MEN),BOOKS_AND_REFERENCE,4.6,586.0,100000.0
"Decibel X PRO - Sound Meter dBA, Noise Detector",TOOLS,4.3,60.0,1000.0
Flight Simulator X 2016 Free,FAMILY,3.8,44636.0,1000000.0
Robocar X Ray,GAME,4.5,3432.0,1000000.0
Space X: Sky Wars of Air Force,GAME,4.5,10748.0,1000000.0
OS-X EMUI 4/5/8 THEME,PERSONALIZATION,3.9,916.0,100000.0
Flexiroam X,TRAVEL_AND_LOCAL,4.0,875.0,100000.0
X-ray scanner simulator,FAMILY,2.7,1616.0,500000.0
X Construction,FAMILY,4.5,18612.0,100000.0
X Home Bar - Home Bar Gesture Pro,TOOLS,4.0,88.0,10000.0
PLAYBULB X,LIFESTYLE,2.9,2160.0,100000.0
X-Wing Squadron Builder,FAMILY,4.6,5898.0,100000.0
YouTube TV - Watch & Record Live TV,FAMILY,4.4,38517.0,1000000.0
Yandex Browser with Protect,PERSONALIZATION,4.5,1235841.0,50000000.0
JW Caleb y Sofia,FAMILY,4.6,5227.0,500000.0
Boomerang Make and Race,FAMILY,4.4,281448.0,10000000.0
YouTube Studio,VIDEO_PLAYERS,4.3,436170.0,10000000.0
Talking Tom & Ben News,FAMILY,4.4,1131937.0,100000000.0
Vegas Crime Simulator,FAMILY,4.2,721646.0,50000000.0
PewDiePie's Tuber Simulator,FAMILY,4.8,1499466.0,10000000.0
Yahoo Mail – Stay Organized,COMMUNICATION,4.3,4188345.0,100000000.0
Real Gangster Crime,GAME,4.3,285814.0,10000000.0
Antivirus & Mobile Security,TOOLS,4.6,351267.0,10000000.0
Flashlight Ultimate,TOOLS,4.6,16936.0,1000000.0
PBS KIDS Video,FAMILY,4.2,36214.0,5000000.0
YouTube Gaming,FAMILY,4.2,130549.0,5000000.0
Gangster Town,GAME,4.1,74842.0,5000000.0
Rope Hero 3,GAME,4.4,45871.0,5000000.0
Avast Mobile Security 2018 - Antivirus & App Lock,TOOLS,4.5,5180480.0,100000000.0
"GO Keyboard - Emoticon keyboard, Free Theme, GIF",PERSONALIZATION,4.4,2591610.0,100000000.0
NQ Mobile Security & Antivirus,PRODUCTIVITY,4.4,427185.0,10000000.0
yHomework - Math Solver,FAMILY,4.2,50771.0,1000000.0
GO Launcher - 3D parallax Themes & HD Wallpapers,PERSONALIZATION,4.5,7464996.0,100000000.0
Z Origins - (Z The Game),FAMILY,4.6,4421.0,50000.0
ZArchiver,TOOLS,4.5,337242.0,10000000.0
"Zapya - File Transfer, Sharing",TOOLS,4.6,387958.0,10000000.0
Experiment Z - Zombie,GAME,4.0,229329.0,10000000.0
War Z 2,FAMILY,4.5,97071.0,5000000.0
Last Empire - War Z: Strategy,FAMILY,4.2,853495.0,50000000.0
Z Day: Hearts of Heroes,FAMILY,3.9,5894.0,1000000.0
Z Champions,GAME,4.7,96028.0,1000000.0
Zello PTT Walkie Talkie,SOCIAL,4.4,695576.0,50000000.0
CPU-Z,TOOLS,4.5,295430.0,10000000.0
WithstandZ - Zombie Survival!,GAME,4.3,121612.0,1000000.0
"Z Camera - Photo Editor, Beauty Selfie, Collage",PHOTOGRAPHY,4.4,1075016.0,100000000.0
Empire Z: Endless War,FAMILY,4.2,367951.0,5000000.0
Zombie War Z : Hero Survival Rules,GAME,3.9,1987.0,100000.0
DRAGON BALL Z DOKKAN BATTLE,GAME,4.1,650114.0,10000000.0
Moto Z Market,TOOLS,2.2,605.0,1000000.0
Cube Z (Pixel Zombies),GAME,4.2,41444.0,1000000.0
Z War-Zombie Modern Combat,FAMILY,4.2,62301.0,5000000.0
Z App,LIFESTYLE,2.8,405.0,50000.0
GALAK-Z: Variant Mobile,GAME,3.9,145.0,10000.0
Z City,FAMILY,4.3,3976.0,100000.0
Space Z 🌏 🚀Icon Pack Theme,PERSONALIZATION,4.8,201.0,1000.0
Reload: The Z-Team,GAME,4.3,1655.0,100000.0
Rage Z: Multiplayer Zombie FPS Online Shooter,GAME,4.1,11258.0,500000.0
Pixel Z Gunner 3D - Battle Survival Fps,GAME,4.2,11408.0,1000000.0
Saiyan Z: Super SSJ Ultimate Combat,GAME,4.4,306.0,10000.0
Mini DAYZ: Zombie Survival,GAME,4.1,94661.0,1000000.0
Z-Empire: Dead Strike,FAMILY,4.6,99.0,10000.0
Free Z Glass GO Keyboard Theme,PERSONALIZATION,4.3,71829.0,5000000.0
Zombie Avengers:(Dreamsky)Stickman War Z,GAME,4.3,13604.0,1000000.0
Z Camera,PHOTOGRAPHY,3.8,142.0,10000.0
ZArchiver Donate,TOOLS,4.8,1721.0,10000.0
Cardio Z,MEDICAL,4.193338315362443,24.0,100.0
GO SMS Pro Z Glass Theme EX,PERSONALIZATION,3.8,24198.0,1000000.0
Route Z,GAME,3.9,24697.0,500000.0
Z PIVOT,COMMUNICATION,4.193338315362443,0.0,10.0
Dragon X Adventure: Warrior Z,GAME,4.3,8537.0,100000.0
Ultimate Fighter Z,GAME,4.3,180.0,5000.0
Theme eXp - Black Z Light,PERSONALIZATION,4.3,29540.0,1000000.0
Toy Battle Z,FAMILY,4.1,133.0,10000.0
Wave Z Live Wallpaper,PERSONALIZATION,4.2,63699.0,5000000.0
Six Pack in 30 Days - Abs Workout,HEALTH_AND_FITNESS,4.9,272172.0,10000000.0
30 Day Ab Challenge,HEALTH_AND_FITNESS,4.5,1886.0,500000.0
Angry Birds Blast,FAMILY,4.6,253115.0,10000000.0
ab,FAMILY,3.8,10.0,1000.0
Ultimate Ab & Core Workouts,HEALTH_AND_FITNESS,4.7,55571.0,1000000.0
Angry Birds Evolution,FAMILY,4.5,384602.0,10000000.0
Angry Birds Match,FAMILY,4.7,227401.0,5000000.0
Angry Birds POP Bubble Shooter,FAMILY,4.5,596628.0,10000000.0
Abs Workout - Burn Belly Fat with No Equipment,HEALTH_AND_FITNESS,4.8,69279.0,10000000.0
6 Pack Promise - Ultimate Abs,HEALTH_AND_FITNESS,4.6,18921.0,1000000.0
Angry Birds 2,FAMILY,4.6,3881752.0,100000000.0
AB Repeat Player,VIDEO_PLAYERS,4.3,1628.0,100000.0
"Abs, Core & Back Workout Challenge",HEALTH_AND_FITNESS,4.8,3908.0,100000.0
AB Mobile App,HEALTH_AND_FITNESS,3.4,2105.0,100000.0
Daily Ab Workout,HEALTH_AND_FITNESS,4.6,2901.0,50000.0
Angry Birds Rio,GAME,4.4,2610328.0,100000000.0
Angry Birds Epic RPG,FAMILY,4.5,2634605.0,10000000.0
A-B repeater,VIDEO_PLAYERS,4.4,32.0,5000.0
Daily Ab Workout - Core & Abs Fitness Exercises,HEALTH_AND_FITNESS,4.4,44939.0,10000000.0
Abs workout 7 minutes,HEALTH_AND_FITNESS,4.6,37224.0,1000000.0
Angry Birds Friends,GAME,4.2,829753.0,50000000.0
30 Day Ab Challenge FREE,HEALTH_AND_FITNESS,4.3,48253.0,1000000.0
AB Blast Match 3,FAMILY,4.3,111.0,10000.0
AB Click2Shop,SHOPPING,3.8,454.0,100000.0
Math games for kids : times tables - AB Math,FAMILY,3.9,2371.0,500000.0
AB Crush Match 3,FAMILY,4.3,96.0,10000.0
"ABS Workout - Belly workout, 30 days AB",HEALTH_AND_FITNESS,4.8,5103.0,100000.0
AB Match,FAMILY,4.2,9.0,1000.0
Math games for kids : times tables training,FAMILY,4.5,630.0,10000.0
7 minute abs workout - Daily Ab Workout,HEALTH_AND_FITNESS,4.8,527.0,100000.0
AB Anywhere Mobile Banking,FINANCE,4.193338315362443,3.0,500.0
5 Minute Ab Workouts,HEALTH_AND_FITNESS,4.6,2067.0,50000.0
Angry Birds Go!,GAME,4.2,3846378.0,50000000.0
AB Screen Recorder,TOOLS,4.2,533.0,10000.0
Six Pack Abs Photo Editor,PHOTOGRAPHY,4.0,5967.0,1000000.0
Best Blood Type AB: Food Diet & Personality,LIFESTYLE,4.193338315362443,3.0,1000.0
Angry Birds Star Wars,GAME,4.3,1218055.0,100000000.0
30 Day AB Challenge - Lumowell,HEALTH_AND_FITNESS,4.8,793.0,10000.0
Ab Workouts,HEALTH_AND_FITNESS,4.1,27501.0,1000000.0
Ab Workouts - Ab Generator,HEALTH_AND_FITNESS,4.7,21.0,1000.0
Chatime AB Rewards,FAMILY,4.193338315362443,9.0,1000.0
Abs workout - 21 Day Fitness Challenge,HEALTH_AND_FITNESS,4.8,18604.0,1000000.0
Ladies' Ab Workout FREE,HEALTH_AND_FITNESS,4.0,12906.0,1000000.0
30-Day Ab Challenge Tracker,HEALTH_AND_FITNESS,3.5,224.0,10000.0
Universal AC Remote Control,TOOLS,3.8,40934.0,1000000.0
AC Freedom,BUSINESS,3.5,537.0,100000.0
Smart Air Conditioner,TOOLS,3.3,4786.0,500000.0
Assassin's Creed Identity,GAME,3.7,42529.0,500000.0
AC Remote Control,TOOLS,3.3,472.0,100000.0
Air conditioner remote control,TOOLS,3.4,29854.0,1000000.0
Smart-AC Universal Remote Free,FAMILY,1.8,3270.0,500000.0
AC REMOTE UNIVERSAL-PRO,FAMILY,1.6,402.0,100000.0
Kenmore Smart AC,LIFESTYLE,1.9,71.0,5000.0
AC WIFI,TOOLS,3.6,41.0,10000.0
A/C Air Conditioner Remote,TOOLS,3.4,7816.0,1000000.0
Smart Air Conditioner(CAC),TOOLS,3.2,409.0,50000.0
Carrier Air Conditioner,TOOLS,2.5,362.0,100000.0
AC Troubleshooter,TOOLS,4.7,147.0,10000.0
TOSHIBA Smart AC,TOOLS,2.6,60.0,10000.0
Trane Interactive Smart AC,TOOLS,2.8,48.0,10000.0
AC remote control mobile,TOOLS,3.9,3043.0,100000.0
"AC Air condition Troubleshoot,Repair,Maintenance",BOOKS_AND_REFERENCE,4.2,27.0,5000.0
AC Remote for Haier - NOW FREE,TOOLS,3.9,336.0,50000.0
Air Conditioner Maintenance,PRODUCTIVITY,4.0,11.0,5000.0
AC Remote for Daikin - NOW FREE,TOOLS,3.5,383.0,50000.0
A/C Universal Remote Control,TOOLS,3.1,3263.0,1000000.0
AC Remote for LG - NOW FREE,TOOLS,3.7,1041.0,100000.0
Plug-in app (System AC),TOOLS,3.6,126.0,10000.0
LG AC Smart Diagnosis,LIFESTYLE,3.4,377.0,100000.0
AC Remote for Midea - NOW FREE,TOOLS,4.0,448.0,100000.0
Ac remote control,TOOLS,3.7,822.0,50000.0
A/C REFRIGERANT CAPACITY,BUSINESS,1.7,84.0,10000.0
Remote Control For All AC - Universal Remote,PRODUCTIVITY,2.4,166.0,10000.0
All Type Ac Repair & Services,LIFESTYLE,4.3,45.0,10000.0
AC - Tips & News for Android™,NEWS_AND_MAGAZINES,4.2,23291.0,1000000.0
AC Remote Control Simulator,FAMILY,3.3,353.0,100000.0
"Mi Remote controller - for TV, STB, AC and more",TOOLS,4.1,114340.0,10000000.0
AcDisplay,PERSONALIZATION,4.1,66473.0,1000000.0
AC Mobile Control,HOUSE_AND_HOME,3.4,1450.0,100000.0
AC Remote For LG,TOOLS,3.0,1298.0,100000.0
Universal AC Remote Control Simulator,FAMILY,3.0,119.0,50000.0
Hi-Smart AC,TOOLS,2.2,32.0,1000.0
AC Remote for Sharp - NOW FREE,TOOLS,3.7,332.0,50000.0
AC Remote for Samsung - NOW FREE,TOOLS,3.7,566.0,100000.0
Pocket AC,PHOTOGRAPHY,4.8,130.0,1000.0
AC Remote for Carrier - NOW FREE,TOOLS,3.7,163.0,10000.0
"AC & TV, DVD, Set Top Box - Remote control IR",TOOLS,3.6,3632.0,1000000.0
ac remote control,TOOLS,3.7,9514.0,500000.0
Free Adblocker Browser - Adblock & Popup Blocker,COMMUNICATION,4.4,152470.0,10000000.0
Ad Detect Plugin - Handy Tool,PRODUCTIVITY,3.8,5107.0,500000.0
AppBrain Ad Detector,TOOLS,3.7,9221.0,1000000.0
"AD - Nieuws, Sport, Regio & Entertainment",NEWS_AND_MAGAZINES,3.7,10369.0,1000000.0
Flud (Ad free),VIDEO_PLAYERS,4.8,5639.0,10000.0
AdClear Ad blocker for Samsung,TOOLS,4.2,1586.0,500000.0
Adblock Browser for Android,COMMUNICATION,4.1,121113.0,10000000.0
"CM Browser - Ad Blocker , Fast Download , Privacy",COMMUNICATION,4.6,2265084.0,50000000.0
Adguard Content Blocker,TOOLS,4.1,14491.0,1000000.0
tTorrent - ad free,VIDEO_PLAYERS,4.3,2976.0,10000.0
cronometer (ad free),HEALTH_AND_FITNESS,3.9,1075.0,50000.0
Ad Detector,TOOLS,3.8,208.0,50000.0
Adblock Plus for Samsung Internet - Browse safe.,COMMUNICATION,4.0,8769.0,1000000.0
MyRadar NOAA Weather Radar Ad Free,WEATHER,4.5,3005.0,10000.0
Safe Notes - Secure Ad-free notepad,PRODUCTIVITY,4.6,3362.0,50000.0
Adblock Fast,PRODUCTIVITY,4.1,9914.0,1000000.0
FVD Ad-Free,TOOLS,4.4,1774.0,10000.0
2000 AD Comics and Judge Dredd,COMICS,3.7,705.0,50000.0
Anti Adware,TOOLS,3.9,18751.0,1000000.0
Ad Blocker Turbo - Adblocker Browser,COMMUNICATION,3.9,107.0,10000.0
Weather & Radar Pro - Ad-Free,WEATHER,4.5,25243.0,100000.0
ONScripter Plus (Ad Free),GAME,4.5,100.0,1000.0
Vpn Hosts (ad blocker & no root & support ipv6 ),TOOLS,4.4,319.0,10000.0
Google AdSense,PRODUCTIVITY,4.3,52677.0,1000000.0
Ad-free Triangle Solver,FAMILY,4.5,118.0,10000.0
Ez Screen Recorder (no ad),VIDEO_PLAYERS,4.7,8696.0,100000.0
Best Applock - Locker & No Ads,PRODUCTIVITY,4.7,10672.0,100000.0
Local Services ads by Google,BUSINESS,4.1,7.0,1000.0
Ad Block REMOVER - NEED ROOT,TOOLS,3.3,999.0,100000.0
WhatsFake Pro (Ad free),SOCIAL,4.2,204.0,5000.0
Photo Compress 2.0 - Ad Free,TOOLS,4.1,6267.0,1000000.0
Ad Removal: thereisonlywe,PRODUCTIVITY,3.4,16.0,100.0
Brave Browser: Fast AdBlocker,COMMUNICATION,4.3,40241.0,5000000.0
Solitaire: Decked Out Ad Free,GAME,4.9,37302.0,500000.0
"WeatherClear - Ad-free Weather, Minute forecast",WEATHER,4.5,3252.0,50000.0
Ad Remove Plugin for App2SD,PRODUCTIVITY,4.1,66.0,1000.0
"Digital Clock : Simple, Tiny, Ad-free Desk Clock.",LIFESTYLE,4.4,317.0,50000.0
Google Ads,BUSINESS,4.3,29331.0,5000000.0
RAM Cleanup Ad-Free Option,TOOLS,4.4,457.0,10000.0
Emo Ads Blocker Browser,TOOLS,3.4,1555.0,100000.0
Bing Ads,BUSINESS,4.1,1828.0,100000.0
My baby firework (Remove ad),FAMILY,4.1,30.0,1000.0
Apps Ads Detector,TOOLS,3.5,315.0,100000.0
TIMBER AD FILTER - Very useful ad block app,PRODUCTIVITY,3.8,1343.0,100000.0
Alchemy Classic Ad Free,FAMILY,4.6,20178.0,100000.0
Mobi Calculator free & AD free!,TOOLS,4.6,77302.0,5000000.0
Easy Hotspot Ad Free,TOOLS,5.0,2.0,10.0
Flipp - Weekly Shopping,SHOPPING,4.6,85782.0,10000000.0
"AE + Aerie: Jeans, Dresses, Swimsuits & Bralettes",SHOPPING,4.2,20476.0,1000000.0
A&E - Watch Full Episodes of TV Shows,FAMILY,4.0,29708.0,1000000.0
Adobe Premiere Clip,VIDEO_PLAYERS,3.9,39495.0,5000000.0
Shortcuts for After Effects,FAMILY,3.7,464.0,50000.0
AE Sudoku,FAMILY,4.3,2171.0,100000.0
ESS Mobile for AE,PRODUCTIVITY,1.9,63.0,5000.0
AE Jewels 2: Island Adventures,GAME,4.2,652.0,10000.0
AE Bubble:Offline Bubble Games,FAMILY,4.2,6973.0,100000.0
AE Basketball,SPORTS,4.0,8100.0,1000000.0
AE Bingo: Offline Bingo Games,GAME,4.4,61746.0,500000.0
AE Jewels,GAME,4.2,960.0,50000.0
AE Spider Solitaire,GAME,4.5,17263.0,500000.0
AE Coin Mania : Arcade Fun,GAME,4.3,30002.0,1000000.0
AE Roundy POP,FAMILY,4.4,5262.0,100000.0
Mupen64+AE FREE (N64 Emulator),GAME,4.0,41759.0,1000000.0
Mupen64Plus AE (N64 Emulator),GAME,4.2,4569.0,100000.0
AE Lucky Fishing,GAME,4.3,18277.0,1000000.0
AE Video Poker,GAME,4.0,721.0,50000.0
AE Solitaire,GAME,4.3,1776.0,50000.0
AE Archer,SPORTS,3.9,8638.0,500000.0
AE Blackjack,GAME,4.0,1417.0,100000.0
AE Gun Ball: arcade ball games,GAME,3.7,8581.0,1000000.0
AE Order,TOOLS,4.1,19.0,1000.0
TV.AE,FAMILY,3.9,109.0,10000.0
AE 3D MOTOR :Racing Games Free,GAME,4.2,74902.0,5000000.0
AE Garage,AUTO_AND_VEHICLES,4.4,64.0,1000.0
AE Bulletins,BOOKS_AND_REFERENCE,4.5,14.0,1000.0
AE GTO Racing,GAME,3.9,6988.0,100000.0
AE 3D Moto 3,GAME,3.9,2588.0,100000.0
AE FreeCell,GAME,4.2,358.0,10000.0
AE City Jump,GAME,4.5,804.0,10000.0
AE Angry Chef,GAME,4.1,533.0,10000.0
Ae Allah na Dai (Rasa),BOOKS_AND_REFERENCE,4.7,263.0,10000.0
Dashboard AE,AUTO_AND_VEHICLES,4.193338315362443,0.0,10.0
FilmoraGo - Free Video Editor,VIDEO_PLAYERS,4.4,238459.0,10000000.0
Event Manager - AllEvents.in,EVENTS,4.7,120.0,10000.0
Nasihat - Chalo ae Pyaara,FAMILY,4.7,557.0,10000.0
AE Master Moto,GAME,4.0,17876.0,1000000.0
Brica BPRO5 AE,PHOTOGRAPHY,3.9,4726.0,500000.0
AE Manager,TOOLS,4.193338315362443,0.0,100.0
AE Air Hockey,SPORTS,3.8,926.0,50000.0
Connect.ae - Local Search UAE,TRAVEL_AND_LOCAL,3.9,194.0,10000.0
AE Fishing Hunter,GAME,4.4,14.0,1000.0
ActionDirector Video Editor - Edit Videos Fast,VIDEO_PLAYERS,4.5,74531.0,5000000.0
Ivanti AE Agent,BUSINESS,4.193338315362443,1.0,1000.0
AE Checkout Plugin,SHOPPING,3.8,208.0,10000.0
NewTek NDI,PHOTOGRAPHY,3.5,77.0,1000.0
AfterFocus,PHOTOGRAPHY,4.2,165224.0,10000000.0
AF Link,NEWS_AND_MAGAZINES,4.7,210.0,10000.0
AF Hydro,HEALTH_AND_FITNESS,2.0,136.0,10000.0
Gunship III Vietnam People AF,FAMILY,4.3,726.0,5000.0
AF Comics Reader - Free,COMICS,2.8,5.0,100.0
Camera FV-5 Lite,PHOTOGRAPHY,4.0,130063.0,10000000.0
Flim Af Somali Hindi Fanproj,FAMILY,3.9,12.0,1000.0
"Cardiac diagnosis (heart rate, arrhythmia)",MEDICAL,4.2,4559.0,100000.0
DSLR camera - Auto Focus and Blur Professional,PHOTOGRAPHY,3.4,30.0,10000.0
AF-STROKE (FREE),MEDICAL,4.5,93.0,10000.0
Hesab.af - Send money in Afghanistan,FINANCE,4.7,51.0,1000.0
AppFinder by AppTap,TOOLS,2.0,2221.0,5000000.0
iFunny :),FAMILY,4.4,503757.0,10000000.0
Toppen af Danmark,TRAVEL_AND_LOCAL,4.193338315362443,8.0,5000.0
AF-STROKE,MEDICAL,4.193338315362443,5.0,100.0
i-share AF/KLM (AFKL ishare),SOCIAL,4.193338315362443,2.0,100.0
Bazar.af,SHOPPING,4.7,13.0,500.0
DSLR Blur Camera Auto Focus,TOOLS,3.3,75.0,10000.0
Ariana News AF,NEWS_AND_MAGAZINES,4.1,20.0,5000.0
AF Legendary 2017,BUSINESS,4.193338315362443,0.0,50.0
AR effect,PHOTOGRAPHY,4.2,79792.0,100000000.0
ASUS PixelMaster Camera,PHOTOGRAPHY,4.4,626366.0,10000000.0
AzadBazar.af,SHOPPING,4.193338315362443,3.0,100.0
easyFocus,PHOTOGRAPHY,3.7,3396.0,500000.0
AF Nutrition - Integratori,HEALTH_AND_FITNESS,4.193338315362443,6.0,100.0
Open Camera,PHOTOGRAPHY,4.3,116769.0,10000000.0
Blur Image - DSLR focus effect,PHOTOGRAPHY,3.9,38055.0,5000000.0
Tafsiir Quraan MP3 Af Soomaali Quraanka Kariimka,LIFESTYLE,5.0,7.0,1000.0
Camera Pro,PHOTOGRAPHY,4.1,7479.0,1000000.0
Rоhi.af,NEWS_AND_MAGAZINES,4.8,46.0,1000.0
HD Camera - silent shutter,PHOTOGRAPHY,4.0,26530.0,1000000.0
AF Our Time to Shine,BUSINESS,4.193338315362443,0.0,100.0
A Better Camera,PHOTOGRAPHY,4.1,76484.0,5000000.0
Auto Dslr Photo Effect : Auto Focus Effect,PHOTOGRAPHY,3.8,6.0,1000.0
"9GAG: Funny Gifs, Pics, Memes & Videos for IGTV",FAMILY,4.6,1450632.0,10000000.0
AF Johannesburg,FAMILY,4.193338315362443,3.0,100.0
PhotoScan by Google Photos,PHOTOGRAPHY,4.3,61990.0,10000000.0
Gun Strike Shoot,GAME,4.1,94761.0,10000000.0
All Football - Latest News & Videos,SPORTS,4.6,152653.0,10000000.0
50000 Free eBooks & Free AudioBooks,BOOKS_AND_REFERENCE,4.1,52312.0,5000000.0
AppLock,TOOLS,4.4,4931562.0,100000000.0
King of Avalon: Dragon Warfare,FAMILY,4.2,306652.0,10000000.0
What's Up,LIFESTYLE,4.1,23453.0,1000000.0
Afterlight,PHOTOGRAPHY,4.3,50893.0,1000000.0
Blurfoto : Auto blur photo background & DSLR focus,PHOTOGRAPHY,4.3,2215.0,500000.0
Blur,PHOTOGRAPHY,4.0,9013.0,1000000.0
"AG Contacts, Premium edition",COMMUNICATION,4.5,88.0,500.0
Ag PhD Field Guide,BOOKS_AND_REFERENCE,4.1,114.0,10000.0
AG Drive 3D,GAME,3.8,164.0,10000.0
Apps for SportsBєtting.ag - Bitcoin Welcome here!,SPORTS,4.193338315362443,0.0,1000.0
"AG Contacts, Lite edition",COMMUNICATION,4.5,185.0,5000.0
Ag Weather Tools,WEATHER,4.193338315362443,0.0,500.0
Trimble Ag Mobile,PRODUCTIVITY,4.1,85.0,10000.0
Ag Tools,TOOLS,4.193338315362443,2.0,1000.0
Ag PhD Deficiencies,BOOKS_AND_REFERENCE,3.9,20.0,10000.0
AG Screen Recorder,TOOLS,3.7,7.0,1000.0
SOLEM AG,TOOLS,4.193338315362443,1.0,1000.0
AG Subway Simulator Mobile,FAMILY,4.5,623.0,5000.0
AG Subway Simulator Lite,FAMILY,4.4,6738.0,100000.0
Elim AG,LIFESTYLE,4.193338315362443,7.0,100.0
EZ Ag Mobile,FINANCE,3.4,19.0,5000.0
AG Subway Simulator Pro,FAMILY,4.193338315362443,0.0,1000.0
BRL AG,TOOLS,4.193338315362443,0.0,100.0
Oklahoma Ag Co-op Council,COMMUNICATION,4.193338315362443,0.0,10.0
AG Fast Service Automotive,AUTO_AND_VEHICLES,4.193338315362443,5.0,100.0
Ag PhD Soils,PRODUCTIVITY,2.3,3.0,1000.0
All States Ag Parts,SHOPPING,4.7,68.0,10000.0
VR AG Racing for Cardboard,GAME,3.4,13.0,1000.0
Safe Ag Systems™,BUSINESS,4.7,3.0,100.0
Ag PhD Planting Population Calculator,BOOKS_AND_REFERENCE,4.193338315362443,0.0,1000.0
Ag Trucking Mobile App,PRODUCTIVITY,4.193338315362443,0.0,100.0
Lakeside AG Moultrie,LIFESTYLE,5.0,3.0,50.0
Ag Guardian,PRODUCTIVITY,4.193338315362443,1.0,100.0
Wind & Weather Meter for Ag,WEATHER,4.193338315362443,3.0,1000.0
Ag Across America,FAMILY,4.193338315362443,0.0,10.0
Border Ag & Energy,BUSINESS,4.193338315362443,0.0,50.0
Ag-Pro Companies,BUSINESS,4.193338315362443,0.0,50.0
My Ag Report,PRODUCTIVITY,4.193338315362443,1.0,50.0
Alabama Ag Credit Ag Banking,FINANCE,4.193338315362443,0.0,100.0
AG EMS Tour,FAMILY,4.193338315362443,3.0,500.0
Mix Tank – Tank Mixing Ag App,PRODUCTIVITY,3.6,64.0,10000.0
Eternal Light AG,SOCIAL,5.0,30.0,100.0
AG test,TOOLS,4.193338315362443,3.0,100.0
West Central Ag,BUSINESS,4.193338315362443,3.0,100.0
Platincoin Wallet - PLC Group AG,LIBRARIES_AND_DEMO,4.3,375.0,10000.0
Tri-Ag (WV) FCU,FINANCE,4.193338315362443,0.0,100.0
Ag PhD Soybean Diseases,BOOKS_AND_REFERENCE,4.193338315362443,0.0,1000.0
United Ag Cooperative,BUSINESS,4.193338315362443,0.0,5.0
Ag Valley Cooperative,BUSINESS,5.0,6.0,500.0
Michael's AG Sound Board,FAMILY,4.193338315362443,0.0,1.0
Ag-Power,BUSINESS,4.193338315362443,0.0,10.0
Fertilizer Removal By Crop,BOOKS_AND_REFERENCE,4.1,295.0,50000.0
AG Track,TOOLS,4.1,12.0,100.0
Denis Brogniart - AH !,FAMILY,4.5,2931.0,100000.0
Freeland AH,MEDICAL,4.193338315362443,0.0,100.0
MD PAWS AH,MEDICAL,4.193338315362443,0.0,100.0
AH Connect (Adventist Health),HEALTH_AND_FITNESS,3.4,5.0,1000.0
Woodland AH,MEDICAL,4.193338315362443,0.0,50.0
Mukwonago AH,MEDICAL,4.193338315362443,1.0,100.0
Angelcare AH,MEDICAL,4.193338315362443,0.0,50.0
WoW AH Tracker,TOOLS,2.9,33.0,10000.0
AH Kollection for KLWP,PERSONALIZATION,4.6,644.0,50000.0
Chenoweth AH,MEDICAL,5.0,1.0,100.0
Sayers AH,MEDICAL,4.193338315362443,0.0,50.0
Claus Paws AH,MEDICAL,4.193338315362443,1.0,100.0
Denis Brogniart - AH 2 !,FAMILY,4.193338315362443,4.0,100.0
Ah! Cutie,FAMILY,3.9,536.0,10000.0
AH Alarm Panel,TOOLS,3.9,7.0,100.0
Arrowhead AH App,MEDICAL,5.0,3.0,100.0
Ah! Monster,FAMILY,4.1,1998.0,100000.0
Kimbrough AH,MEDICAL,5.0,5.0,100.0
The Ah Yeah! Button,FAMILY,3.0,30.0,5000.0
Bee'ah Employee App,COMMUNICATION,4.0,4.0,100.0
Clarksburg AH,MEDICAL,1.0,1.0,50.0
WAH AH,MEDICAL,4.193338315362443,0.0,100.0
Prestige AH,MEDICAL,4.0,2.0,100.0
San Dimas AH,MEDICAL,4.193338315362443,0.0,100.0
Ah Bailar,FAMILY,4.193338315362443,10.0,100.0
Ebenezer AH,MEDICAL,4.0,4.0,500.0
Boston AH,MEDICAL,4.193338315362443,1.0,50.0
AH-1 Viper Cobra Ops - helicopter flight simulator,GAME,3.8,1088.0,100000.0
Ah !,FAMILY,4.193338315362443,3.0,50.0
Kay AH GA,MEDICAL,4.193338315362443,0.0,1.0
Bayview Hill AH,MEDICAL,4.193338315362443,0.0,50.0
Hilltop AH,MEDICAL,4.193338315362443,0.0,100.0
Ah Ha Block,FAMILY,4.193338315362443,2.0,100.0
AH Lake Villa,MEDICAL,4.193338315362443,3.0,100.0
Ferguson AH,MEDICAL,4.193338315362443,0.0,100.0
be'ah,HEALTH_AND_FITNESS,4.193338315362443,5.0,10.0
Ah! Bird,SPORTS,3.5,1689.0,100000.0
Downers Grove AH,MEDICAL,4.193338315362443,0.0,100.0
AH! Soundboard,FAMILY,4.193338315362443,11.0,100.0
Sherbourne AH,MEDICAL,4.193338315362443,1.0,50.0
Cathy AH,TOOLS,4.193338315362443,0.0,1.0
Monticello AH,MEDICAL,4.193338315362443,0.0,50.0
Brandon Lakes AH,MEDICAL,2.6,5.0,100.0
Forest Crossing AH,MEDICAL,4.193338315362443,0.0,10.0
Ah! Coins,GAME,3.4,256.0,50000.0
Mitchell AH,MEDICAL,4.193338315362443,0.0,50.0
AH of Rocky Hill,MEDICAL,4.193338315362443,0.0,100.0
Replika,FAMILY,4.5,45458.0,1000000.0
Ai illustrator viewer,ART_AND_DESIGN,3.4,486.0,100000.0
Real AI,FAMILY,3.8,949.0,50000.0
The Artificial Intelligence Project (A.I. Chat),FAMILY,3.0,76.0,5000.0
Virtual Assistant DataBot: Artificial Intelligence,FAMILY,4.4,80927.0,1000000.0
ALPHA - Artificial Intelligence,FAMILY,4.0,51.0,1000.0
Artificial Intelligence,FAMILY,3.9,339.0,50000.0
Orbita AI — Exciting mobile puzzles & riddles,FAMILY,4.6,116973.0,1000000.0
SMS AI Bot,TOOLS,3.8,89.0,10000.0
ChatBot AI Talking Girl,FAMILY,3.8,3597.0,100000.0
Ai File Viewer,TOOLS,4.0,66.0,10000.0
Youper - AI Therapy,MEDICAL,4.6,1976.0,50000.0
ParaTek Ai Speech generator,TOOLS,3.6,448.0,50000.0
Extreme- Personal Voice Assistant,PRODUCTIVITY,4.4,25627.0,1000000.0
AI Face Beauty Analysis - IntelliFace (Free),BEAUTY,3.1,40.0,10000.0
Robin - AI Voice Assistant,MAPS_AND_NAVIGATION,4.2,55313.0,1000000.0
Learn Artificial Intelligence,FAMILY,4.6,27.0,10000.0
AI Benchmark,TOOLS,4.0,97.0,5000.0
AI Today : Artificial Intelligence News & AI 101,NEWS_AND_MAGAZINES,5.0,43.0,100.0
Tomo A.i. Pet Chat Bot,FAMILY,3.3,40.0,1000.0
Puck AI Personal Assistant Robot,PRODUCTIVITY,4.1,22.0,1000.0
Builder (by Engineer.ai),PRODUCTIVITY,3.6,8.0,100.0
Chat With Artificial Intelligence,FAMILY,3.2,32.0,1000.0
Friday: Smart Personal Assistant,PRODUCTIVITY,4.4,2087.0,100000.0
Picai - Smart AI Camera,PHOTOGRAPHY,4.0,529.0,100000.0
Virtual Eye AI,TOOLS,4.4,26.0,500.0
Lyra Virtual Assistant,PRODUCTIVITY,4.5,41624.0,1000000.0
2048(AI),FAMILY,4.3,20.0,1000.0
ai robot keyboard,PERSONALIZATION,4.7,1891.0,100000.0
AI with Python Tutorial,FAMILY,4.4,8.0,5000.0
ai.Bot Box,PRODUCTIVITY,4.193338315362443,0.0,10000.0
Adobe Illustrator Draw,PHOTOGRAPHY,4.4,65766.0,5000000.0
FaceApp,PHOTOGRAPHY,4.4,346681.0,10000000.0
Message AI - Write Better Messages (Free),SOCIAL,3.7,3.0,100.0
ChatBolo - AI Chatbot Online,FAMILY,3.3,1407.0,100000.0
Artificial intelligence,FAMILY,4.193338315362443,3.0,100.0
MiAI (Artificial Intelligence) Assistant,PRODUCTIVITY,3.7,3.0,100.0
AI Draw | Art Filter for Selfie,PHOTOGRAPHY,3.0,20.0,1000.0
Turbo AI™ - Personal assistant,PRODUCTIVITY,2.6,91.0,5000.0
Message AI - Write Better Messages,TOOLS,4.193338315362443,0.0,100.0
AI Image Recognizer (beta),PHOTOGRAPHY,4.193338315362443,0.0,500.0
AI Sight,PRODUCTIVITY,3.5,43.0,1000.0
Jarvis artificial intelligent,FAMILY,3.9,253.0,10000.0
Age of AI: War Strategy,FAMILY,4.6,71.0,500.0
DREAM-e: Dream Analysis A.I.,LIFESTYLE,3.8,89.0,10000.0
Animal Jam - Play Wild!,FAMILY,4.6,361734.0,5000000.0
AJ Jump: Animal Jam Kangaroos!,GAME,4.4,2975.0,50000.0
AJ Academy: Amazing Animals,FAMILY,4.5,1564.0,50000.0
Dash Tag - Fun Endless Runner!,FAMILY,4.5,6750.0,100000.0
Jamaa Amino for Animal Jam,SOCIAL,4.7,3873.0,10000.0
Tunnel Town,FAMILY,4.4,74744.0,1000000.0
AJ+ Beta,NEWS_AND_MAGAZINES,4.193338315362443,0.0,1000.0
AJ Cam,PHOTOGRAPHY,5.0,44.0,100.0
AJ Reminders,MAPS_AND_NAVIGATION,4.193338315362443,0.0,10.0
tournaments and more.aj.2,COMMUNICATION,4.193338315362443,0.0,100.0
Club Penguin Island,FAMILY,2.8,107441.0,1000000.0
Aj. Vallbona,NEWS_AND_MAGAZINES,4.193338315362443,0.0,10.0
AJ Official,FAMILY,4.6,31.0,500.0
AJ Bell Youinvest,FINANCE,2.8,135.0,10000.0
Hey AJ! It's Saturday!,BOOKS_AND_REFERENCE,5.0,12.0,100.0
Selfie With Champion AJ Style,PHOTOGRAPHY,5.0,2.0,500.0
Baby Game Animal Jam Free,GAME,2.8,9.0,500.0
AJ Concept Group App,HOUSE_AND_HOME,4.193338315362443,0.0,10.0
Blackjack aj Poker,GAME,3.8,8.0,1000.0
Bonza Poly Art - Tenkyu Animal Jam for Kids,FAMILY,4.1,22.0,1000.0
A.J. Styles HD Wallpapers 2018,PHOTOGRAPHY,4.193338315362443,1.0,100.0
AJ Player,VIDEO_PLAYERS,4.8,18.0,100.0
AJ RETAILS,SHOPPING,5.0,9.0,10.0
Hey AJ! It's Bedtime!,FAMILY,5.0,1.0,10.0
AJ AUTO,AUTO_AND_VEHICLES,4.193338315362443,0.0,10.0
AJ Percent Off Calculator,SHOPPING,4.4,134.0,10000.0
AJ Nails Supply,SHOPPING,4.193338315362443,1.0,100.0
Aj.Petra,COMMUNICATION,4.193338315362443,5.0,100.0
AJ Men's Grooming,LIFESTYLE,5.0,2.0,100.0
Watch Face Swiss AJ-6,PERSONALIZATION,4.1,21.0,100.0
AJ Rafael Music Lyrics,FAMILY,4.193338315362443,0.0,50.0
AJ Styles HD Wallpapers,ART_AND_DESIGN,4.8,48.0,5000.0
AJ and Alyssa,LIFESTYLE,4.193338315362443,0.0,100.0
A.J. Green Wallpapers 4 Fans,LIFESTYLE,4.193338315362443,0.0,5.0
AJ Gray Icon Pack,PERSONALIZATION,4.8,5.0,50.0
AJ Styles Wallpaper 2018 - AJ Styles HD Wallpaper,ART_AND_DESIGN,4.0,18.0,1000.0
A-J Media Vault,BOOKS_AND_REFERENCE,4.193338315362443,1.0,50.0
AJ Gray Dark Icon Pack,PERSONALIZATION,5.0,2.0,10.0
Little Pets Animal Guardians,FAMILY,4.6,18893.0,100000.0
AJ-COMICS,FOOD_AND_DRINK,4.193338315362443,0.0,5.0
AJ Blue Icon Pack,PERSONALIZATION,5.0,4.0,50.0
AJ Tracey Music and Lyrics,FAMILY,4.193338315362443,0.0,5.0
AJ Turquoise Dark Icon Pack,PERSONALIZATION,4.193338315362443,0.0,10.0
AJ렌터카 법인 카셰어링,MAPS_AND_NAVIGATION,4.193338315362443,0.0,10.0
My Wild Pet: Online Animal Sim,FAMILY,4.5,26916.0,500000.0
AJ Rafael Music Lessons,FAMILY,5.0,1.0,10.0
AJ Orange Icon Pack,PERSONALIZATION,4.193338315362443,0.0,10.0
AJ Wallpapers,PERSONALIZATION,4.193338315362443,0.0,100.0
Aj Di Awaaz,NEWS_AND_MAGAZINES,4.193338315362443,9.0,500.0
How it works: AK-74N,FAMILY,4.4,1031.0,100000.0
AK-47: Simulator and Shooting,FAMILY,4.0,345.0,100000.0
AK-47 Simulation and Info,FAMILY,4.193338315362443,2.0,100.0
AK-47 Sounds,FAMILY,3.9,656.0,500000.0
AK 47 Live Wallpaper,PERSONALIZATION,4.1,585.0,50000.0
Puppy Shooting an AK-47: Platformer Zombie Game,GAME,4.8,21.0,1000.0
AK Interactive,FAMILY,4.3,734.0,10000.0
AK-47 sounds,FAMILY,3.9,7.0,1000.0
Wallpapers AK 47 Guns,PERSONALIZATION,4.5,37.0,5000.0
AK 47 Assault Rifle Wallpapers,PERSONALIZATION,4.193338315362443,1.0,100.0
AK-47 Assault Rifle,FAMILY,3.7,165.0,10000.0
Crisis Action: 2018 NO.1 FPS,GAME,4.3,807226.0,10000000.0
AK 47 Guns Wallpaper,PERSONALIZATION,4.2,322.0,50000.0
AK-47 3D,GAME,3.7,91.0,10000.0
Book of AK-47,LIFESTYLE,3.8,6.0,500.0
Weapon stripping 3D,FAMILY,4.6,23971.0,1000000.0
AK-47 Assult Rifle: Gun Shooting Simulator Game,GAME,4.193338315362443,1.0,500.0
Ak-47 Wallpapers 2018,PERSONALIZATION,4.193338315362443,7.0,500.0
Wallpapers New AK 47 Assault Rifle Guns Arms,PERSONALIZATION,4.193338315362443,0.0,100.0
Weapon AK-74 Live Wallpaper,PERSONALIZATION,3.3,25.0,1000.0
Shoot M-16 vs AK-47 : realistic weapon simulator,FAMILY,3.0,2.0,100.0
Counter Terrorist Attack,GAME,3.9,145931.0,10000000.0
RULES OF SURVIVAL,GAME,4.2,1343106.0,10000000.0
AK47 Assault Rifle,TOOLS,3.9,54.0,10000.0
Wallpapers AK 74M,PERSONALIZATION,4.193338315362443,0.0,10.0
Weapons simulator AK-47,FAMILY,4.1,21.0,5000.0
Wallpapers AK 12,PERSONALIZATION,4.193338315362443,0.0,10.0
AK 47 Lock Screen,PERSONALIZATION,4.6,5.0,500.0
Gun AK 47,FAMILY,4.193338315362443,3.0,1000.0
AK Blackjack,GAME,4.193338315362443,4.0,1000.0
Jigsaw Puzzles AK 74M,PERSONALIZATION,4.193338315362443,0.0,10.0
AK-47 guns Sounds,FAMILY,4.193338315362443,2.0,100.0
AK Phone,COMMUNICATION,4.4,9.0,5000.0
AK Booster,TOOLS,3.8,71.0,10000.0
GUN ZOMBIE,GAME,4.4,243121.0,5000000.0
Ak Parti Yardım Toplama,SOCIAL,4.193338315362443,0.0,0.0
AK Lodi Films,VIDEO_PLAYERS,4.9,23.0,100.0
Gun Mod: Guns in Minecraft PE,FAMILY,3.6,33812.0,5000000.0
Kymco AK 550,AUTO_AND_VEHICLES,4.3,47.0,1000.0
AK Math Coach,FAMILY,3.6,283.0,50000.0
Shoot Strike War Fire,GAME,4.1,82827.0,10000000.0
AL.com,NEWS_AND_MAGAZINES,3.4,803.0,50000.0
University of Alabama,FAMILY,4.5,302.0,50000.0
Alabama Gameday Live,SPORTS,4.7,19.0,1000.0
AL.com: Alabama Football News,SPORTS,4.5,459.0,10000.0
Alabama Road Trips,TRAVEL_AND_LOCAL,4.4,71.0,10000.0
Alabama DMV Permit Test - AL,FAMILY,4.3,218.0,10000.0
Al-Quran (Free),BOOKS_AND_REFERENCE,4.6,218451.0,10000000.0
Official AL Fishing & Hunting,TRAVEL_AND_LOCAL,4.2,1291.0,50000.0
Al Quran (Tafsir & by Word),BOOKS_AND_REFERENCE,4.8,57400.0,500000.0
Al-Moazin Lite (Prayer Times),LIFESTYLE,4.6,284670.0,10000000.0
Al Quran Indonesia,BOOKS_AND_REFERENCE,4.8,445756.0,10000000.0
Al'Quran Bahasa Indonesia,BOOKS_AND_REFERENCE,4.6,361780.0,10000000.0
Al Quran Al karim,BOOKS_AND_REFERENCE,4.6,41608.0,1000000.0
Al jazeera TV,FAMILY,4.6,9952.0,100000.0
Al Jazeera English,NEWS_AND_MAGAZINES,4.1,24456.0,1000000.0
Al-Muhaffiz,BOOKS_AND_REFERENCE,4.7,2319.0,50000.0
Al Quran Audio (Full 30 Juz),FAMILY,4.7,7878.0,1000000.0
Quran for All (Al-Huda Int.),FAMILY,4.8,6696.0,100000.0
AL Voice Recorder,PRODUCTIVITY,3.6,4832.0,1000000.0
Ayat - Al Quran,FAMILY,4.7,173394.0,5000000.0
Quran Juz-30 - Mahad al Zahra,FAMILY,4.6,2654.0,100000.0
Al Quran : EAlim - Translations & MP3 Offline,BOOKS_AND_REFERENCE,4.5,96419.0,5000000.0
Al Mayadeen,NEWS_AND_MAGAZINES,4.7,13620.0,500000.0
Al-Quran Al-Muallim,FAMILY,4.5,199.0,10000.0
We're Working Out - Al Kavadlo,HEALTH_AND_FITNESS,4.3,979.0,50000.0
Al-Quran 30 Juz free copies,BOOKS_AND_REFERENCE,4.5,12322.0,500000.0
Koran Read &MP3 30 Juz Offline,BOOKS_AND_REFERENCE,4.8,29551.0,1000000.0
Al Quran MP3 - Quran Reading®,FAMILY,4.7,47463.0,1000000.0
Al'Quran Bahasa Indonesia PRO,BOOKS_AND_REFERENCE,4.7,1340.0,10000.0
Hafizi Quran 15 lines per page,BOOKS_AND_REFERENCE,4.7,55011.0,1000000.0
Al-Quran Ahmad Saud Offline,FAMILY,4.7,7116.0,100000.0
12 Step Meditations & Sober Prayers AA NA AL-ANON,LIFESTYLE,4.7,759.0,50000.0
Quran for Android,BOOKS_AND_REFERENCE,4.7,497826.0,10000000.0
Al Quran Free - القرآن (Islam),BOOKS_AND_REFERENCE,4.7,1777.0,50000.0
Taha Al Junaid Quran Mp3,LIFESTYLE,4.6,518.0,50000.0
Surah Al-Waqiah,BOOKS_AND_REFERENCE,4.7,1201.0,100000.0
"Muslim Pro - Prayer Times, Azan, Quran & Qibla",LIFESTYLE,4.7,1133393.0,10000000.0
Hisnul Al Muslim - Hisn Invocations & Adhkaar,BOOKS_AND_REFERENCE,4.6,3234.0,100000.0
I am rich,LIFESTYLE,3.8,3547.0,100000.0
I AM RICH,FAMILY,3.9,1455.0,10000.0
Amazon for Tablets,SHOPPING,4.0,141584.0,10000000.0
I am Rich Plus,FAMILY,4.0,856.0,10000.0
I am rich VIP,LIFESTYLE,3.8,411.0,10000.0
I Am Rich Premium,FINANCE,4.1,1867.0,50000.0
I am extremely Rich,LIFESTYLE,2.9,41.0,1000.0
I am Rich!,FINANCE,3.8,93.0,1000.0
I am rich(premium),FINANCE,3.5,472.0,5000.0
I am Rich Person,LIFESTYLE,4.2,134.0,1000.0
I am Rich Premium Plus,FINANCE,4.6,459.0,10000.0
I Am Rich Pro,FAMILY,4.4,201.0,5000.0
I Am Innocent,GAME,4.4,208501.0,1000000.0
I am rich (Most expensive app),FINANCE,4.1,129.0,1000.0
i am rich,BUSINESS,3.9,213.0,1000.0
I Am Rich,FAMILY,3.6,217.0,10000.0
I am Bread,GAME,4.0,630.0,10000.0
Where Am I At?,TRAVEL_AND_LOCAL,3.8,39.0,10000.0
I am Rich,FINANCE,4.3,180.0,5000.0
Where Am I? GPS Loc,TRAVEL_AND_LOCAL,4.6,68.0,10000.0
I am Millionaire - Richest guy in the town,LIFESTYLE,3.6,126.0,5000.0
Coast To Coast AM Insider,NEWS_AND_MAGAZINES,3.9,4581.0,100000.0
I AM RICH PRO PLUS,FINANCE,4.0,36.0,1000.0
Where Am I?,TOOLS,4.2,1313.0,100000.0
I Am Wizard,FAMILY,4.2,1493.0,100000.0
What Am I? - Brain Teasers,GAME,4.2,4537.0,100000.0
Who am I? (Biblical),GAME,4.5,5849.0,500000.0
DWWW 774 Ultimate AM Radio,NEWS_AND_MAGAZINES,4.7,327.0,10000.0
Anno: Build an Empire,FAMILY,3.5,33944.0,1000000.0
Vikings: an Archer's Journey,GAME,4.5,10256.0,1000000.0
Final Fantasy XV: A New Empire,FAMILY,4.0,484858.0,10000000.0
Trell: An app for Explorers | Best Wanderlust App,LIFESTYLE,4.6,8004.0,100000.0
Virtual Families 2,FAMILY,4.2,636228.0,10000000.0
The Sims™ FreePlay,FAMILY,4.3,931503.0,10000000.0
My Emma :),FAMILY,4.1,245839.0,10000000.0
League of Gamers - Be an E-Sports Legend!,SPORTS,4.5,68072.0,5000000.0
Draw a Stickman: EPIC Free,GAME,4.2,210317.0,10000000.0
My Horse,FAMILY,4.5,1333338.0,10000000.0
My Boo - Your Virtual Pet Game,FAMILY,4.4,899748.0,10000000.0
Create apps fast with beautiful design and no code,BUSINESS,3.7,23729.0,1000000.0
THE KING OF FIGHTERS-A 2012(F),GAME,4.4,406511.0,5000000.0
Text free - Free Text + Call,SOCIAL,4.3,315390.0,10000000.0
Diary with lock password,LIFESTYLE,4.3,179139.0,5000000.0
Fast like a Fox,GAME,4.3,104389.0,5000000.0
Google Photos,PHOTOGRAPHY,4.5,10847682.0,1000000000.0
Scoompa Video - Slideshow Maker and Video Editor,PHOTOGRAPHY,4.5,559931.0,10000000.0
Girls Craft: Exploration,FAMILY,3.8,130689.0,5000000.0
The PCH App,LIFESTYLE,4.5,234971.0,1000000.0
Legend - Animate Text in Video,SOCIAL,4.5,228737.0,10000000.0
"Resume Builder Free, 5 Minute CV Maker & Templates",BUSINESS,4.4,72202.0,1000000.0
AO Surgery Reference,MEDICAL,4.7,2570.0,100000.0
ao,FAMILY,3.5,14145.0,1000000.0
AO/OTA Fracture Classification,MEDICAL,4.9,25.0,5000.0
AO Player,EVENTS,4.0,9.0,1000.0
Ao Oni2,GAME,4.1,21223.0,1000000.0
A. O. Smith,TOOLS,4.2,32.0,10000.0
AO-EVENT,BUSINESS,4.193338315362443,0.0,100.0
Arena of Valor: 5v5 Arena Game,GAME,4.4,438911.0,10000000.0
PlacarTv Futebol Ao Vivo,COMMUNICATION,4.1,2063.0,100000.0
Virtual lover,FAMILY,4.6,45771.0,1000000.0
The Hunt for the Lost Treasure,FAMILY,4.6,7148.0,100000.0
Attack the Light,FAMILY,4.7,19209.0,100000.0
Princess Closet : Otome games free dating sim,FAMILY,4.5,29495.0,1000000.0
Gravidez ao Vivo,MEDICAL,4.193338315362443,61.0,1000.0
365Scores - Live Scores,SPORTS,4.6,666246.0,10000000.0
PES 2018 PRO EVOLUTION SOCCER,SPORTS,4.4,1721943.0,10000000.0
Mobile Legends: Bang Bang,GAME,4.4,8219586.0,100000000.0
Heroes of Order & Chaos,FAMILY,4.2,690148.0,10000000.0
Kill Shot Bravo: Sniper FPS,GAME,4.4,579519.0,10000000.0
Tennis Champion 3D - Online Sports Game,SPORTS,4.0,170973.0,5000000.0
Carnivores: Dinosaur Hunter,GAME,4.2,62636.0,1000000.0
High School Simulator 2017,FAMILY,4.2,123136.0,5000000.0
Hopeless Land: Fight for Survival,GAME,4.2,250197.0,5000000.0
SofaScore Live Score,SPORTS,4.8,221722.0,10000000.0
Virtual Cigarette Smoking (prank),FAMILY,3.7,29838.0,5000000.0
Scanning body and undressing people,FAMILY,3.4,1012.0,100000.0
Ultimate Tennis,SPORTS,4.3,183004.0,10000000.0
Legion of Heroes,FAMILY,4.3,143087.0,1000000.0
Soccer Star 2018 Top Leagues · MLS Soccer Games,SPORTS,4.6,652940.0,10000000.0
Heroes Arena,GAME,4.2,336386.0,10000000.0
virtual lover 3D,FAMILY,4.6,5195.0,100000.0
Range Master: Sniper Academy,SPORTS,4.1,91935.0,10000000.0
DINO HUNTER: DEADLY SHORES,GAME,4.4,1381624.0,10000000.0
FC Barcelona Official App,SPORTS,4.6,92522.0,5000000.0
Can Your Pet? : Returns - Teen,FAMILY,4.3,45370.0,1000000.0
GUYZ - Gay Chat & Gay Dating,SOCIAL,4.4,41269.0,1000000.0
Bubbu – My Virtual Pet,FAMILY,4.7,394842.0,10000000.0
3D Tennis,SPORTS,4.2,1008012.0,50000000.0
Start the Hunt for the Lost Treasure,FAMILY,3.8,302.0,10000.0
Treasure Hunt Hidden Objects Adventure Game,FAMILY,4.3,1231.0,100000.0
Scanning under clothes (prank),FAMILY,3.7,1443.0,100000.0
WGT Golf Game by Topgolf,SPORTS,4.3,148083.0,10000000.0
3D Holograms Joke,FAMILY,2.9,31596.0,5000000.0
Weaphones™ Gun Sim Free Vol 1,FAMILY,4.3,598975.0,10000000.0
Hidden Objects Treasure Hunt Adventure Games,FAMILY,4.3,275.0,10000.0
Live Camera Viewer ★ World Webcam & IP Cam Streams,TRAVEL_AND_LOCAL,4.0,64164.0,10000000.0
Body scanner (prank),FAMILY,3.3,16063.0,1000000.0
AP Mobile - Breaking News,NEWS_AND_MAGAZINES,4.5,76616.0,1000000.0
AP ENPS Mobile,PRODUCTIVITY,4.1,22.0,5000.0
AP® Guide,FAMILY,5.0,3.0,1000.0
WiFi Access Point (hotspot),COMMUNICATION,3.9,684.0,100000.0
AP Mobile,FAMILY,4.6,117.0,10000.0
AP Manager,TOOLS,4.0,177.0,10000.0
AP App for Android™,NEWS_AND_MAGAZINES,3.6,188.0,10000.0
Access Point Finder,LIFESTYLE,4.0,22.0,10000.0
AP English Language: Practice Tests and Flashcards,FAMILY,4.5,19.0,5000.0
AP Mobile 104,BUSINESS,4.193338315362443,0.0,100.0
AP Planner,FAMILY,2.9,45.0,5000.0
Access Point Browser,TOOLS,4.2,25.0,1000.0
AP Installer,TOOLS,4.5,23.0,5000.0
Access Point Proximity,TOOLS,4.193338315362443,5.0,1000.0
Study AP World History,FAMILY,4.6,513.0,10000.0
UniFi,TOOLS,4.7,11018.0,500000.0
Ap Video Downloader for fb New 2018,TOOLS,4.2,676.0,100000.0
AP Government Review,FAMILY,4.7,3.0,1000.0
"ap,wifi testing,iperf,ping,android,Bluetooth,tcp",TOOLS,4.7,3.0,10.0
HotSpot Tethering Free/WiFi AP,TOOLS,3.9,478.0,100000.0
AP Chemistry Prep: Practice Tests and Flashcards,FAMILY,4.7,55.0,10000.0
AP Flashcards,FAMILY,3.7,88.0,10000.0
AP World History: Practice Tests and Flashcards,FAMILY,4.8,21.0,5000.0
Access Point Names,COMMUNICATION,4.0,138.0,10000.0
"AP Biology Prep: Practice Tests, Flashcards",FAMILY,4.6,87.0,10000.0
AP Biology Study Guide + Quiz,FAMILY,4.4,105.0,10000.0
Reuters News,NEWS_AND_MAGAZINES,4.3,13166.0,1000000.0
500 AP World History Questions,FAMILY,4.7,7.0,100.0
AP Themes for Kustom/KLWP,PERSONALIZATION,3.6,5.0,500.0
AP Physics 1 Prep: Practice Tests and Flashcards,FAMILY,4.4,29.0,5000.0
Fate GO Ap Counter,TOOLS,4.6,70.0,1000.0
iScore5 AP Psych,FAMILY,2.9,10.0,100.0
Glanceable Ap Watch Face,PERSONALIZATION,4.193338315362443,0.0,5.0
AP Psychology Prep: Practice Tests and Flashcards,FAMILY,4.5,242.0,50000.0
meStudying: AP English Lit,FAMILY,5.0,1.0,10.0
APN Settings,TOOLS,3.7,3743.0,1000000.0
AEE AP,PHOTOGRAPHY,4.193338315362443,4.0,1000.0
AP Math & Computer Science,FAMILY,3.7,37.0,5000.0
AP Series Solution Pro,FAMILY,4.193338315362443,0.0,0.0
AP Statistics Prep: Practice Tests and Flashcards,FAMILY,4.2,19.0,5000.0
eChallan Andhra Pradesh (AP),SOCIAL,3.0,5.0,1000.0
AP Art History Flashcards,FAMILY,5.0,1.0,10.0
True Skate,SPORTS,4.4,129409.0,1000000.0
AP European History: Practice Tests and Flashcards,FAMILY,4.7,7.0,1000.0
AdventureQuest 3D MMO,FAMILY,4.3,22667.0,1000000.0
AdventureQuest Dragons,FAMILY,3.9,10114.0,100000.0
AQ: First Contact,FAMILY,4.193338315362443,0.0,50000.0
Battle Gems (AdventureQuest),FAMILY,4.4,48427.0,500000.0
Undead Assault,GAME,4.3,4704.0,100000.0
AQ Service,BUSINESS,4.193338315362443,4.0,10.0
AQ wisdom +,TOOLS,4.193338315362443,0.0,100.0
AQ SMS Notify,TOOLS,4.193338315362443,0.0,10.0
AQ Math Facts,FAMILY,4.193338315362443,1.0,1.0
Adventure Quest World Mobile Quiz,FAMILY,4.6,28.0,500.0
Aqw&3d Design Notes Manager,FAMILY,4.5,11.0,500.0
AQ Aspergers Test,MEDICAL,3.9,265.0,10000.0
Guess the Class 🔥 AQW,GAME,4.7,57.0,1000.0
Puffin Web Browser,COMMUNICATION,4.3,541661.0,10000000.0
AQ Ria Retail,FAMILY,5.0,4.0,50.0
Accounting Quiz (AQ) Malaysia,FAMILY,5.0,25.0,1000.0
AQ Guards,PRODUCTIVITY,4.193338315362443,0.0,10.0
Wowkwis aq Ka'qaquj,FAMILY,5.0,1.0,10.0
AQ Coach,SPORTS,4.193338315362443,0.0,5.0
AQ Dentals,HEALTH_AND_FITNESS,4.193338315362443,0.0,10.0
AccuWeather: Daily Forecast & Live Weather Reports,WEATHER,4.4,2052407.0,50000000.0
中国語 AQリスニング,FAMILY,4.193338315362443,21.0,5000.0
ClanHQ,COMMUNICATION,2.7,560.0,10000.0
QuickShortcutMaker,PERSONALIZATION,4.6,41000.0,1000000.0
Moovit: Bus Time & Train Time Live Info,MAPS_AND_NAVIGATION,4.4,616742.0,10000000.0
Iron Blade,GAME,4.4,161637.0,10000000.0
QR Droid,PRODUCTIVITY,4.1,349151.0,50000000.0
QR BARCODE SCANNER,TOOLS,3.8,169369.0,10000000.0
Dungeon Boss – Strategy RPG,FAMILY,4.4,218881.0,5000000.0
Questland: Turn Based RPG,FAMILY,4.6,31134.0,1000000.0
Order & Chaos 2: 3D MMO RPG,FAMILY,4.1,242722.0,10000000.0
Dungeon Quest,FAMILY,4.5,244039.0,5000000.0
Dungeon Hunter 5 – Action RPG,FAMILY,4.2,720685.0,10000000.0
"Grow Stone Online : 2d pixel RPG, MMORPG game",FAMILY,4.7,84389.0,1000000.0
Evil Apples: A Dirty Card Game,GAME,4.3,137696.0,5000000.0
Megatramp - a Story of Success!,FAMILY,4.3,322976.0,5000000.0
Knightfall™ AR,FAMILY,4.2,254.0,10000.0
Ghost Snap AR Horror Survival,GAME,3.8,898.0,100000.0
The Walking Dead: Our World,GAME,4.0,22435.0,1000000.0
Jurassic World™ Alive,FAMILY,4.3,308944.0,5000000.0
Snaappy – 3D fun AR core communication platform,SOCIAL,4.6,16801.0,1000000.0
Sketchfab,FAMILY,4.3,906.0,50000.0
Ingress,GAME,4.3,391325.0,10000000.0
My Tamagotchi Forever,FAMILY,4.3,28735.0,1000000.0
"Egg, Inc.",FAMILY,4.7,580160.0,5000000.0
Flat Pack,GAME,4.4,862.0,100000.0
Crayola Color Blaster,GAME,3.8,17.0,1000.0
Guns of Boom - Online Shooter,GAME,4.6,1226514.0,10000000.0
Guns Royale - Multiplayer Blocky Battle Royale,GAME,4.6,19070.0,100000.0
Build.com - Shop Home Improvement & Expert Advice,HOUSE_AND_HOME,4.5,118.0,50000.0
Wayfair - Shop All Things Home,SHOPPING,4.5,20247.0,5000000.0
NYTimes - Latest News,NEWS_AND_MAGAZINES,3.9,63640.0,10000000.0
"Overstock – Home Decor, Furniture Shopping",SHOPPING,4.4,25717.0,1000000.0
Stack It AR,GAME,3.8,1363.0,100000.0
"ARuler - AR Ruler app, Measure tools",TOOLS,4.3,1602.0,100000.0
SNOW - AR Camera,PHOTOGRAPHY,4.3,1017237.0,50000000.0
Monster Park AR - Jurassic Dinosaurs in Real World,FAMILY,3.7,128.0,10000.0
AR Remote Car,FAMILY,3.2,1354.0,100000.0
Solar System AR ( ARCore ),FAMILY,4.0,211.0,10000.0
Super AR,FAMILY,3.8,410.0,10000.0
Spacecraft AR,FAMILY,4.4,83.0,10000.0
Assemblr - Create 3D Models (Sandbox AR),FAMILY,3.8,1745.0,1000000.0
MCRAFT AR - EDITOR,FAMILY,3.4,131.0,5000.0
Jenga® AR,FAMILY,2.9,53.0,10000.0
Nightenfell: Shared AR,GAME,4.5,20.0,1000.0
Portal AR - Step Into Scotland,TRAVEL_AND_LOCAL,3.7,25.0,5000.0
Arcraft - AR Sandbox,GAME,3.8,469.0,10000.0
Augment - 3D Augmented Reality,BUSINESS,4.1,25195.0,1000000.0
Satellite AR,BOOKS_AND_REFERENCE,4.1,9636.0,1000000.0
Figment AR,FAMILY,3.7,22.0,5000.0
AR Tank Battle,GAME,3.6,153.0,10000.0
AR Dragon Pet,FAMILY,4.193338315362443,0.0,50000.0
Paint Space AR,FAMILY,3.0,17.0,1000.0
"Just a Line - Draw Anywhere, with AR",FAMILY,4.1,1152.0,100000.0
AR Toybox - Augmented Reality Demos,FAMILY,3.8,20.0,1000.0
"Mind Map AR, Augmented Reality ARCore Mind Mapping",PRODUCTIVITY,4.2,29.0,5000.0
【Miku AR Camera】Mikuture,FAMILY,4.4,36268.0,1000000.0
AR Toys: Playground Sandbox | Remote Car,FAMILY,4.5,153.0,10000.0
Summer Camp Island AR,FAMILY,3.6,740.0,50000.0
AR Sport Cars,FAMILY,3.6,284.0,10000.0
AS - News and sports results.,SPORTS,3.7,20879.0,1000000.0
MARCA - Diario Líder Deportivo,SPORTS,3.9,76340.0,5000000.0
"AS - Diario online deportivo. Fútbol, motor y más",NEWS_AND_MAGAZINES,4.193338315362443,0.0,50.0
SleepCloud Backup for Sleep as Android,LIFESTYLE,4.2,2563.0,100000.0
AS Guía de las Ligas 2017-2018,SPORTS,4.1,4374.0,100000.0
Sleep as Android Unlock,LIFESTYLE,4.5,23966.0,1000000.0
Sleep as Android Gear Addon,HEALTH_AND_FITNESS,2.8,961.0,100000.0
Sleep as Android Garmin Addon,HEALTH_AND_FITNESS,2.6,114.0,10000.0
"Sleep as Android: Sleep cycle tracker, smart alarm",LIFESTYLE,4.3,246201.0,10000000.0
Sonic the Hedgehog™ Classic,GAME,4.4,125652.0,10000000.0
The Aether: Life as a God,FAMILY,4.1,1407.0,100000.0
CAPTCHA Pack for Sleep as Android,LIFESTYLE,4.0,448.0,50000.0
Pacific Navy Fighter C.E. (AS),GAME,4.3,11379.0,500000.0
Lullaby Add-on for Sleep as Android,HEALTH_AND_FITNESS,3.9,2057.0,50000.0
Sleep as Microsoft Band Add-On,LIFESTYLE,3.5,28.0,1000.0
Ear Agent: Super Hearing,COMMUNICATION,3.7,42329.0,5000000.0
Ninja Turtles: Legends,FAMILY,4.3,344283.0,10000000.0
Timely Alarm Clock,LIFESTYLE,4.3,258717.0,10000000.0
PDF Viewer & Book Reader,PRODUCTIVITY,4.1,40437.0,5000000.0
My OldBoy! Free - GBC Emulator,GAME,4.2,51787.0,5000000.0
My Boy! Free - GBA Emulator,GAME,4.3,531074.0,10000000.0
Google Voice,COMMUNICATION,4.2,171052.0,10000000.0
Choices: Stories You Play,FAMILY,4.6,807155.0,10000000.0
Samsung Health,HEALTH_AND_FITNESS,4.3,480208.0,500000000.0
WiFi Baby Monitor - NannyCam,VIDEO_PLAYERS,4.1,29867.0,5000000.0
Maleficent Free Fall,FAMILY,4.4,450013.0,10000000.0
Star Wars™: Force Arena,FAMILY,4.4,228130.0,5000000.0
Runtastic Sleep Better: Sleep Cycle & Smart Alarm,HEALTH_AND_FITNESS,4.1,111465.0,5000000.0
Google Pay,FINANCE,4.2,348132.0,100000000.0
Alarm Clock Plus★,LIFESTYLE,4.4,155693.0,5000000.0
Image 2 Wallpaper,TOOLS,4.3,81668.0,5000000.0
PS4 Second Screen,FAMILY,2.4,11773.0,1000000.0
Alarm Clock: Stopwatch & Timer,PRODUCTIVITY,4.5,870928.0,50000000.0
Ringtone Maker,PERSONALIZATION,4.3,495748.0,50000000.0
SAMURAI vs ZOMBIES DEFENSE,GAME,4.5,407788.0,5000000.0
Seen,FAMILY,4.5,118285.0,1000000.0
Google Allo,COMMUNICATION,4.3,347086.0,10000000.0
Plants vs. Zombies™ Heroes,FAMILY,4.4,379245.0,10000000.0
CM FILE MANAGER HD,PRODUCTIVITY,4.3,144873.0,10000000.0
Ringdroid,VIDEO_PLAYERS,4.4,326232.0,50000000.0
Twilight: Blue light filter,HEALTH_AND_FITNESS,4.6,318134.0,5000000.0
AT&T THANKS®,FAMILY,3.4,2445.0,500000.0
Galaxy at War Online,FAMILY,3.9,65119.0,1000000.0
Kingdoms at War: Hardcore PVP,FAMILY,4.3,34898.0,1000000.0
Five Nights at Freddy's 4 Demo,GAME,4.4,889425.0,10000000.0
Five Nights at Freddy's 3 Demo,GAME,4.5,1041836.0,10000000.0
Fandom: Five Nights at Freddys,FAMILY,4.4,17945.0,1000000.0
MLB At Bat,SPORTS,4.2,82857.0,5000000.0
Nights at Cube Pizzeria 3D – 2,GAME,4.0,47151.0,5000000.0
World at War: WW2 Strategy MMO,FAMILY,4.3,107765.0,5000000.0
HotelTonight: Book amazing deals at great hotels,TRAVEL_AND_LOCAL,4.4,57556.0,5000000.0
Five Tries At Love Dating Sim,FAMILY,4.2,37165.0,1000000.0
Rivals at War: 2084,FAMILY,4.0,174127.0,5000000.0
Multiple Videos at Same Time,VIDEO_PLAYERS,4.4,4706.0,1000000.0
Five Nights at Freddy's 2,FAMILY,4.6,73919.0,500000.0
Coloring Book at Five Nights,FAMILY,4.0,532.0,100000.0
Rivals at War: Firefight,GAME,4.4,344819.0,5000000.0
Five nights at Minecraft,FAMILY,3.5,9335.0,1000000.0
Five Nights at Freddy's,GAME,4.6,100805.0,1000000.0
Nights at Cube Pizzeria 3D – 3,FAMILY,4.0,15875.0,1000000.0
7 Nights at Pixel Pizzeria - 2,GAME,4.0,23168.0,1000000.0
Nights at Slender Pizzeria 3D,GAME,4.1,2628.0,100000.0
DIRECTV,FAMILY,4.1,235486.0,10000000.0
One Night at Golden Freddy's,GAME,3.3,2717.0,100000.0
DIRECTV for Tablets,FAMILY,3.9,24123.0,1000000.0
Nights at Cube Pizzeria 3D – 4,GAME,4.1,7728.0,500000.0
Five Nights at Neighbor House,GAME,4.2,2180.0,100000.0
Asylum Night Shift - Five Nights Survival,GAME,4.0,59223.0,5000000.0
Five Nights at Freddy's: SL,GAME,4.5,16162.0,100000.0
Two Nights at jumpscare,GAME,3.8,596.0,100000.0
Five Nights at Pizzeria,GAME,3.5,1976.0,100000.0
Block Battles: Heroes at War - Multiplayer PVP,GAME,4.3,6698.0,500000.0
Five Nights at Freddy's 4,GAME,4.6,21266.0,100000.0
Five Nights at Flappy's,GAME,4.7,4041.0,10000.0
5 Nights at Cube Pizzeria City,GAME,3.8,2691.0,100000.0
Five Nights at Freddy's 3,GAME,4.7,27856.0,100000.0
Undertale AU Amino,SOCIAL,4.8,5369.0,50000.0
au,FAMILY,3.2,9126.0,1000000.0
Audiobooks from Audible,BOOKS_AND_REFERENCE,4.5,568922.0,100000000.0
Au Mobile: Audition Chính Hiệu,GAME,3.9,85278.0,1000000.0
AU Mobile Indonesia,GAME,3.6,16521.0,1000000.0
Au Bon Pain,FOOD_AND_DRINK,3.7,70.0,10000.0
Au Pair Legend,LIFESTYLE,4.4,28.0,1000.0
Super Dancer,GAME,4.1,91667.0,1000000.0
AU Results - AU COE Corner,FAMILY,4.0,664.0,100000.0
"view.com.au - Buy, Rent or Research Real Estate",LIFESTYLE,3.1,212.0,50000.0
Au Weather Free,WEATHER,4.0,1185.0,100000.0
BringGo AU & NZ,MAPS_AND_NAVIGATION,2.8,440.0,10000.0
AU Spark,FAMILY,3.7,681.0,10000.0
Rugby AU,SPORTS,2.7,17.0,1000.0
Learners Test Free: AU Driver Knowledge Test (DKT),FAMILY,3.9,623.0,100000.0
"realestate.com.au - Buy, Rent & Sell Property",HOUSE_AND_HOME,3.8,14657.0,1000000.0
Au-allstar for KR,GAME,3.6,2433.0,100000.0
STUCOR - AU,FAMILY,4.5,1827.0,100000.0
loans.com.au Smart Money,FINANCE,3.5,30.0,1000.0
AU Students Zone (Result 2016),FAMILY,4.0,97.0,10000.0
Top #5 Bσσkie in AU,SPORTS,4.193338315362443,0.0,100.0
AU Results 2017 Auzone,FAMILY,3.8,762.0,100000.0
Au Pair,SOCIAL,3.6,58.0,10000.0
AU Call Blocker - Block Unwanted Calls Texts 2018,COMMUNICATION,4.2,16.0,1000.0
realcommercial.com.au,BUSINESS,4.4,128.0,50000.0
Powershop AU,TOOLS,4.0,498.0,10000.0
Australia Newspapers - AU News Apps,NEWS_AND_MAGAZINES,4.7,48.0,1000.0
news.com.au,NEWS_AND_MAGAZINES,4.193338315362443,1.0,100.0
Media Sosial TNI AU,SOCIAL,4.193338315362443,88.0,1000.0
Dance On Mobile,FAMILY,4.1,23609.0,1000000.0
Super Dancer VN,GAME,4.0,24312.0,500000.0
Alerte au gogol,FAMILY,4.193338315362443,14.0,1000.0
Neuvaine au Saint-Esprit,LIFESTYLE,4.7,57.0,10000.0
Neuvaines et prières au Coeur Sacré de Jésus,LIFESTYLE,4.193338315362443,17.0,5000.0
SMS Au revoir,FAMILY,4.193338315362443,17.0,5000.0
allhomes.com.au,HOUSE_AND_HOME,3.8,874.0,100000.0
Jobs in Canada - Emplois au Canada,BUSINESS,5.0,2.0,1000.0
Predator Calls for Hunting AU,SPORTS,4.4,27.0,10000.0
Romance et Mystères au Lycée,FAMILY,4.193338315362443,350.0,10000.0
Au Rubis les bijoutiers,LIFESTYLE,4.193338315362443,0.0,100.0
Love Dance,GAME,4.0,29462.0,1000000.0
mon guide au bank populaire -infos et instructions,FINANCE,4.193338315362443,4.0,1000.0
Avatar Musik,GAME,3.8,159063.0,1000000.0
Job'Of - Emploi au Cameroun,BUSINESS,4.1,294.0,10000.0
Mali 7 - Actualités au Mali,NEWS_AND_MAGAZINES,4.3,697.0,50000.0
Gâteau au yaourt,FOOD_AND_DRINK,4.193338315362443,38.0,10000.0
AVG AntiVirus 2018 for Android Security,TOOLS,4.5,6207063.0,100000000.0
AV Tools,TOOLS,4.4,631.0,100000.0
Total AV,PRODUCTIVITY,3.4,617.0,100000.0
日本AV历史,BOOKS_AND_REFERENCE,4.1,215.0,10000.0
AV Buddy Free,FAMILY,4.1,25.0,5000.0
AV HD Video Player,FAMILY,3.8,6.0,1000.0
AV Tools Pro,TOOLS,4.3,35.0,1000.0
Avakin Life - 3D virtual world,FAMILY,4.4,1275373.0,10000000.0
AV-IPTV,VIDEO_PLAYERS,4.4,43.0,1000.0
Video Player All Format,VIDEO_PLAYERS,4.8,258277.0,10000000.0
"HD Video Player (wmv,avi,mp4,flv,av,mpg,mkv)2017",VIDEO_PLAYERS,3.3,171.0,10000.0
Baby Monitor AV,COMMUNICATION,3.3,1434.0,100000.0
HD Video Player - Video & MP3 Player | AV Player |,VIDEO_PLAYERS,4.4,22.0,5000.0
Remote for Onkyo AV Receivers & Smart TV/Blu-Ray,TOOLS,3.7,701.0,100000.0
LG AV REMOTE,TOOLS,3.4,2420.0,1000000.0
App Seguridad AV Villas,FINANCE,2.3,251.0,50000.0
Gogo Vision (Biz Av),FAMILY,3.3,11.0,1000.0
Ai-Ball AV Recorder,PHOTOGRAPHY,2.7,90.0,5000.0
AV Phone,COMMUNICATION,4.193338315362443,4.0,1000.0
Norton Security and Antivirus,TOOLS,4.6,1170641.0,10000000.0
AV Pro Voice Changer,FAMILY,3.5,174.0,50000.0
Remote For Pioneer AV Receivers and Blu-Ray,TOOLS,3.4,150.0,50000.0
AV Phonetics,FAMILY,4.3,259.0,10000.0
AV MAX,LIFESTYLE,4.1,9.0,1000.0
Kaspersky Mobile Antivirus: AppLock & Web Security,TOOLS,4.7,2598579.0,50000000.0
"Mobile Security: Antivirus, Web Scan & App Lock",PRODUCTIVITY,4.4,574719.0,10000000.0
MyAV Remote for Denon & Marantz AV Receivers,LIFESTYLE,3.8,250.0,50000.0
EML UPnP-AV Control Point,VIDEO_PLAYERS,3.0,78.0,10000.0
Kinot & Eichah for Tisha B'Av,BOOKS_AND_REFERENCE,4.4,98.0,10000.0
Samsung TV AV Guide 2016,TOOLS,4.2,27.0,5000.0
Professional AV Solution & Products information,PRODUCTIVITY,4.5,24.0,1000.0
AV High School District,FAMILY,3.5,91.0,10000.0
Bitdefender Antivirus Free,TOOLS,4.5,78629.0,1000000.0
DEER HUNTER 2018,GAME,4.3,955614.0,10000000.0
Kinot Tisha'a Be'av - Ashkenaz,LIFESTYLE,4.5,82.0,5000.0
AV Anthony's,FOOD_AND_DRINK,4.193338315362443,0.0,50.0
"Avast Cleanup & Boost, Phone Cleaner, Optimizer",TOOLS,4.5,648380.0,10000000.0
AW - free video calls and chat,COMMUNICATION,4.0,7317.0,1000000.0
Aw Restaurant,FAMILY,4.8,4.0,100.0
Nougat Android 7 Launcher : AW,PERSONALIZATION,4.193338315362443,0.0,100000.0
AW Screen Recorder No Root,VIDEO_PLAYERS,4.3,1659.0,100000.0
A&W Restaurants,FOOD_AND_DRINK,1.7,14.0,1000.0
Add Watermark Free,PHOTOGRAPHY,4.3,18325.0,1000000.0
AW Tozer Devotionals - Daily,BOOKS_AND_REFERENCE,4.2,8.0,5000.0
AW Toolbox,BUSINESS,4.193338315362443,3.0,100.0
Analog Clock AW Plus-7,TOOLS,4.2,725.0,100000.0
Analog Clock AW-7,TOOLS,4.3,2158.0,100000.0
MediBeat for AW - Android (1),HEALTH_AND_FITNESS,4.193338315362443,2.0,500.0
Armored Warfare: Assault,GAME,4.0,7718.0,100000.0
Watch AW-7,TOOLS,4.2,249.0,50000.0
AW TeamUp,NEWS_AND_MAGAZINES,4.6,9.0,500.0
Auction Wars : Storage King,GAME,4.1,29062.0,1000000.0
AW Training,FAMILY,4.6,11.0,1000.0
Digital Clock AW-7,TOOLS,4.1,484.0,100000.0
Analog and Digital Clock AW-7,TOOLS,4.0,202.0,50000.0
AW Connect,FAMILY,4.193338315362443,0.0,10.0
Analog Clock AW-7 PRO,TOOLS,3.3,40.0,1000.0
AW Reader: news & apps [Dutch],NEWS_AND_MAGAZINES,4.1,1948.0,100000.0
AW,FAMILY,4.193338315362443,0.0,5.0
AW CAMERA,TOOLS,4.193338315362443,2.0,100.0
AW Browser with Chrome Custom Tabs,TOOLS,4.0,9.0,500.0
Analog and Digital Clock AW-7PRO,TOOLS,4.193338315362443,4.0,100.0
AW Radio,FAMILY,4.193338315362443,1.0,100.0
Roman Clock AW-7,TOOLS,4.4,52.0,5000.0
Square Analog Clock AW-7,TOOLS,4.2,294.0,50000.0
iSniper 3D Arctic Warfare,GAME,3.8,35572.0,1000000.0
AirWatch Agent,BUSINESS,3.1,20973.0,5000000.0
Handbreit by a.w.niemeyer,NEWS_AND_MAGAZINES,4.193338315362443,21.0,1000.0
Tozer Devotional -Series 1,BOOKS_AND_REFERENCE,5.0,5.0,1000.0
Modern Action Commando 3D,GAME,4.2,492.0,100000.0
HCP Anywhere,BUSINESS,4.7,114.0,5000.0
Call of Duty®: Heroes,GAME,4.4,1604146.0,10000000.0
Ultimate Watch 2 watch face,PERSONALIZATION,4.6,285.0,10000.0
Amber Weather,WEATHER,4.4,260137.0,10000000.0
Advanced Warfare Guns,FAMILY,2.9,2079.0,100000.0
AirWatch Inbox,BUSINESS,2.7,8346.0,1000000.0
News.aw,NEWS_AND_MAGAZINES,4.193338315362443,1.0,10.0
Pujie Black Watch Face for Android Wear OS,PERSONALIZATION,4.6,7264.0,100000.0
Bits Watch Face,PRODUCTIVITY,4.0,6205.0,100000.0
Video Editor,VIDEO_PLAYERS,3.8,1156.0,100000.0
The Pursuit of God,BOOKS_AND_REFERENCE,4.8,6.0,1000.0
Food-Aw - Order Food Online in Aruba,FOOD_AND_DRINK,5.0,1.0,100.0
F05WatchFace for Android Wear,PRODUCTIVITY,3.9,127.0,1000.0
ByssWeather for Wear OS,WEATHER,4.2,19666.0,1000000.0
AW - Le News di AndroidWorld,NEWS_AND_MAGAZINES,4.1,2808.0,100000.0
Anime Expo 2018,FAMILY,4.7,54.0,10000.0
Adventure Xpress,FAMILY,4.2,24775.0,100000.0
AXE.IO - Brutal Survival Battleground,GAME,4.2,3845.0,500000.0
Dynamics AX,BUSINESS,3.7,244.0,10000.0
AX Player -Nougat Video Player,VIDEO_PLAYERS,4.1,15765.0,1000000.0
Armani Exchange Connected,LIFESTYLE,4.1,305.0,10000.0
Axe Champ,GAME,3.8,141.0,10000.0
AX Battery Saver,FINANCE,4.6,4546.0,100000.0
Axe Champ Hit,GAME,4.193338315362443,1.0,100.0
Axe Champion,GAME,4.4,21.0,5000.0
Vikings Stickman Axe Fighting,GAME,4.2,924.0,100000.0
AX Video Player,VIDEO_PLAYERS,4.4,569.0,50000.0
Katalogen.ax,COMMUNICATION,4.193338315362443,1.0,100.0
Axe,FAMILY,4.193338315362443,18.0,1000.0
Axetatic - Axe Throwing Game,GAME,4.6,29.0,1000.0
Axe Champs! Wars,GAME,5.0,8.0,50.0
Tips Microsoft Dynamics Ax,PRODUCTIVITY,4.193338315362443,1.0,500.0
Axe Knight,GAME,4.5,52.0,5000.0
AX Timesheets App for Dynamics,BUSINESS,4.193338315362443,0.0,10.0
Axxess AX-DSP,TOOLS,3.5,17.0,5000.0
AX Window,TOOLS,4.193338315362443,0.0,5.0
Axxess Updater,TOOLS,3.9,56.0,10000.0
The Vikings,GAME,4.4,15806.0,1000000.0
Axe Spinner,FAMILY,3.0,2.0,10.0
INTERACTIVE CALCULUS PRO,FAMILY,4.193338315362443,0.0,10.0
Knife&Axe Throwing,GAME,3.1,440.0,50000.0
Stickman and Axe,GAME,4.4,69.0,50000.0
Axe Throw: Flip Champ Axes Champion Throwing Games,GAME,4.193338315362443,1.0,50.0
Q7 SmartWatch,HEALTH_AND_FITNESS,3.0,94.0,10000.0
Workflow Approvals App AX 2012,BUSINESS,4.193338315362443,2.0,100.0
Tips & Tricks Dynamics AX 365,PRODUCTIVITY,4.193338315362443,1.0,100.0
Axe Man,GAME,3.7,53.0,1000.0
AX Watch for WatchMaker,PERSONALIZATION,4.193338315362443,2.0,1.0
Throw Knife,FAMILY,3.7,291.0,100000.0
Dead Zombie Evil Killer:Axe,GAME,3.9,71.0,10000.0
INTERACTIVE CALCULUS FOR MATHS AND PHYSICS,FAMILY,4.8,53.0,1000.0
AX-PIC Pedidos,TOOLS,4.193338315362443,1.0,1000.0
AX!OM,LIFESTYLE,4.193338315362443,5.0,50.0
Zlax.io Zombs Luv Ax,GAME,4.6,6344.0,500000.0
AX Selfie,LIFESTYLE,4.6,10.0,500.0
Ax 3 Domaines,SPORTS,4.5,12.0,1000.0
Clash of Axe: Flippy Lumberjack Action X,GAME,4.3,6.0,1000.0
Flippy Axe : Flip The Knife & Axe Simulator,GAME,5.0,7.0,100.0
Axe Clicker,FAMILY,4.3,10446.0,500000.0
Cyborg AX-001,GAME,4.193338315362443,0.0,50.0
Axe Wallpaper,PERSONALIZATION,4.7,9.0,100.0
Woodman Deluxe,GAME,4.0,82.0,5000.0
Ay,VIDEO_PLAYERS,3.8,11.0,5000.0
A-Y Collection,SHOPPING,5.0,2.0,100.0
AY Sing,BOOKS_AND_REFERENCE,4.8,111.0,5000.0
Ay Up,FAMILY,4.5,11.0,100.0
"AY Recorder - Screen Recorder, Live, Video Editor",TOOLS,4.3,12.0,500.0
¡Ay Caramba!,FAMILY,4.193338315362443,0.0,1.0
Ay Sabz Gunbad Waly,VIDEO_PLAYERS,4.193338315362443,4.0,1000.0
Ay Yıldız - Xperia Live Theme,PERSONALIZATION,4.193338315362443,0.0,10.0
25 Mins Ako ay may lobo Etc Pinoy Kid Song Offline,FAMILY,4.193338315362443,0.0,10.0
camera zoom moon,PHOTOGRAPHY,3.7,1213.0,500000.0
Ako ay may lobo Pinoy Kid Song Offline,FAMILY,4.193338315362443,0.0,1.0
Ay Yıldız Analog Saat,PERSONALIZATION,4.193338315362443,37.0,1000.0
Ay Telekom Oim,LIFESTYLE,4.193338315362443,6.0,100.0
Holy Quran Mehmet Emin Ay,LIFESTYLE,4.193338315362443,649.0,10000.0
Ay Yıldız Duvar Kağıtları,PERSONALIZATION,4.193338315362443,3.0,100.0
Ay Hasnain k Nana Milad Naat,BOOKS_AND_REFERENCE,4.3,72.0,10000.0
Mehmet Emin Ay İlahileri,FAMILY,4.193338315362443,0.0,10.0
¡Ay Metro!,GAME,3.8,489.0,10000.0
AY Oakmont,HEALTH_AND_FITNESS,4.193338315362443,0.0,10.0
YAKALA AY,GAME,4.193338315362443,0.0,1.0
Lunar Calendar,LIFESTYLE,4.5,484.0,1000.0
Pinoy Kid Song Ako ay may Lobo,FAMILY,4.6,23.0,10000.0
Lunar Calendar Lite,LIFESTYLE,4.1,2954.0,100000.0
Ay Mohabbat Teri Khatir Novel,BOOKS_AND_REFERENCE,4.2,27.0,10000.0
AY Recruitment,BUSINESS,4.193338315362443,1.0,10.0
Quran Khmer Offline AY,FAMILY,5.0,41.0,1000.0
Ay Yıldız Keyboard,TOOLS,4.193338315362443,26.0,1000.0
AY EMLAK,BUSINESS,4.193338315362443,8.0,10.0
Ay Vamos - PJ. Balvin - Piano,GAME,4.193338315362443,0.0,5.0
Google Play Games,FAMILY,4.3,7168735.0,1000000000.0
Ay Peruk,BUSINESS,4.193338315362443,0.0,1.0
Sun & Moon AR Locator,WEATHER,3.3,115.0,10000.0
Display Phone Screen On TV,TOOLS,3.6,9895.0,1000000.0
San Andreas Crime Stories,GAME,4.0,162530.0,10000000.0
Masha and The Bear,FAMILY,4.0,39779.0,5000000.0
Miami crime simulator,GAME,4.0,254518.0,10000000.0
ai.type Free Emoji Keyboard,PERSONALIZATION,4.3,647721.0,10000000.0
Strange Hero: Future Battle,GAME,4.2,88901.0,10000000.0
Gangster Town: Vice District,FAMILY,4.3,65146.0,10000000.0
iMediaShare – Photos & Music,VIDEO_PLAYERS,4.2,104551.0,10000000.0
Earth & Moon in HD Gyro 3D Parallax Live Wallpaper,PERSONALIZATION,4.5,66321.0,5000000.0
Mad Day - Truck Distance Game,GAME,4.3,29270.0,5000000.0
AZ Screen Recorder - No Root,VIDEO_PLAYERS,4.6,751911.0,10000000.0
AZ Browser. Private & Download,COMMUNICATION,4.4,1520.0,100000.0
AZ Lottery Players Club,FAMILY,4.2,97.0,10000.0
AZ Plugin 2 (newest),LIBRARIES_AND_DEMO,4.2,11087.0,1000000.0
Kids A-Z,FAMILY,4.2,26426.0,1000000.0
AZ Camera - Manual Pro Cam,PHOTOGRAPHY,3.4,2332.0,100000.0
A-Z App Store,PRODUCTIVITY,3.2,2728.0,500000.0
AZ Screen Recorder pro,TOOLS,4.0,60.0,5000.0
Permit Test AZ Arizona MVD DOT,FAMILY,4.6,227.0,10000.0
AZ PLAYER HD,TOOLS,3.2,24.0,10000.0
Long Realty AZ Home Search,LIFESTYLE,4.4,132.0,10000.0
NB|AZ Mobile Banking,FINANCE,4.0,463.0,10000.0
Movie Downloader Torrent : Az Torrent,VIDEO_PLAYERS,4.7,70.0,1000.0
A-Z Screen Recorder -,VIDEO_PLAYERS,4.193338315362443,17.0,500.0
AZ Immune Related AEManagement,MEDICAL,3.7,3.0,500.0
Alphabet A-Z,FAMILY,3.9,306.0,100000.0
AZ Rockets,GAME,4.2,162.0,10000.0
NB|AZ Business Mobile Banking,FINANCE,4.1,44.0,1000.0
Az Content,FAMILY,3.5,24.0,10000.0
Catalyst AZ,FAMILY,4.8,12.0,500.0
Casino AZ/Talking Stick Resort,TRAVEL_AND_LOCAL,4.3,201.0,10000.0
Graffiti Letters (A-Z),LIFESTYLE,3.9,386.0,50000.0
GPS.AZ,MAPS_AND_NAVIGATION,4.193338315362443,30.0,1000.0
First Credit Union (AZ) Mobile,FINANCE,3.5,100.0,10000.0
Arizona Mobile,FAMILY,4.3,285.0,10000.0
AZ Mobile Gizmo,BUSINESS,4.4,16.0,1000.0
Az Video Status,FAMILY,4.8,13.0,100.0
"Arizona Statutes, ARS (AZ Law)",BOOKS_AND_REFERENCE,3.9,9.0,1000.0
Explore Sedona & Northern AZ,TRAVEL_AND_LOCAL,3.8,43.0,10000.0
Arizona DMV Permit Test - AZ,FAMILY,4.2,109.0,10000.0
Oxford A-Z of English Usage,BOOKS_AND_REFERENCE,4.0,5300.0,1000000.0
Cures A-Z,HEALTH_AND_FITNESS,4.0,265.0,100000.0
AZ Practice Test & Questions,FAMILY,4.4,13.0,1000.0
Arizona Trail,TRAVEL_AND_LOCAL,4.7,65.0,5000.0
Ultrasound A-Z,FAMILY,4.5,112.0,10000.0
A-Z Punjabi Songs & Music Videos 2018,FAMILY,4.3,367.0,100000.0
Manga AZ - Manga Comic Reader,COMICS,3.3,126.0,5000.0
Barista Coffee Dictionary A-Z,LIFESTYLE,4.3,127.0,10000.0
Phoenix and Arizona Cameras,TRAVEL_AND_LOCAL,4.1,134.0,10000.0
AZ REMOTE CONTROL,TOOLS,2.1,149.0,50000.0
Greater London A-Z 2016,TRAVEL_AND_LOCAL,3.7,40.0,1000.0
British Airways,TRAVEL_AND_LOCAL,4.2,25726.0,1000000.0
Ba Financial Calculator plus,FINANCE,4.4,31.0,1000.0
Financial Calculator BA Chien.,FINANCE,4.2,23.0,500.0
BA4You,BUSINESS,2.1,87.0,5000.0
BA Pro Financial Calculator,FINANCE,2.4,36.0,1000.0
BA Calculator,PRODUCTIVITY,4.1,22.0,5000.0
ba,FAMILY,3.1,1734.0,500000.0
Ra Ga Ba,GAME,5.0,2.0,1.0
Experience BA,TRAVEL_AND_LOCAL,4.193338315362443,6.0,100.0
Ba Cristi,GAME,3.5,196.0,10000.0
Ba ba black sheep offline Video,PARENTING,4.2,20.0,10000.0
BA SALES,COMMUNICATION,4.193338315362443,0.0,1.0
Goody.ba,FAMILY,4.7,303.0,10000.0
BA Status,TRAVEL_AND_LOCAL,4.193338315362443,0.0,100.0
Alif Ba Ta Bullseye,FAMILY,4.193338315362443,1.0,5.0
BA Accesible,HEALTH_AND_FITNESS,4.193338315362443,31.0,1000.0
Learn alif ba ta,FAMILY,4.8,23.0,10000.0
Learn Quran with Elif Ba,FAMILY,4.193338315362443,3.0,100.0
Arabic Alif Ba Ta For Kids,FAMILY,4.5,226.0,100000.0
Arabic Alphabet Alif Ba Ta Wooden Blocks,FAMILY,4.6,66.0,10000.0
Let's Learn Alif Ba Ta,FAMILY,4.6,32.0,10000.0
Sufara.ba,FAMILY,4.9,285.0,10000.0
Elif Ba - Learn The Holy Quran,FAMILY,4.8,1491.0,50000.0
Instant Ba-dum-tss,FAMILY,4.0,13.0,1000.0
Ba Zi Fortune,LIFESTYLE,3.9,592.0,100000.0
BA VPN - Free Unlimited VPN,FAMILY,4.1,181.0,10000.0
Ba dum tss - Rimshot widget,COMICS,4.1,690.0,50000.0
Alif Ba Ta Song - Arabic Kids,FAMILY,4.5,227.0,50000.0
Fitness Dance for Zum.ba Workout Exercise,HEALTH_AND_FITNESS,4.2,287.0,50000.0
Cafe.ba,NEWS_AND_MAGAZINES,4.0,677.0,10000.0
058.ba,NEWS_AND_MAGAZINES,4.4,27.0,100.0
Loreal - BA Makeup,TOOLS,1.9,8.0,1000.0
PROFESSOR SEE-BA LINGUAGENS E SUAS TECNOLOGIAS,PRODUCTIVITY,4.193338315362443,0.0,10.0
Poteau BA,FAMILY,4.193338315362443,3.0,500.0
Elif Ba Oyunu,TOOLS,3.7,26.0,5000.0
Ain Arabic Kids Alif Ba ta,FAMILY,4.193338315362443,0.0,0.0
Bedouin Rivals,FAMILY,4.2,79826.0,1000000.0
Klix.ba,NEWS_AND_MAGAZINES,4.0,3647.0,100000.0
PBA® Bowling Challenge,SPORTS,4.3,242096.0,10000000.0
Avios for Android,TRAVEL_AND_LOCAL,2.5,862.0,100000.0
Banana Kong,GAME,4.4,3452530.0,100000000.0
BA 3 Banjarmasin,SOCIAL,4.193338315362443,2.0,10.0
American Airlines,TRAVEL_AND_LOCAL,3.7,16973.0,5000000.0
Elifba Quran Learning Game,FAMILY,4.7,1424.0,100000.0
Space Shooter : Galaxy Attack,GAME,4.6,169661.0,10000000.0
Hunt Buddy BC,SPORTS,4.4,172.0,5000.0
"Survival Mobile:10,000 BC",FAMILY,4.3,7441.0,500000.0
iHunter BC,SPORTS,4.4,55.0,1000.0
iFish BC,SPORTS,3.6,25.0,1000.0
BC Connect,FAMILY,3.8,11.0,1000.0
Ice Crush 10.000 B.C.,FAMILY,4.4,31.0,100.0
BC Navigator,FAMILY,4.4,21.0,1000.0
BC Lotto Check,FAMILY,3.0,10.0,5000.0
Transit: Real-Time Transit App,MAPS_AND_NAVIGATION,4.2,43252.0,5000000.0
BC Liquor Stores,LIFESTYLE,3.7,492.0,50000.0
BC MVA Fines,BOOKS_AND_REFERENCE,5.0,5.0,50.0
British Columbia Transit Info,MAPS_AND_NAVIGATION,4.193338315362443,0.0,100.0
BC Hospital Wait Times,MEDICAL,4.2,8.0,500.0
"Town of Princeton, BC",PRODUCTIVITY,4.8,4.0,100.0
Explore British Columbia - BC Travel Guide,TRAVEL_AND_LOCAL,4.4,7.0,500.0
Bridge Constructor Stunts FREE,FAMILY,4.1,36151.0,1000000.0
BC's Pizza,LIFESTYLE,4.7,113.0,1000.0
Baby Connect (activity log),PARENTING,4.7,8343.0,50000.0
BC Wildfire,TOOLS,3.3,27.0,5000.0
BC Slots - The Lost Reels FREE,GAME,4.0,209.0,10000.0
BC Mobile Intro - Americas,LIFESTYLE,4.193338315362443,0.0,50.0
Car Driving Theory Test BC,FAMILY,4.193338315362443,0.0,10.0
Truck Driving Test Class 3 BC,FAMILY,1.0,1.0,50.0
BC Highways - Road Conditions,TRAVEL_AND_LOCAL,4.4,382.0,10000.0
BC Camera,PHOTOGRAPHY,4.2,5.0,500.0
BC iptv player,VIDEO_PLAYERS,4.4,8.0,1000.0
Business Calendar Pro,PRODUCTIVITY,4.6,27135.0,100000.0
"Victoria, BC | Tour City",TRAVEL_AND_LOCAL,4.3,20.0,1000.0
BC Wildflowers,FAMILY,4.4,7.0,1000.0
Bc Vod,VIDEO_PLAYERS,4.193338315362443,1.0,100.0
BC Hockey,SPORTS,3.7,20.0,1000.0
Outdoor Movies BC,EVENTS,2.9,7.0,500.0
British Columbia Tourist Places (Guide),TRAVEL_AND_LOCAL,4.0,1.0,100.0
British Columbia License,FAMILY,3.3,14.0,1000.0
BC browser,BUSINESS,4.193338315362443,1.0,100.0
PPCNP-BC Pocket Prep,MEDICAL,4.193338315362443,3.0,50.0
AP Calculus BC Practice Test,FAMILY,4.2,4.0,500.0
BackCountry Navigator TOPO GPS PRO,MAPS_AND_NAVIGATION,4.5,6230.0,100000.0
BC Pizza,LIFESTYLE,2.3,3.0,500.0
Railroad Radio Vancouver BC,FAMILY,5.0,4.0,100.0
AP Calculus BC: Practice Tests and Flashcards,FAMILY,3.6,5.0,1000.0
Aura Hair Group BC,BEAUTY,4.193338315362443,0.0,100.0
Bridge Constructor Playground FREE,FAMILY,3.9,137377.0,5000000.0
"BDCast - Bangla Live TV,Radio",FAMILY,4.4,7461.0,1000000.0
bd's Mongolian Grill,LIFESTYLE,4.2,120.0,10000.0
BD Briight: Your Diabetes Personal Assistant,MEDICAL,4.8,17.0,5000.0
Jagobd - Bangla TV(Official),FAMILY,4.3,39109.0,1000000.0
Business Dictionary,BUSINESS,4.2,5988.0,500000.0
BD Data Plan (3G & 4G),COMMUNICATION,4.4,10341.0,500000.0
বাংলা টিভি প্রো BD Bangla TV,FAMILY,4.3,193.0,10000.0
BD tools,TOOLS,4.0,21.0,10000.0
BD Provider App,HEALTH_AND_FITNESS,1.4,45.0,5000.0
"Izneo, Read Manga, Comics & BD",COMICS,3.3,1476.0,500000.0
BD Radio TV Free List,FAMILY,4.3,539.0,50000.0
BD Simplist Through Their Eyes,FAMILY,4.193338315362443,1.0,10.0
BD Online News,NEWS_AND_MAGAZINES,4.6,30.0,1000.0
BD Bank Interest,FINANCE,4.7,289.0,5000.0
BD Earn Pro,FAMILY,4.2,540.0,10000.0
Comics Reader,COMICS,3.9,4496.0,100000.0
Upohar BD,BUSINESS,3.4,9.0,1000.0
Electricity Bill Calculator BD,PRODUCTIVITY,4.3,247.0,10000.0
BD Fishpedia,BOOKS_AND_REFERENCE,4.8,123.0,1000.0
BD Attendance,PRODUCTIVITY,4.8,93.0,1000.0
BD All Sim Offer,BOOKS_AND_REFERENCE,4.5,197.0,10000.0
BD TYCOON,FAMILY,3.3,16.0,500.0
BD Sports Box & TV,FAMILY,4.2,5.0,500.0
Tour BD (Bahir Dar Map),MAPS_AND_NAVIGATION,4.9,49.0,100.0
BD Field Force,PRODUCTIVITY,4.2,41.0,1000.0
BD CRICKET LIVE,SPORTS,4.6,1238.0,100000.0
BD All Results,FAMILY,4.1,205.0,50000.0
BD Online Passport Application,FAMILY,4.6,12.0,5000.0
BD Internet Packages (Updated),COMMUNICATION,4.0,474.0,50000.0
Live Radio BD,FAMILY,4.2,69.0,10000.0
iCard BD Plus,SOCIAL,5.0,2.0,500.0
BD Dialer,COMMUNICATION,4.1,29.0,10000.0
"Youboox - Livres, BD et magazines",BOOKS_AND_REFERENCE,3.7,4071.0,500000.0
BANGLA TV 3G/4G,SPORTS,4.1,142.0,100000.0
Earn Money BD,FINANCE,3.8,103.0,5000.0
BD Hospital's,FAMILY,4.7,12.0,100.0
Rabbithole,FAMILY,3.5,3347.0,100000.0
Educationboard Results BD,FAMILY,4.0,983.0,100000.0
BD Online Shop,BUSINESS,4.2,63.0,5000.0
Remote for Samsung TV & BluRay Players (Read Desc),TOOLS,3.3,1988.0,500000.0
Vehicle Case Checker BD,TOOLS,3.7,29.0,10000.0
Remote for Sony TV & Sony Blu-Ray Players MyAV,TOOLS,3.4,3491.0,1000000.0
Remote for Panasonic TV+BD+AVR,TOOLS,3.7,533.0,100000.0
Exam Result BD,FAMILY,5.0,2.0,500.0
BD Live Call,COMMUNICATION,4.4,7.0,5000.0
Helping BD,LIFESTYLE,5.0,15.0,100.0
Best Browser BD social networking,COMMUNICATION,4.8,6.0,10.0
Traffic signs BD,COMMUNICATION,4.4,7.0,500.0
BD Internet Package Activator,NEWS_AND_MAGAZINES,4.9,13.0,100.0
be Produbanco,FINANCE,4.0,967.0,100000.0
Millionaire : Who want to be?,GAME,4.4,4396.0,100000.0
Photo Editor by BeFunky,PHOTOGRAPHY,4.5,192851.0,10000000.0
Be My Eyes - Helping the blind,LIFESTYLE,4.9,8418.0,500000.0
Be My Princess: PARTY,FAMILY,4.4,9443.0,100000.0
BeautyPlus - Easy Photo Editor & Selfie Camera,PHOTOGRAPHY,4.4,3156484.0,100000000.0
Movement BE,SOCIAL,5.0,20.0,100.0
Be Stronger,HEALTH_AND_FITNESS,4.8,787.0,1000.0
Be My Love Animated Keyboard,PERSONALIZATION,4.6,838.0,50000.0
Be My Princess 2,FAMILY,4.3,2806.0,100000.0
Millionaire Quiz Free: Be Rich,FAMILY,3.8,66033.0,10000000.0
Be the Manager 2018 - Football Strategy,SPORTS,4.3,7557.0,100000.0
Be like Me - Hay Nhu Toi,PERSONALIZATION,4.3,44.0,1000.0
Be Fabulous PHOTO BOOTH,PHOTOGRAPHY,4.1,560.0,10000.0
RadarNow!,WEATHER,4.5,54090.0,5000000.0
Be My Princess,FAMILY,4.2,3103.0,100000.0
Fat No More - Be the Biggest Loser in the Gym!,FAMILY,3.8,48545.0,1000000.0
Be Like Bill - Maker,FAMILY,4.3,18.0,1000.0
Top Eleven 2018 - Be a Soccer Manager,SPORTS,4.4,3451011.0,50000000.0
Free GPS Navigation,MAPS_AND_NAVIGATION,4.2,618562.0,50000000.0
Be the Manager 2016 (football),SPORTS,4.2,4330.0,100000.0
Hair Salon - Fun Games,FAMILY,3.8,484226.0,50000000.0
Adobe Photoshop Fix,PHOTOGRAPHY,4.2,28390.0,5000000.0
Make your Be Like Bill,COMICS,4.0,78.0,5000.0
Be like Bill Generator,FAMILY,4.2,67.0,5000.0
Be you GO Launcher Theme,PERSONALIZATION,4.3,1580.0,100000.0
"Star Girl - Fashion, Makeup & Dress Up",FAMILY,4.3,556929.0,10000000.0
Be Like Bro - Compilation,FAMILY,4.4,146.0,10000.0
Bowmasters,GAME,4.7,1535581.0,50000000.0
YAY - TBH,SOCIAL,4.1,2520.0,100000.0
The Sims™ Mobile,FAMILY,4.5,559597.0,10000000.0
Find My Friends,SOCIAL,4.2,305367.0,10000000.0
Beauty Idol: Fashion Queen,GAME,4.3,128367.0,1000000.0
Unseen - No Last Seen,TOOLS,4.4,103909.0,5000000.0
OK K.O.! Lakewood Plaza Turbo,FAMILY,4.5,76608.0,1000000.0
Hard Time (Prison Sim),GAME,4.3,275843.0,10000000.0
She Will Be Loved Lyrics,FAMILY,4.193338315362443,2.0,100.0
Nick,FAMILY,4.2,123309.0,10000000.0
Battlefield™ Companion,GAME,4.0,263907.0,10000000.0
Wolf of the BF:Commando MOBILE,GAME,3.4,32.0,1000.0
BF at Sea Refueled,GAME,4.4,1849.0,10000.0
BF Movies Fun,FAMILY,3.8,63.0,10000.0
BF Browser by Betfilter - Stop Gambling Today!,COMMUNICATION,3.0,39.0,10000.0
My BF App,COMMUNICATION,4.1,141.0,50000.0
Funny videos for whatsapp,VIDEO_PLAYERS,4.4,3066.0,1000000.0
BF games,FAMILY,4.1,262.0,50000.0
BF 3d Wallpapers,FAMILY,4.1,256.0,100000.0
Hot Bhojpuri Video songs,FAMILY,4.1,28892.0,5000000.0
Bullet Force,GAME,4.5,634159.0,10000000.0
GF - BF Chat Stories - Hindi English Convesation,FAMILY,4.1,32.0,10000.0
BF Scale Health Fitness Tool,HEALTH_AND_FITNESS,2.2,19.0,1000.0
BF-Calc,TOOLS,3.9,428.0,100000.0
BF 4 Guns,FAMILY,4.0,1542.0,50000.0
My Virtual Boyfriend,FAMILY,4.3,105.0,1000.0
Sexy Hot Detector Prank,FAMILY,3.9,17067.0,5000000.0
BF Combat: Genesis,GAME,4.0,3322.0,100000.0
"Women""s Health Tips(Breast,Face,Body,weight lose)",HEALTH_AND_FITNESS,4.2,2509.0,1000000.0
Combat BF: Black Ops 3,GAME,4.2,7699.0,500000.0
BF Beautiful Nature,FAMILY,3.6,5.0,1000.0
BF 3d Images,FAMILY,4.3,19.0,1000.0
Jigsaw Puzzles Bus Scania BF,FAMILY,4.193338315362443,3.0,1000.0
BF 3d View Wallpapers,FAMILY,4.193338315362443,4.0,1000.0
Hot Bhojpuri Video Song 2018 - Free Movies,FAMILY,4.4,447.0,100000.0
Body Scanner xray Real Camera Prank Entertaintment,FAMILY,2.6,17.0,5000.0
BF Frontline City,GAME,4.1,29798.0,1000000.0
Bf Light,BUSINESS,4.193338315362443,6.0,1000.0
Droid PRoCon BF3,TOOLS,3.5,412.0,5000.0
BF Abstract 3d Pictures,FAMILY,4.2,72.0,10000.0
CE BF,LIFESTYLE,4.193338315362443,0.0,50.0
Freedom Christian BF,LIFESTYLE,4.193338315362443,0.0,10.0
Random Love (BF),FAMILY,3.7,3.0,50.0
BeFunky Photo Editor Pro,PHOTOGRAPHY,4.5,4724.0,50000.0
Virtual Boyfriend Chat,FAMILY,2.4,407.0,50000.0
BF Family user,BUSINESS,4.193338315362443,8.0,100.0
Talking Boyfriend,FAMILY,2.9,1073.0,100000.0
Faketalk - Chatbot,GAME,4.2,63056.0,1000000.0
XXX DISTILLERY,BUSINESS,4.2,509.0,100000.0
Cute Questions BF,LIFESTYLE,4.0,3.0,1000.0
BG Score,SPORTS,2.6,64.0,10000.0
BG Advisor™,TOOLS,4.4,7.0,1000.0
BG Products,AUTO_AND_VEHICLES,4.8,4.0,500.0
BG LINKED (BGLINKED),SOCIAL,4.7,22.0,1000.0
BG Monitor Diabetes,MEDICAL,4.4,643.0,10000.0
BG Monitor Diabetes Pro,MEDICAL,4.6,87.0,500.0
HTC Sense Input-BG,TOOLS,2.7,198.0,100000.0
Photo BG Changer,PHOTOGRAPHY,3.8,11.0,1000.0
BG TV App,FAMILY,1.7,6.0,100.0
BG BRIDAL GALLERY,LIFESTYLE,4.6,17.0,1000.0
HTC Sense Input - BG,TOOLS,3.3,218.0,10000.0
BG Editor,PHOTOGRAPHY,4.193338315362443,0.0,5.0
BG Sports News,NEWS_AND_MAGAZINES,4.193338315362443,41.0,1000.0
Board Game Stats: Play tracking for tabletop games,LIFESTYLE,4.6,275.0,5000.0
Bg TV Online,FAMILY,2.3,50.0,10000.0
"PhotoLayers〜Superimpose,Eraser",PHOTOGRAPHY,4.5,81219.0,10000000.0
Zdravei.BG,SOCIAL,4.193338315362443,6.0,1000.0
BG+Phone Backup,PRODUCTIVITY,4.8,16.0,1000.0
BGKontakti London BG Kontakti,SOCIAL,4.193338315362443,4.0,500.0
ReactNative BG Geolocation,TOOLS,5.0,5.0,1000.0
BG TV Stations,FAMILY,4.193338315362443,0.0,100.0
BG video - floating video - background video,VIDEO_PLAYERS,4.1,64.0,5000.0
BG TV Program,FAMILY,4.193338315362443,1.0,100.0
BG Cable TV,FAMILY,4.193338315362443,5.0,1000.0
BG Middle East,AUTO_AND_VEHICLES,4.193338315362443,1.0,10.0
Blender BG - Photo Blend With Background,PHOTOGRAPHY,4.193338315362443,0.0,100.0
BG MUSIC PLAYER - MUSIC PLAYER,VIDEO_PLAYERS,4.193338315362443,0.0,100.0
Sommelier.BG,FOOD_AND_DRINK,4.193338315362443,0.0,10.0
BG Future School,FAMILY,4.9,16.0,100.0
Cordova BG Geolocation,MAPS_AND_NAVIGATION,3.0,4.0,1000.0
Simple Photo BG Changer,TOOLS,4.193338315362443,1.0,10.0
BGKontakti Bayern BG Kontakti,SOCIAL,4.193338315362443,32.0,1000.0
BGKontakti Vienna BG Kontakti,SOCIAL,4.8,111.0,1000.0
CARS.bg,AUTO_AND_VEHICLES,4.5,276.0,100000.0
bgtime.tv,VIDEO_PLAYERS,3.4,694.0,50000.0
BG Torneos,SPORTS,4.193338315362443,7.0,100.0
YourTube Video Views BG,VIDEO_PLAYERS,4.193338315362443,8.0,500.0
BG Television,FAMILY,4.193338315362443,3.0,500.0
Cъновник BG,BOOKS_AND_REFERENCE,4.193338315362443,13.0,1000.0
Auto Background Changer,PHOTOGRAPHY,4.0,35188.0,1000000.0
Block Gun 3D: Call of Destiny,GAME,3.7,31883.0,1000000.0
BG Remover & Eraser Pro,TOOLS,2.2,4.0,500.0
BG Metro - Red voznje,TRAVEL_AND_LOCAL,4.8,89.0,1000.0
BG Cricket,SPORTS,4.193338315362443,6.0,500.0
BG Guide,TRAVEL_AND_LOCAL,5.0,3.0,100.0
Bg Radios - Bulgarian radio stations online,FAMILY,4.193338315362443,8.0,1000.0
Micro.bg Cloud POS System,BUSINESS,4.193338315362443,6.0,100.0
BG-FLEET,TOOLS,4.193338315362443,0.0,10.0
trip.bg,TRAVEL_AND_LOCAL,4.5,103.0,1000.0
Dete.bg,NEWS_AND_MAGAZINES,4.193338315362443,0.0,100.0
BLOOD & GLORY: IMMORTALS,GAME,4.3,101762.0,1000000.0
Change photo background,PHOTOGRAPHY,3.8,28660.0,5000000.0
Es-Bg Offline Voice Translator,TRAVEL_AND_LOCAL,4.193338315362443,1.0,10.0
Baldur's Gate: Enhanced Edition,FAMILY,4.5,20101.0,100000.0
Shadow Fight 2 Special Edition,GAME,4.5,10440.0,50000.0
ePazar.bg,SHOPPING,4.193338315362443,28.0,1000.0
Revita.bg,HEALTH_AND_FITNESS,4.8,10.0,10.0
Background Eraser,PHOTOGRAPHY,4.5,267378.0,10000000.0
ePay.bg,FINANCE,4.4,2017.0,100000.0
Top Novini BG,NEWS_AND_MAGAZINES,4.193338315362443,2.0,100.0
Block Gun 3D: Ghost Ops,GAME,3.9,142693.0,5000000.0
"Music for Youtube - Tube Music BG, Red+",VIDEO_PLAYERS,4.3,47.0,1000.0
Bg+ Call Blocker,TOOLS,4.3,80.0,10000.0
BG Blurry HD Wallpapers,FAMILY,4.193338315362443,1.0,10.0
Background Changer & Eraser,PHOTOGRAPHY,4.0,2076.0,500000.0
Stolica.bg,NEWS_AND_MAGAZINES,4.193338315362443,1.0,50.0
Cut Out : Background Eraser and background changer,PHOTOGRAPHY,4.1,7118.0,1000000.0
mySugr: the blood sugar tracker made just for you,MEDICAL,4.6,21187.0,1000000.0
Photo Background Changer 2018 - Blur Background,LIFESTYLE,3.7,34079.0,5000000.0
BGCN TV,VIDEO_PLAYERS,3.4,4334.0,100000.0
ScorePal,TOOLS,4.5,1439.0,10000.0
Backgammon NJ for Android,GAME,4.4,1644.0,10000.0
BG Burger,FOOD_AND_DRINK,4.193338315362443,1.0,10.0
JOBS.bg,BUSINESS,4.4,1630.0,100000.0
CSCS BG (в български),FAMILY,2.4,7.0,100.0
LEGO ® Batman: Beyond Gotham,FAMILY,4.1,10758.0,100000.0
Backgrounds HD (Wallpapers),PERSONALIZATION,4.6,2390099.0,100000000.0
Blood Glucose Tracker,HEALTH_AND_FITNESS,4.6,9612.0,100000.0
Baldur's Gate II,FAMILY,4.3,5442.0,50000.0
Rento - Dice Board Game Online,GAME,4.3,205830.0,10000000.0
Learn Bulgarian Free,FAMILY,4.7,3049.0,50000.0
N+ News Bulgaria,NEWS_AND_MAGAZINES,4.193338315362443,2.0,50.0
Remix Second Hand,SHOPPING,4.2,867.0,100000.0
Ultimate Background Eraser,PHOTOGRAPHY,4.3,14453.0,1000000.0
OnTrack Diabetes,MEDICAL,4.3,6079.0,500000.0
Blur Image Background,PHOTOGRAPHY,3.9,129268.0,10000000.0
ALL-IN-ONE PACKAGE TRACKING,PRODUCTIVITY,4.7,167406.0,1000000.0
Survival Run with Bear Grylls,GAME,4.2,128579.0,5000000.0
VIP Backgammon Free : Play Backgammon Online,GAME,4.1,389.0,10000.0
Grabo.bg,SHOPPING,4.6,8175.0,100000.0
BusyBox Pro,TOOLS,4.7,8114.0,100000.0
GEM™,TOOLS,4.3,6.0,500.0
Diabetes Connect,MEDICAL,4.5,4027.0,100000.0
B&H Photo Video Pro Audio,SHOPPING,4.6,17180.0,1000000.0
BH by Kinomap,HEALTH_AND_FITNESS,2.9,141.0,10000.0
BH Cosmetics,BEAUTY,4.0,2.0,1000.0
BH Bikes Premium,SPORTS,3.0,26.0,1000.0
B&H Kids AR,BOOKS_AND_REFERENCE,3.9,286.0,10000.0
BH Bikes GPS Locator,SPORTS,4.193338315362443,0.0,10.0
BH Patrole,AUTO_AND_VEHICLES,4.8,27.0,500.0
CINEMA.BH,FAMILY,3.9,11.0,1000.0
DSLR Photography Training apps,PHOTOGRAPHY,4.0,675.0,100000.0
Radio Belo Horizonte,FAMILY,4.193338315362443,0.0,10.0
BH Online,FINANCE,4.193338315362443,0.0,10.0
Belo Horizonte Map offline,TRAVEL_AND_LOCAL,4.193338315362443,11.0,1000.0
Bh Public School,FAMILY,5.0,2.0,10.0
BH Mission Playbook,TRAVEL_AND_LOCAL,4.193338315362443,0.0,100.0
BH INVEST,FINANCE,4.193338315362443,7.0,500.0
Comunidad BH,FAMILY,4.193338315362443,23.0,1000.0
VIVA BH,TOOLS,4.0,2055.0,100000.0
Discípulos em BH,SOCIAL,4.193338315362443,24.0,100.0
Barbers.BH,LIFESTYLE,5.0,2.0,10.0
BH - Fitness & Nutrition,HEALTH_AND_FITNESS,4.193338315362443,0.0,1.0
Lexus Tech BH Service Pro,LIFESTYLE,4.193338315362443,0.0,10.0
Photo Editor - BPhoto,PHOTOGRAPHY,4.5,42.0,1000.0
BH Challenge - Museum of the Jewish People,FAMILY,4.8,12.0,1000.0
B'H BURGER HEIM,LIFESTYLE,4.193338315362443,0.0,10.0
B y H Niños ES,BOOKS_AND_REFERENCE,4.6,53.0,5000.0
ZUL - Rotativo Digital BH,AUTO_AND_VEHICLES,4.2,29.0,10000.0
Coomotaxi BH,BUSINESS,4.193338315362443,94.0,5000.0
BH Mail,COMMUNICATION,3.4,7.0,1000.0
FitConsole,HEALTH_AND_FITNESS,2.6,219.0,50000.0
Run on Earth,HEALTH_AND_FITNESS,2.4,577.0,50000.0
BH Rocking,TRAVEL_AND_LOCAL,4.193338315362443,13.0,100.0
Newegg Mobile,SHOPPING,4.5,35479.0,1000000.0
Battleheart Legacy,FAMILY,4.6,7420.0,50000.0
Treadmill Workouts Free (P),HEALTH_AND_FITNESS,3.3,10.0,1000.0
ZiraatBank BH,FINANCE,4.1,58.0,10000.0
Digital Tourist BH Itinerary,TRAVEL_AND_LOCAL,4.6,19.0,500.0
BH Táxi,BUSINESS,3.9,91.0,5000.0
BH Connect,SOCIAL,4.193338315362443,0.0,1.0
Out of Bounds BH Demo,GAME,4.193338315362443,3.0,10.0
EduNAV.BH,FAMILY,4.193338315362443,3.0,50.0
BH Açaí,FOOD_AND_DRINK,4.193338315362443,3.0,100.0
BH Recepti,FOOD_AND_DRINK,4.193338315362443,3.0,500.0
Bi en Línea,FINANCE,4.0,5055.0,100000.0
Gayvox - Gay Lesbian Bi Dating,SOCIAL,3.4,3640.0,500000.0
Microsoft Power BI–Business data analytics,BUSINESS,4.5,1819.0,100000.0
BI Mobile Banking,FINANCE,4.0,180.0,10000.0
BI News,NEWS_AND_MAGAZINES,5.0,22.0,1000.0
BI SmartLINK,BUSINESS,3.6,16.0,5000.0
BI-LO,LIFESTYLE,3.5,43.0,10000.0
Bitmoji – Your Personal Emoji,FAMILY,4.6,2312084.0,100000000.0
Sisense Mobile BI,BUSINESS,4.9,23.0,1000.0
"Starg - Gay, Same Sex, Bi",DATING,3.7,66.0,10000.0
Propel BI APP,BUSINESS,5.0,3.0,100.0
BI Office,BUSINESS,4.0,76.0,10000.0
BI-LO Rx,LIFESTYLE,3.9,77.0,10000.0
BI APP,FINANCE,5.0,2.0,100.0
Oracle BI Mobile,BUSINESS,4.0,282.0,10000.0
Bi-Tank Ads Free,GAME,4.193338315362443,0.0,1.0
bi-Cube Mobile Token,TOOLS,4.193338315362443,5.0,1000.0
Business Intelligence & Data,FAMILY,4.9,7.0,1000.0
BI Mobile,FINANCE,4.4,337.0,10000.0
Grindr - Gay chat,SOCIAL,3.6,284795.0,10000000.0
Zoho Reports - Mobile BI,BUSINESS,4.7,45.0,5000.0
Power BI Ultimate Orientation,FAMILY,4.3,12.0,5000.0
Pool Billiards Classic - bi a,SPORTS,3.9,5644.0,1000000.0
Lesbian Chat & Dating - SPICY,SOCIAL,4.5,63765.0,1000000.0
"Moco - Chat, Meet People",DATING,4.2,313769.0,10000000.0
Bi-Tank,GAME,4.6,12.0,50.0
Hot or Not - Find someone right now,DATING,4.1,305737.0,10000000.0
happn – Local dating app,LIFESTYLE,4.3,1118201.0,10000000.0
Dictionary.com: Find Definitions for English Words,BOOKS_AND_REFERENCE,4.6,899010.0,10000000.0
MinT BI,PRODUCTIVITY,4.193338315362443,0.0,10.0
BI Barcode Scanner,PRODUCTIVITY,4.193338315362443,0.0,10.0
MeetMe: Chat & Meet New People,SOCIAL,4.2,1259723.0,50000000.0
TED,FAMILY,4.6,181961.0,10000000.0
"Learn English Vocabulary - 6,000 Words",FAMILY,4.5,205914.0,10000000.0
English Dictionary - Offline,BOOKS_AND_REFERENCE,4.4,341234.0,10000000.0
Zalo – Video Call,COMMUNICATION,4.2,1042170.0,50000000.0
Bible KJV,BOOKS_AND_REFERENCE,4.5,42729.0,5000000.0
All Language Translator,TOOLS,4.0,29944.0,5000000.0
Bike Rivals,GAME,4.2,212067.0,10000000.0
Bingo Party - Free Bingo Games,GAME,4.7,155694.0,1000000.0
OkCupid Dating,DATING,4.1,285838.0,10000000.0
Little Big City 2,FAMILY,4.4,344383.0,10000000.0
"Mint: Budget, Bills, Finance",FINANCE,4.3,129305.0,5000000.0
English Grammar Test,FAMILY,4.6,104676.0,5000000.0
BJ's Wholesale Club,SHOPPING,4.2,4099.0,100000.0
BJ’s Mobile App,SHOPPING,4.0,4722.0,500000.0
BJ's Express Scan,SHOPPING,2.3,69.0,10000.0
BJ's Bingo & Gaming Casino,GAME,4.5,501.0,10000.0
BJ-UFO,FAMILY,3.6,226.0,50000.0
BJ Bridge Pro 2018,GAME,4.4,17.0,500.0
BJ Bridge Free (2018),GAME,3.9,20.0,10000.0
BJ & Jamie,FAMILY,3.9,13.0,100.0
The Daily BJ,HEALTH_AND_FITNESS,4.8,38.0,500.0
BJ-FPV,FAMILY,4.2,16.0,1000.0
BJ Bridge Acol Beginner 2018,GAME,3.7,11.0,5000.0
BJ Memo Widget,PRODUCTIVITY,4.0,616.0,50000.0
BJ Grand Salon Mobile App,BEAUTY,4.193338315362443,1.0,100.0
BJ Bridge Standard American 2018,GAME,1.0,1.0,1000.0
BJ Strategy Tester,GAME,4.193338315362443,1.0,100.0
Eating Show - Food BJ,FAMILY,4.4,103.0,10000.0
Cards Casino:Video Poker & BJ,GAME,4.7,325.0,10000.0
DJ Music Pad,FAMILY,3.6,35121.0,5000000.0
BJ-DRONE,FAMILY,4.193338315362443,1.0,100.0
"Real Casino:Slot,Keno,BJ,Poker",GAME,4.1,341.0,50000.0
AfreecaTV,VIDEO_PLAYERS,3.3,381023.0,10000000.0
BJ - Confidential,COMMUNICATION,4.193338315362443,0.0,10.0
Basic Strategy Training BJ 21,GAME,4.193338315362443,0.0,500.0
HON. B.J. ACS COLLEGE ALE,FAMILY,5.0,3.0,100.0
One Launcher,PERSONALIZATION,4.3,26601.0,1000000.0
BJ Toys,SHOPPING,4.7,55.0,500.0
Alumni BJ,SOCIAL,4.193338315362443,2.0,100.0
"뽕티비 - 개인방송, 인터넷방송, BJ방송",VIDEO_PLAYERS,4.193338315362443,414.0,100000.0
BJ card game blackjack,GAME,4.193338315362443,3.0,500.0
BMH-BJ Congregation,LIFESTYLE,4.193338315362443,0.0,10.0
BJ's Community SoundBoard,FAMILY,4.193338315362443,0.0,5.0
Real DJ Simulator,FAMILY,4.0,68664.0,10000000.0
BJ TIKET,BUSINESS,4.193338315362443,3.0,10.0
BLACKJACK!,GAME,4.4,524467.0,10000000.0
Blackjack Verite Drills,GAME,4.6,17.0,100.0
BJ Foods,BUSINESS,5.0,3.0,10.0
Blackjack,GAME,4.3,52199.0,1000000.0
3D DJ – DJ Mixer 2018,FAMILY,4.3,6333.0,1000000.0
BJ Adams,BUSINESS,4.193338315362443,1.0,5.0
Phonics Puzzles,FAMILY,3.8,4.0,100.0
Spider grinder in screen funny,FAMILY,4.1,956.0,100000.0
BJJ Roadmap by Stephan Kesting,SPORTS,4.6,969.0,10000.0
KISW 99.9 FM SEATTLE,FAMILY,4.0,1469.0,100000.0
BlackJack -21 Casino Card Game,GAME,4.7,2066.0,100000.0
Metal Detector Pro 2015,TOOLS,3.6,1166.0,100000.0
BlackJack 21 Pro,GAME,4.5,26744.0,500000.0
24 megapixel hd camera,PHOTOGRAPHY,4.0,802.0,100000.0
Ultimate BlackJack 3D FREE,GAME,4.1,1686.0,100000.0
BURGER KING® App,LIFESTYLE,4.0,41747.0,5000000.0
BURGER KING® MOBILE APP,LIFESTYLE,3.8,19221.0,5000000.0
BK Chat,COMMUNICATION,4.193338315362443,6.0,1000.0
BURGER KING® Puerto Rico,FOOD_AND_DRINK,4.5,2448.0,100000.0
Free Coupons for Burger King,LIFESTYLE,2.8,17.0,5000.0
BK Manager,NEWS_AND_MAGAZINES,4.193338315362443,19.0,5000.0
Power Widget,TOOLS,4.2,928.0,10000.0
BK Murli Offline April 2017,LIFESTYLE,4.8,33.0,5000.0
Read it easy for BK,LIFESTYLE,5.0,1.0,50.0
BK Video Status,FAMILY,5.0,13.0,100.0
bk Group Mobile,BUSINESS,4.193338315362443,1.0,50.0
SLANGY-Perfect BK World Theme,PERSONALIZATION,4.193338315362443,1.0,50.0
BK Formula Calculator 2,TOOLS,4.193338315362443,4.0,100.0
Service Disabler,TOOLS,4.3,534.0,100000.0
BK Photography,PHOTOGRAPHY,4.3,20.0,1000.0
Keyboard Theme Dusk BK Purple,PERSONALIZATION,4.5,248.0,10000.0
Coupons for Burger King,FOOD_AND_DRINK,4.5,41.0,500.0
BK Formula Calculator,TOOLS,5.0,6.0,100.0
VK,SOCIAL,3.8,5793284.0,100000000.0
Korean English Translator,FAMILY,4.4,634.0,100000.0
Dr Bk Sachin bhai,LIFESTYLE,5.0,19.0,1000.0
Audio Murli Glossary For BK,FAMILY,4.7,39.0,1000.0
SKIN BK,PRODUCTIVITY,4.193338315362443,0.0,10.0
BK Traffic Control cum Chart,SOCIAL,4.7,549.0,10000.0
Hungry Girl Diet Bk. Companion,HEALTH_AND_FITNESS,2.2,4.0,1000.0
Daily Murli Saar Widget,SOCIAL,4.6,308.0,10000.0
BK Suraj bhai,LIFESTYLE,4.6,9.0,1000.0
BK Shivani Videos,LIFESTYLE,4.7,29.0,1000.0
BK News Channel,VIDEO_PLAYERS,4.6,277.0,10000.0
BK Dinos,FAMILY,4.4,30.0,5000.0
Make a burger king,FAMILY,3.8,125.0,10000.0
King Burger Dash,FAMILY,3.6,445.0,50000.0
Official Madhuban Murli,LIFESTYLE,4.9,301.0,10000.0
Baba Yaad Hai?(BK's),FAMILY,4.8,160.0,10000.0
Bk Bee Sales Manager,BUSINESS,4.193338315362443,0.0,5.0
Burger King Foot Lettuce,FAMILY,4.4,150.0,10000.0
BK Arogyam Task Track,BUSINESS,5.0,8.0,100.0
BK murli today (Mobile Murli) - Gyan,FAMILY,4.8,100.0,5000.0
Capital Bk Mobile Business Dep,FINANCE,4.193338315362443,1.0,100.0
BK Travel Solutions,EVENTS,4.193338315362443,1.0,100.0
BK Murli Dictionary (H to E),FAMILY,4.6,106.0,10000.0
Bk Usha behn,LIFESTYLE,5.0,10.0,1000.0
BkEmu - BK-0010/11M emulator,FAMILY,4.6,222.0,10000.0
BK Gold App,FINANCE,5.0,4.0,50.0
Of the wall Arapaho bk,COMMUNICATION,4.193338315362443,0.0,5.0
Burger King Italia,LIFESTYLE,4.0,4160.0,500000.0
Red Embrace (BL/Yaoi Game),FAMILY,4.3,616.0,10000.0
Blood Domination - BL Game,GAME,4.5,415.0,10000.0
Yaoi Ooku: Distorted Love,FAMILY,4.0,2614.0,100000.0
Yaoi Novels - Shounen ai Book&fiction,FAMILY,3.2,304.0,10000.0
Cerulean Heart,FAMILY,4.6,2683.0,10000.0
BL 女性向け恋愛ゲーム◆俺プリクロス,FAMILY,4.2,3379.0,100000.0
WebComics,COMICS,4.8,33783.0,1000000.0
Lezhin Comics - Daily Releases,COMICS,3.0,28447.0,1000000.0
Heirs & Graces,GAME,4.3,125.0,5000.0
BL Driver,MAPS_AND_NAVIGATION,3.9,230.0,10000.0
Daily Manga - Comic & Webtoon,COMICS,3.2,1462.0,100000.0
Gaydorado,FAMILY,3.9,8419.0,100000.0
Chess of Blades (BL/Yaoi Game) (No VA),FAMILY,4.8,4.0,10.0
TappyToon Comics & Webtoons,COMICS,3.5,4205.0,100000.0
SecondSecret ‐「恋を読む」BLノベルゲーム‐,GAME,4.4,1563.0,50000.0
Lust in Terror Manor - The Truth Unveiled | Otome,GAME,4.1,355.0,10000.0
BL 女性向け恋愛ゲーム◆ごくメン,FAMILY,4.2,1901.0,100000.0
あなカレ【BL】無料ゲーム,FAMILY,4.7,6073.0,100000.0
K-Rain BL,TOOLS,4.0,9.0,1000.0
감성학원 BL 첫사랑,COMICS,4.4,190.0,10000.0
Chess of Blades (Demo),FAMILY,4.2,45.0,1000.0
BL Flowers Digital,SHOPPING,5.0,21.0,100.0
BL 1-Click Camera - Free,PHOTOGRAPHY,3.5,52.0,10000.0
Manga Books,COMICS,3.8,7326.0,500000.0
BL 1-Click Camera,PHOTOGRAPHY,4.193338315362443,4.0,100.0
OTOME of Ikemen cafe,FAMILY,4.5,1318.0,50000.0
BL info,TRAVEL_AND_LOCAL,4.1,98.0,5000.0
BL File Explorer,TOOLS,4.193338315362443,1.0,50.0
BL IP-Camera,TOOLS,4.3,15.0,100.0
BL Carrier,BUSINESS,4.193338315362443,0.0,10.0
Skill Tree - BL Pre Sequel,FAMILY,4.3,855.0,10000.0
BL Holo Theme,PERSONALIZATION,4.4,18.0,500.0
BL Portfolio,PHOTOGRAPHY,4.193338315362443,4.0,100.0
Skywatch BL,WEATHER,4.193338315362443,15.0,1000.0
B-L Animal Hospital,MEDICAL,4.193338315362443,1.0,100.0
BL Banking DES,FINANCE,4.193338315362443,3.0,100.0
BL ONLINE PERSONAL TRAINING,HEALTH_AND_FITNESS,4.193338315362443,0.0,5.0
BL Community Icon Pack,PERSONALIZATION,4.0,289.0,10000.0
BL Mobile Banking,FINANCE,4.3,23.0,1000.0
MEGA MAN MOBILE,GAME,4.0,267.0,10000.0
BL Taxi,MAPS_AND_NAVIGATION,4.9,124.0,1000.0
BL!TZ - Endless,GAME,4.7,21.0,100.0
AC-BL,COMMUNICATION,4.193338315362443,0.0,50.0
BL-ED: From BLUE to RED,GAME,4.193338315362443,3.0,10.0
B L Enterprises,FINANCE,4.193338315362443,2.0,10.0
BL PowerPoint Remote,TOOLS,4.3,33.0,500.0
BL Kennedy Theme,PERSONALIZATION,4.2,279.0,10000.0
Teen Patti by BL Games,GAME,4.1,496.0,100000.0
BBM - Free Calls & Messages,COMMUNICATION,4.3,12843436.0,100000000.0
BeyondMenu Food Delivery,FOOD_AND_DRINK,4.7,51543.0,1000000.0
bm offers,LIFESTYLE,3.2,320.0,50000.0
B.M.Snowboard Free,SPORTS,3.9,9765.0,1000000.0
BM Wallet,FINANCE,4.2,798.0,50000.0
BM Online OEC Verification,TOOLS,4.1,783.0,100000.0
Business Mitra (BM),BUSINESS,4.9,13.0,100.0
Bm,FAMILY,4.193338315362443,1.0,100.0
Basket Manager 2018 Pro,SPORTS,3.7,84.0,1000.0
bm Wallet,FINANCE,3.5,196.0,10000.0
BatControl Pro,TOOLS,4.9,83.0,500.0
Myjob@BM,SOCIAL,4.193338315362443,1.0,100.0
DMR BrandMeister Tool,COMMUNICATION,3.3,78.0,10000.0
"Borneo Bible, BM Bible",BOOKS_AND_REFERENCE,4.9,659.0,10000.0
Basket Manager 2018 Free,SPORTS,3.4,1520.0,50000.0
MOD Black for BM,BOOKS_AND_REFERENCE,4.193338315362443,2.0,100.0
Basket Manager 2017 Free,SPORTS,4.5,2710.0,100000.0
BM Box,BOOKS_AND_REFERENCE,4.3,28.0,1000.0
BM SPM Practice,FAMILY,5.0,6.0,1000.0
BM FlexCheck,AUTO_AND_VEHICLES,3.5,2.0,100.0
TuenMun BM,TOOLS,4.193338315362443,6.0,1000.0
bm-Events,SOCIAL,4.193338315362443,0.0,10.0
Poop Tracker - Toilet Log,HEALTH_AND_FITNESS,4.4,622.0,10000.0
B&M Stores,SHOPPING,3.7,192.0,100000.0
BM CRM,SHOPPING,4.193338315362443,0.0,5.0
Mobilight-BM,FINANCE,4.8,6.0,500.0
iFORA BM,MEDICAL,4.193338315362443,3.0,100.0
Basket Manager 2016 Free,SPORTS,4.3,1879.0,100000.0
BM Pharmacy,HEALTH_AND_FITNESS,4.9,42.0,1000.0
postit.bm,SHOPPING,4.193338315362443,1.0,500.0
orderin.bm,FOOD_AND_DRINK,4.193338315362443,0.0,1.0
BM Assets,FINANCE,4.193338315362443,6.0,500.0
BM Interventi,PRODUCTIVITY,4.193338315362443,2.0,10.0
BM Tahmin: Ücretsiz İddaa Tahminleri,SPORTS,4.193338315362443,7.0,500.0
RIV-BM FPV,FAMILY,4.193338315362443,0.0,10.0
BM Physiotherapy Clinic,HEALTH_AND_FITNESS,5.0,3.0,100.0
BBMoji - Your personalized BBM Stickers,COMMUNICATION,4.3,8827.0,1000000.0
Dormi - Baby Monitor,PARENTING,4.3,11760.0,1000000.0
På sporet ABC (BM),FAMILY,4.193338315362443,2.0,1000.0
BAMMS for BM 1Park,PRODUCTIVITY,4.193338315362443,7.0,50.0
Bet Master Pro Soccer Predictions,SPORTS,4.4,328.0,10000.0
MbH BM,MEDICAL,1.0,1.0,100.0
Basket Manager 2016 Pro,SPORTS,4.5,117.0,1000.0
Anime Mod for BM,BOOKS_AND_REFERENCE,4.193338315362443,0.0,100.0
BAMMS for BM SQ,PRODUCTIVITY,4.0,2.0,10.0
BM speed test,TOOLS,5.0,1.0,10.0
Word Hunt,GAME,4.9,59.0,500.0
Basket Manager 2017 Pro,SPORTS,4.7,163.0,1000.0
NOOK: Read eBooks & Magazines,BOOKS_AND_REFERENCE,4.5,155466.0,10000000.0
BN Más Cerca de Usted,FINANCE,3.9,8185.0,500000.0
Radio BN,FAMILY,4.193338315362443,53.0,5000.0
My College Bookstore,SHOPPING,3.2,661.0,100000.0
NOOK Audiobooks,BOOKS_AND_REFERENCE,3.5,2539.0,500000.0
BN PERKS™,LIFESTYLE,4.193338315362443,0.0,100.0
BNCR Token Celular,FINANCE,3.7,913.0,100000.0
BN Mi Banco,BUSINESS,3.0,597.0,100000.0
BN Pro BlueICS-b HD Text,LIBRARIES_AND_DEMO,4.2,78.0,10000.0
BN Whitening Shoppe Ph,BEAUTY,4.0,2.0,100.0
BN Pro ArialXL Legacy Text,LIBRARIES_AND_DEMO,4.1,142.0,10000.0
Sam.BN Pro,TOOLS,4.193338315362443,11.0,10.0
NOOK App for NOOK Devices,BOOKS_AND_REFERENCE,4.7,19090.0,500000.0
BN Pro PercentXL-b Neon HD Txt,LIBRARIES_AND_DEMO,4.0,45.0,5000.0
BN Bank Mobilbank,FINANCE,3.1,72.0,10000.0
BN Pro Play-b HD Text,LIBRARIES_AND_DEMO,4.4,34.0,1000.0
[BN] Blitz,SPORTS,3.2,4.0,100.0
BN Pro LcdD Legacy Text,LIBRARIES_AND_DEMO,3.9,71.0,10000.0
BN Pro RobotoXL-b HD Text,LIBRARIES_AND_DEMO,4.2,86.0,10000.0
Browsery by Barnes & Noble,BOOKS_AND_REFERENCE,4.7,146.0,5000.0
BN Pro ArialXL-b HD Text,LIBRARIES_AND_DEMO,4.0,24.0,1000.0
2017 BN SM Sales Conference,BUSINESS,4.193338315362443,2.0,100.0
BN Inscript Improved Input keyboard,PRODUCTIVITY,4.193338315362443,0.0,10.0
BN Pro Percent White HD Text,LIBRARIES_AND_DEMO,4.0,45.0,5000.0
RTVBN,NEWS_AND_MAGAZINES,3.7,533.0,50000.0
BN Pro White HD Text,LIBRARIES_AND_DEMO,4.1,120.0,10000.0
BN Pro Roboto-b Neon HD Text,LIBRARIES_AND_DEMO,4.4,30.0,5000.0
BN Pro LcdD HD Text,LIBRARIES_AND_DEMO,4.0,50.0,5000.0
BN Pro LcdD-b HD Text,LIBRARIES_AND_DEMO,3.9,131.0,10000.0
BN Pro Solid Battery-White,LIBRARIES_AND_DEMO,3.6,7.0,1000.0
BN Pro Battery Level-White,LIBRARIES_AND_DEMO,4.193338315362443,21.0,5000.0
BN MALLORCA Radio,COMMUNICATION,4.193338315362443,23.0,1000.0
"Calendars (En, Bn, Ar)",PRODUCTIVITY,4.6,27.0,1000.0
BN Habitat - Property Experts - Buy | Sell | Rent,BUSINESS,4.193338315362443,0.0,50.0
BN Pro Play HD Text,LIBRARIES_AND_DEMO,4.4,63.0,5000.0
Yuzu eReader,FAMILY,1.9,250.0,50000.0
BN Pro RobotoXL HD Text,LIBRARIES_AND_DEMO,4.3,15.0,1000.0
New York Mysteries (Full),GAME,4.5,514.0,5000.0
BN Pro ArialXL-b Neon HD Text,LIBRARIES_AND_DEMO,4.1,66.0,10000.0
BN Pro Black Text,LIBRARIES_AND_DEMO,3.8,18.0,1000.0
BN Pro BlueICS HD Text,LIBRARIES_AND_DEMO,4.1,174.0,10000.0
The Legacy (Full),GAME,4.6,144.0,1000.0
BN Pro Arial Legacy Text,LIBRARIES_AND_DEMO,3.7,83.0,10000.0
BN Pro Black Text on White,LIBRARIES_AND_DEMO,3.9,53.0,10000.0
BN Pro White Text,LIBRARIES_AND_DEMO,4.4,50.0,5000.0
Sam.BN,TOOLS,4.193338315362443,83.0,1000.0
Bangla Calendar 1425: (EN-BN-AR) Holiday,LIFESTYLE,4.5,31.0,1000.0
BN DB1 App,PRODUCTIVITY,4.193338315362443,2.0,50.0
BN Inscript Improved Keyboard,PRODUCTIVITY,4.193338315362443,0.0,10.0
Badoo - Free Chat & Dating App,SOCIAL,4.3,3781467.0,100000000.0
Skip-Bo™,GAME,4.4,33661.0,100000.0
Skip-Bo™ Free,GAME,3.5,46801.0,1000000.0
Beck & Bo: Toddler First Words,FAMILY,4.3,41.0,1000.0
Bubble Bo-Bo,FAMILY,4.5,65.0,10000.0
Boom Beach,FAMILY,4.5,5591653.0,50000000.0
Red Ball 4,GAME,4.4,1432447.0,50000000.0
Bo's Bedtime Story,FAMILY,4.2,13.0,1000.0
Skater Boy,GAME,4.3,1167143.0,100000000.0
Sic Bo,GAME,4.193338315362443,1.0,100.0
FX LITE BO,FINANCE,3.6,73.0,10000.0
Casual Sic Bo (骰寶),FAMILY,4.0,3.0,500.0
Sic Bo Online! Free Casino,GAME,3.8,488.0,100000.0
Dr.Dice - Sic bo analyzer,FAMILY,4.193338315362443,2.0,10.0
Bo's Matching Game,FAMILY,4.193338315362443,3.0,1000.0
Hambo,GAME,4.4,125578.0,5000000.0
HBO GO: Stream with TV Package,FAMILY,3.8,87734.0,10000000.0
Sic Bo Rave,GAME,3.9,164.0,10000.0
Thai Sic Bo,GAME,4.1,14283.0,1000000.0
Bo's Dinnertime Story,FAMILY,4.3,6.0,1000.0
BOO! - Next Generation Messenger,SOCIAL,3.5,20675.0,1000000.0
Socle Commun BO du 23-04-2015,LIBRARIES_AND_DEMO,4.193338315362443,4.0,100.0
Wishbone - Compare Anything,SOCIAL,4.3,51569.0,1000000.0
Bee.Bo,LIFESTYLE,4.193338315362443,11.0,1000.0
Bo's School Day,FAMILY,4.7,10.0,1000.0
Bounce Classic,GAME,4.5,38297.0,10000000.0
Habbo - Virtual World,FAMILY,3.8,159398.0,5000000.0
Bomber Friends,GAME,4.5,776730.0,10000000.0
Sic Bo (Tai Xiu) - Multiplayer Casino,GAME,4.2,152.0,10000.0
Power Spheres by BoBoiBoy,FAMILY,4.3,70903.0,5000000.0
Bo Aung Din,EVENTS,4.1,110.0,5000.0
No Crop & Square for Instagram,PHOTOGRAPHY,4.6,819694.0,10000000.0
Township,FAMILY,4.6,4451317.0,50000000.0
Hungry Shark World,GAME,4.5,1243017.0,50000000.0
Go-Go-Goat! Free Game,FAMILY,4.5,66740.0,1000000.0
BPme - Mobile Fuel Payment & BP Driver Rewards app,TRAVEL_AND_LOCAL,3.0,69.0,10000.0
My BP Lab,HEALTH_AND_FITNESS,2.6,186.0,10000.0
BP World Energy,BUSINESS,3.4,25.0,10000.0
BP and Sugar Test Prank,LIFESTYLE,4.0,7808.0,1000000.0
Blood Pressure Log - MyDiary,MEDICAL,4.7,8347.0,500000.0
iFORA BP,MEDICAL,3.4,18.0,1000.0
MbH BP,MEDICAL,3.7,9.0,1000.0
Cardio Journal — Blood Pressure Log,MEDICAL,4.5,3320.0,100000.0
Blood Pressure Info,FAMILY,3.9,174423.0,10000000.0
Monitor My BP,HEALTH_AND_FITNESS,4.193338315362443,0.0,50.0
MedM Blood Pressure,MEDICAL,4.0,255.0,10000.0
"Diabetes, Blood Pressure, Health Tracker App",MEDICAL,4.5,309.0,10000.0
Blood Pressure(BP) Report Lite,MEDICAL,4.0,91.0,10000.0
bp e-store,BOOKS_AND_REFERENCE,4.4,52.0,1000.0
Wireless BP,MEDICAL,1.8,30.0,500.0
BP Tracker,HEALTH_AND_FITNESS,4.3,12.0,1000.0
BP Log lite,LIFESTYLE,5.0,3.0,100.0
MI-BP,HEALTH_AND_FITNESS,5.0,1.0,50.0
BP Service,BUSINESS,4.193338315362443,0.0,100.0
BP-Tech,FAMILY,3.2,12.0,1000.0
Blood Pressure Log - bpresso.com,MEDICAL,4.2,5661.0,500000.0
Blood Pressure Diary,FAMILY,4.6,47.0,5000.0
High Blood Pressure,MEDICAL,3.8,4.0,1000.0
Simple Blood Pressure log,MEDICAL,3.9,31.0,1000.0
BP Tracker-Symptoms & Solution,MEDICAL,4.2,34.0,1000.0
Compas BP Store,SHOPPING,4.193338315362443,0.0,10.0
Blood Pressure Tracker,MEDICAL,4.0,11.0,1000.0
Hypertension Hi blood pressure,MEDICAL,3.8,292.0,100000.0
BP Scanner Prank,FAMILY,4.1,157.0,50000.0
Deep Breathe BP,HEALTH_AND_FITNESS,3.9,26.0,1000.0
bpresso PRO,MEDICAL,4.4,515.0,1000.0
BP Toolbox,HEALTH_AND_FITNESS,2.1,32.0,1000.0
bp Magazine for Bipolar,LIFESTYLE,1.8,5.0,1000.0
Blood Pressure - Heartcare,MEDICAL,4.2,70.0,10000.0
UM BP Track,MEDICAL,2.0,1.0,50.0
BP Assist,TOOLS,4.193338315362443,0.0,100.0
BP Fitness Lead Scanner,EVENTS,4.193338315362443,0.0,1.0
Blood pressure,HEALTH_AND_FITNESS,3.4,2256.0,500000.0
High Blood Pressure Symptoms,MEDICAL,4.3,46.0,10000.0
BQ Camera,PHOTOGRAPHY,3.6,2526.0,1000000.0
BQ Services,TOOLS,3.7,5004.0,1000000.0
BQ-መጽሐፍ ቅዱሳዊ ጥያቄዎች,GAME,4.7,191.0,5000.0
"Brilliant Quotes: Life, Love, Family & Motivation",BOOKS_AND_REFERENCE,4.5,67186.0,1000000.0
BQ Scan,TOOLS,4.6,18.0,100.0
Add-On: bq (a),PRODUCTIVITY,3.6,26.0,5000.0
BQ Partners,COMMUNICATION,4.193338315362443,0.0,1000.0
gardening ideas flower diy,HOUSE_AND_HOME,4.193338315362443,0.0,100.0
Software Update,TOOLS,4.4,8259.0,1000000.0
RoboPad,FAMILY,4.6,41.0,1000.0
Add-On: bq (c),PRODUCTIVITY,4.193338315362443,17.0,1000.0
BQ Llicència,SPORTS,4.193338315362443,18.0,5000.0
Wherever BQ,TRAVEL_AND_LOCAL,4.193338315362443,7.0,50.0
Bono’s Pit Bar-B-Q,FAMILY,2.3,3.0,1000.0
Add-On: bq (b),PRODUCTIVITY,4.193338315362443,9.0,1000.0
bq magazine,NEWS_AND_MAGAZINES,4.193338315362443,2.0,50.0
QR Scanner & Barcode Scanner 2018,PRODUCTIVITY,3.8,8211.0,5000000.0
Bill Miller Bar-B-Q Store Ops,BUSINESS,4.193338315362443,0.0,100.0
BQ Scanner,TOOLS,3.0,2.0,100.0
Bar-B-Q Rib House,FOOD_AND_DRINK,5.0,2.0,50.0
Gold Wallpapers,PERSONALIZATION,4.5,43.0,10000.0
[Substratum] M5 Theme,PERSONALIZATION,4.4,16.0,5000.0
Zowi App,FAMILY,4.5,516.0,50000.0
Bar-B-Q Recipes,FOOD_AND_DRINK,4.8,18.0,5000.0
System Update Free,TOOLS,4.3,3068.0,100000.0
Camera FV-5,PHOTOGRAPHY,3.8,16317.0,100000.0
Bar BQ Tonight Dublin,LIFESTYLE,4.193338315362443,0.0,50.0
Camera MX - Free Photo & Video Camera,PHOTOGRAPHY,4.3,244302.0,10000000.0
Woody's Bar-B-Q,FOOD_AND_DRINK,3.7,3.0,1000.0
Launcher Oreo 8.1,PERSONALIZATION,4.5,13466.0,500000.0
Theme for Android 7.0,PERSONALIZATION,4.193338315362443,0.0,5000.0
Free antivirus and VPN,TOOLS,4.3,27749.0,1000000.0
Jimbo's Pit Bar B-Q,FOOD_AND_DRINK,4.193338315362443,3.0,100.0
RoboPad++,FAMILY,4.4,77.0,10000.0
IKEA Store,SHOPPING,3.4,25515.0,10000000.0
Simple Gallery,TOOLS,4.5,28030.0,1000000.0
Pick-a-Paint,LIFESTYLE,1.6,242.0,50000.0
Miller's Bar B-Q,FOOD_AND_DRINK,4.193338315362443,0.0,50.0
BAR-B-Q Recipes,FOOD_AND_DRINK,4.193338315362443,0.0,100.0
Left vs Right: Brain Training,FAMILY,4.5,75719.0,5000000.0
Bar BQ Night Middlesbrough,SHOPPING,4.193338315362443,0.0,100.0
BQ Wings,FOOD_AND_DRINK,4.193338315362443,1.0,50.0
Bible Quizzer - The App for Bible Quizzers,FAMILY,4.193338315362443,0.0,100.0
Texas Bar-B-Q Rewards,FOOD_AND_DRINK,4.193338315362443,0.0,5.0
4-T's Bar-BQ & Catering,SHOPPING,4.193338315362443,0.0,10.0
"Zetup, print in one click",TOOLS,4.193338315362443,40.0,1000.0
"Bleacher Report: sports news, scores, & highlights",SPORTS,4.4,122280.0,5000000.0
Baskin-Robbins,FOOD_AND_DRINK,3.8,1103.0,100000.0
Infinity Dungeon VIP,FAMILY,4.3,21804.0,1000000.0
Carros Rebaixados BR,GAME,4.3,20691.0,1000000.0
BR,LIFESTYLE,3.0,859.0,100000.0
Bleacher Report Live,SPORTS,4.0,232.0,50000.0
Cardboard,LIBRARIES_AND_DEMO,4.2,130287.0,10000000.0
QR Code Pro,PRODUCTIVITY,4.8,5865.0,100000.0
BR Video Player,VIDEO_PLAYERS,4.0,46.0,5000.0
Br. Parking - Busy road Parking 3D 2018,FAMILY,4.5,41.0,5000.0
Br video editing,FAMILY,4.193338315362443,1.0,100.0
B R Telco FCU Mobile Banking,FINANCE,4.7,413.0,10000.0
BR Chat Bot,SOCIAL,1.9,16.0,1000.0
Br Browser,SOCIAL,4.9,29.0,500.0
TV Guide BR Gold,FAMILY,4.4,544.0,5000.0
Dr B R Ambedkar (Jai Bhim),SOCIAL,4.7,2068.0,100000.0
Tv Br News,FAMILY,4.193338315362443,4.0,100.0
Br Shafi,FAMILY,4.9,1288.0,10000.0
Dr. B.R.Ambedkar,SOCIAL,4.8,1902.0,100000.0
cronometra-br,PRODUCTIVITY,4.193338315362443,0.0,0.0
Táxi Nacional BR,MAPS_AND_NAVIGATION,4.193338315362443,88.0,5000.0
Texas HoldEm Poker Deluxe (BR),GAME,4.5,1418.0,10000.0
BR Classified,BUSINESS,4.193338315362443,0.0,50.0
Top BR Chaya Songs,FAMILY,4.193338315362443,0.0,10.0
Companion for Fortnite & Fortnite Battle Royale,FAMILY,4.6,2736.0,100000.0
Mu Mobile BR,BUSINESS,4.5,43.0,100.0
Cube BR LWP simple,PERSONALIZATION,4.193338315362443,19.0,1000.0
Brick Breaker BR,GAME,5.0,7.0,5.0
Mu Elite BR,BUSINESS,4.193338315362443,30.0,100.0
BR Series,VIDEO_PLAYERS,3.9,1016.0,50000.0
Loteria BR,FAMILY,4.193338315362443,0.0,50.0
Vidroid.com.br,NEWS_AND_MAGAZINES,4.193338315362443,49.0,5000.0
CJ - BR MEMES,COMICS,4.3,109.0,10000.0
CINE BR,VIDEO_PLAYERS,4.193338315362443,23.0,1000.0
Vlogger Go Viral - Tuber Game,FAMILY,4.8,1304467.0,10000000.0
Next Portuguese(BR) Langpack,TOOLS,4.3,1320.0,100000.0
BR Ambedkar Biography & Quotes,BOOKS_AND_REFERENCE,4.6,156.0,10000.0
B R COACHINGS,FAMILY,4.193338315362443,1.0,10.0
B. R. Ambedkar Jayanti SMS,PERSONALIZATION,4.193338315362443,0.0,500.0
Black Commando | Special Ops | FPS Shooting,GAME,4.1,1167.0,100000.0
GearBest Online Shopping,SHOPPING,4.5,245104.0,5000000.0
iPlayIT for YouTube VR Player,VIDEO_PLAYERS,4.3,5879.0,1000000.0
True Skateboarding Ride Skateboard Game Freestyle,GAME,3.8,8175.0,1000000.0
Bullshit! (Free),GAME,2.4,45.0,10000.0
BSPlayer FREE,VIDEO_PLAYERS,4.3,138337.0,10000000.0
Bullshite!,GAME,2.8,48.0,10000.0
Block Strike,GAME,4.5,947515.0,10000000.0
Loved by King Bs,FAMILY,4.6,5546.0,100000.0
BombSquad Remote,GAME,4.1,13304.0,1000000.0
BSPlayer,VIDEO_PLAYERS,4.2,4585.0,50000.0
BS CS IT & SE,FAMILY,4.6,9.0,1000.0
BSPlayer ARMv7 VFP CPU support,VIDEO_PLAYERS,4.3,9966.0,1000000.0
Marked by King Bs,FAMILY,4.6,70335.0,500000.0
COMSATS BOOK STORE FOR BS(CS),FAMILY,5.0,15.0,50.0
BS-Mobile,COMMUNICATION,5.0,1.0,50.0
BS Meter (Ad Supported),FAMILY,3.9,14.0,1000.0
BS Calendar / Patro / पात्रो,PRODUCTIVITY,4.2,218.0,50000.0
Simulator Brawl Box for BS,FAMILY,3.9,168.0,5000.0
BS Generator,FAMILY,4.2,5.0,100.0
BS Match Maker Premium,TOOLS,4.193338315362443,3.0,10.0
BS Films,FAMILY,4.193338315362443,1.0,100.0
BS Tractor,GAME,4.193338315362443,3.0,100.0
BS player remote,VIDEO_PLAYERS,3.5,54.0,10000.0
BibApp TU BS,FAMILY,4.193338315362443,16.0,1000.0
King of B.S.,FAMILY,4.0,4.0,100.0
BS Chopper,GAME,4.193338315362443,0.0,100.0
BS Play,FAMILY,3.7,56.0,5000.0
B@dL!bs Lite,GAME,3.8,10.0,1000.0
BS Battery+,TOOLS,4.3,269.0,50000.0
ATC Unico BS,COMMUNICATION,4.193338315362443,10.0,500.0
Revista BS,NEWS_AND_MAGAZINES,4.193338315362443,10.0,100.0
BS MAPS,MAPS_AND_NAVIGATION,4.5,6.0,50.0
Beauty Rental Shop,FAMILY,4.6,11480.0,100000.0
BS Where Am I,TOOLS,4.193338315362443,9.0,50.0
Bsc Agri Notes,FAMILY,4.5,301.0,10000.0
Love Signal: D-Mate,FAMILY,4.3,1895.0,50000.0
BSC IT,FAMILY,4.4,847.0,10000.0
BS TRACK CLIENT,TOOLS,4.193338315362443,0.0,10.0
Kiosko BS,NEWS_AND_MAGAZINES,4.193338315362443,55.0,1000.0
Sleeping Delivery,FAMILY,4.6,19640.0,100000.0
BS Detector - Diss 'n' Gauges,FAMILY,4.193338315362443,0.0,50.0
CABLE SIZE CALCULATOR BS 7671,TOOLS,3.9,333.0,100000.0
Corporate B.S. Generator,BUSINESS,4.193338315362443,0.0,10.0
Banco Sabadell App. Your mobile bank,FINANCE,3.9,25205.0,1000000.0
Strætó.is,MAPS_AND_NAVIGATION,3.1,742.0,100000.0
VOLT DROP CALCULATOR BS 7671,TOOLS,3.9,71.0,10000.0
BSc Ag Entrance Preparation,FAMILY,4.4,138.0,10000.0
17th Edition Cable Sizer,BOOKS_AND_REFERENCE,4.4,47.0,1000.0
Black Survival,FAMILY,4.4,48451.0,1000000.0
Black Social,SOCIAL,4.6,22.0,1000.0
BTNotification,TOOLS,3.9,15665.0,5000000.0
Little Magnet BT,TOOLS,4.6,3703.0,100000.0
BT Notifier,TOOLS,2.5,2794.0,1000000.0
Little Magnet BT Pro,TOOLS,4.6,251.0,1000.0
Bt Notifier -Smartwatch notice,TOOLS,2.8,632.0,500000.0
BT One Voice mobile access,COMMUNICATION,4.0,32.0,5000.0
BT One Mobile secure access,BUSINESS,3.4,54.0,10000.0
BT Communicator,SOCIAL,3.8,32.0,10000.0
BT One Voice anywhere,BUSINESS,4.5,80.0,10000.0
BT Find Address for Bluetooth,BUSINESS,4.8,8.0,5000.0
BT Camera,PHOTOGRAPHY,3.3,1307.0,500000.0
BT Messenger,COMMUNICATION,3.9,97.0,50000.0
BT One Phone Mobile App,COMMUNICATION,3.5,33.0,10000.0
BitTorrent®- Torrent Downloads,VIDEO_PLAYERS,4.5,641219.0,10000000.0
SW-100.tch by Callstel,COMMUNICATION,4.0,1926.0,1000000.0
BT App,NEWS_AND_MAGAZINES,4.193338315362443,24.0,1000.0
BT MeetMe with Dolby Voice,COMMUNICATION,3.6,437.0,100000.0
ProGrade BT,TOOLS,4.193338315362443,0.0,500.0
BT Share It,BUSINESS,4.7,12.0,500.0
Bluetooth Auto Connect,COMMUNICATION,3.9,20829.0,5000000.0
Wifi BT Scanner,FAMILY,5.0,2.0,500.0
Ultimate Control BT,BUSINESS,4.6,14.0,500.0
BT Controller,TOOLS,3.9,4374.0,1000000.0
BT Church,LIFESTYLE,4.9,26.0,1000.0
Mediatek SmartDevice,TOOLS,3.6,11187.0,1000000.0
LG BT Reader Plus,TOOLS,3.7,2992.0,500000.0
BT Mobile,MAPS_AND_NAVIGATION,3.9,22.0,1000.0
MagicLight BT,LIFESTYLE,2.7,135.0,10000.0
Bluetooth Control BT->uC FREE,TOOLS,3.8,67.0,10000.0
B.T.,NEWS_AND_MAGAZINES,2.8,636.0,100000.0
Autool BT-BOX,TOOLS,3.5,4.0,500.0
BT Remote (SPP) for Bluetooth,TOOLS,4.1,36.0,10000.0
BT Satmeter,TOOLS,4.193338315362443,0.0,100.0
Battery Notifier Pro BT,TOOLS,4.7,1363.0,10000.0
BT Panorama,FINANCE,4.3,34.0,5000.0
Battery Notifier BT Free,TOOLS,4.5,21979.0,1000000.0
"BT Dating -Find your match, help cupid, be social",SOCIAL,4.1,158.0,50000.0
BT (Usage Interne),LIBRARIES_AND_DEMO,4.193338315362443,3.0,100.0
BT Position Sender - Bluetooth Position Sender,TOOLS,4.193338315362443,0.0,10.0
Aegis BT,BUSINESS,4.8,16.0,500.0
OSRAM BT Control,TOOLS,4.193338315362443,2.0,1000.0
Vip视频免费看-BT磁力搜索,TOOLS,4.193338315362443,20.0,1000.0
AudioBT: BT audio GPS/SMS/Text,COMMUNICATION,3.4,198.0,50000.0
Jabbla BT,TOOLS,5.0,3.0,100.0
BT Speed,SPORTS,4.193338315362443,3.0,10.0
USB BT Wi-Fi Color Terminal Modem,TOOLS,4.193338315362443,0.0,5.0
SenseView BT Zephyr Sensor,TOOLS,4.3,37.0,5000.0
Bu the Baby Bunny - Cute pet care game,FAMILY,4.4,37122.0,1000000.0
Boston University Alumni,FAMILY,1.8,5.0,1000.0
BU Bus Tracker,MAPS_AND_NAVIGATION,4.2,57.0,10000.0
kick the buddy,GAME,3.3,294.0,10000.0
BU Bookstore,SHOPPING,4.193338315362443,2.0,1000.0
BU Study,FAMILY,5.0,7.0,10.0
BU Dental GoGoldman,TRAVEL_AND_LOCAL,4.193338315362443,0.0,100.0
Bu Hangi Uygulama ?,FAMILY,4.193338315362443,1.0,10.0
BU Questrom Launch,TRAVEL_AND_LOCAL,4.193338315362443,3.0,100.0
sustainability@BU,LIFESTYLE,4.8,10.0,1000.0
BU School of Public Health,TRAVEL_AND_LOCAL,4.193338315362443,0.0,10.0
BU Mobile,FAMILY,4.5,472.0,10000.0
Barisal University App-BU Face,FAMILY,5.0,100.0,1000.0
"Pu - Cute giant panda bear, baby pet care game",FAMILY,4.5,22167.0,1000000.0
BU Students' Rep. Council,FAMILY,4.7,38.0,500.0
On a Bu Pour Vous OBPV,LIFESTYLE,4.193338315362443,0.0,10.0
BU Calculator,FAMILY,4.6,69.0,1000.0
BU Beauty Rooms,BEAUTY,4.193338315362443,1.0,50.0
Bu Hangi Firma?,FAMILY,4.193338315362443,8.0,100.0
BU Syllabus,FAMILY,4.5,38.0,1000.0
Bu Hangi Ünlü?,GAME,4.193338315362443,1.0,10.0
Bu Nedir ?,GAME,4.193338315362443,0.0,50.0
BU Bison Nation,SPORTS,3.5,4.0,100.0
Kim Bu Youtuber?,FAMILY,4.193338315362443,11.0,1000.0
BU HANGİ ŞARKI ? - 2018,GAME,4.193338315362443,4.0,100.0
BU Library,FAMILY,3.5,4.0,1000.0
SkyTest BU/GU Lite,BUSINESS,2.9,28.0,500.0
BU Alsace,BOOKS_AND_REFERENCE,4.193338315362443,3.0,100.0
Bu Hangi Oyun ?,GAME,4.193338315362443,2.0,50.0
Catholic La Bu Zo Kam,BOOKS_AND_REFERENCE,5.0,23.0,500.0
Bu Hangi Youtuber ?,GAME,4.193338315362443,31.0,1000.0
Nedir Bu ?,GAME,4.193338315362443,0.0,10.0
Bu Hangi Film ?,FAMILY,4.193338315362443,3.0,100.0
Khrifa Hla Bu (Solfa),BOOKS_AND_REFERENCE,4.193338315362443,0.0,10.0
Kick the Buddy,GAME,4.3,1004709.0,50000000.0
Bu Hangi Dizi ?,GAME,4.193338315362443,14.0,1000.0
Kristian Hla Bu,BOOKS_AND_REFERENCE,4.8,238.0,10000.0
SA HLA BU,BOOKS_AND_REFERENCE,4.7,119.0,1000.0
Bubble Witch 2 Saga,FAMILY,4.3,2838064.0,100000000.0
Büfe BU,LIFESTYLE,4.1,14.0,100.0
BV Mobile Apps,PRODUCTIVITY,5.0,3.0,100.0
BV,COMMUNICATION,5.0,3.0,100.0
Bacterial Vaginosis,HEALTH_AND_FITNESS,4.193338315362443,1.0,100.0
Bacterial Vaginosis 🇺🇸,HEALTH_AND_FITNESS,4.193338315362443,1.0,500.0
Bacterial Vaginosis Symptoms & Treatment,MEDICAL,4.193338315362443,0.0,500.0
Bacteria Vaginosis,HEALTH_AND_FITNESS,4.0,4015.0,1000000.0
Hilverda De Boer B.V. App,SHOPPING,4.193338315362443,5.0,500.0
BV Smart,BUSINESS,4.3,28.0,1000.0
BV Forest,BUSINESS,4.193338315362443,0.0,100.0
Bacterial Vaginosis Symptoms,MEDICAL,4.1,698.0,100000.0
BV Sridhara Maharaj,FAMILY,5.0,8.0,100.0
BV Aventure,TRAVEL_AND_LOCAL,4.193338315362443,0.0,100.0
Bacterial vaginosis Treatment - Sexual disease,HEALTH_AND_FITNESS,5.0,2.0,500.0
BV Link,BUSINESS,4.193338315362443,10.0,100.0
Bacterial Vaginosis Treatment,MEDICAL,4.193338315362443,0.0,50.0
BV Bombers,SPORTS,4.193338315362443,0.0,100.0
Schulman B.V.,SHOPPING,4.0,6.0,100.0
BV MAAp,BUSINESS,4.193338315362443,9.0,100.0
BV Taxi - Driver,MAPS_AND_NAVIGATION,4.193338315362443,1.0,10.0
BV Taxi Sudan,MAPS_AND_NAVIGATION,3.5,8.0,10.0
van Gennip Textiles BV,LIFESTYLE,4.193338315362443,1.0,100.0
bacterial vaginosis,MEDICAL,4.193338315362443,0.0,10.0
PIO bv App,BUSINESS,4.193338315362443,2.0,10.0
Meu Cartão BV,FINANCE,4.1,15057.0,500000.0
BV Rando,TRAVEL_AND_LOCAL,4.193338315362443,0.0,100.0
Kovax Europe B.V.,BUSINESS,4.193338315362443,17.0,500.0
StartPage Private Search,LIFESTYLE,4.6,10198.0,100000.0
DHV accountancy BV,BUSINESS,4.193338315362443,0.0,10.0
BV Frankfurt inside,SPORTS,4.193338315362443,3.0,50.0
BV Teknisk App,BUSINESS,4.193338315362443,0.0,50.0
TomTom GPS Navigation Traffic,MAPS_AND_NAVIGATION,4.1,132792.0,10000000.0
Maps & GPS Navigation — OsmAnd,MAPS_AND_NAVIGATION,4.2,60820.0,5000000.0
OLX Uganda Sell Buy Cellphones,SHOPPING,4.2,4977.0,100000.0
Feel Performer,COMMUNICATION,2.2,62.0,10000.0
Smashy Road: Arena,GAME,4.3,45558.0,5000000.0
My Budget Book,FINANCE,4.7,19784.0,100000.0
VictronConnect,TOOLS,3.8,400.0,50000.0
BV Productions,BUSINESS,4.193338315362443,0.0,1.0
Allsetra B.V.,BUSINESS,4.1,15.0,1000.0
PIO bv Transport App,BUSINESS,4.193338315362443,0.0,5.0
Philips Hue,LIFESTYLE,3.1,10006.0,1000000.0
Evolution: Battle for Utopia,FAMILY,4.2,246705.0,1000000.0
Home Remedies for Bacterial Infections,HEALTH_AND_FITNESS,4.193338315362443,0.0,50.0
Best Western To Go,TRAVEL_AND_LOCAL,3.0,2719.0,100000.0
BW-Go,GAME,4.8,265.0,1000.0
BW Smart,TOOLS,3.7,50.0,5000.0
Watch Face BW Inter,PERSONALIZATION,3.1,112.0,1000.0
BW-Go Free,GAME,4.6,547.0,10000.0
BlitzWolf Shutter - BW Shutter,PHOTOGRAPHY,2.9,333.0,50000.0
Black & White Camera - Lovely BW,PHOTOGRAPHY,4.2,329.0,100000.0
BW-Joseki,GAME,4.7,705.0,10000.0
BW-DGS plugin,GAME,4.5,70.0,1000.0
BW App,LIFESTYLE,2.8,48.0,5000.0
Learn SAP BW,BOOKS_AND_REFERENCE,4.193338315362443,2.0,500.0
Next Launcher 3D Theme Stun-BW,PERSONALIZATION,4.4,2839.0,100000.0
Standard Chartered Mobile (BW),FINANCE,4.4,96.0,10000.0
BW Mobilbanking für Smartphone und Tablet,FINANCE,4.1,2048.0,100000.0
BW COMPANY FINDER,BUSINESS,4.6,48.0,1000.0
BW Taxi,MAPS_AND_NAVIGATION,3.0,67.0,5000.0
BW-GnuGo,GAME,4.1,64.0,5000.0
BW SmartLife,TOOLS,4.193338315362443,0.0,100.0
Bw Events,EVENTS,4.4,16.0,100.0
Beautiful Widgets Free,PERSONALIZATION,3.9,25035.0,1000000.0
Learn SAP BW on HANA,BOOKS_AND_REFERENCE,4.193338315362443,0.0,500.0
Analog BW - Camera filter effect foto film retouch,PHOTOGRAPHY,4.193338315362443,2.0,100.0
BW Ultra,PRODUCTIVITY,4.193338315362443,0.0,10.0
BW-IVMS,PRODUCTIVITY,4.193338315362443,0.0,100.0
HD Widgets,PERSONALIZATION,4.3,58614.0,1000000.0
BW Wallpaper,PERSONALIZATION,4.5,4.0,50.0
Skull Widget BW,PERSONALIZATION,4.5,4.0,10.0
BW Map mobile,TRAVEL_AND_LOCAL,3.6,57.0,10000.0
Bell and Wyson Camera BW Pix +,LIFESTYLE,2.0,8.0,1000.0
Best Western e-Concierge Hotel,TRAVEL_AND_LOCAL,4.0,41.0,10000.0
BlackCam Pro - B&W Camera,PHOTOGRAPHY,4.5,1376.0,100000.0
SAP BW Tutorial,FAMILY,4.0,11.0,1000.0
Kromium BW Theme for NEXT,PERSONALIZATION,4.3,1098.0,50000.0
IP address BW,PRODUCTIVITY,4.193338315362443,7.0,500.0
Color Changer Pro [root],PERSONALIZATION,4.5,69.0,1000.0
Fantasy theme dark bw black building,ART_AND_DESIGN,4.8,41.0,5000.0
Keyboard Theme Gate Flat BW,PERSONALIZATION,4.5,75.0,10000.0
BW Switch,GAME,4.193338315362443,1.0,10.0
Tutorials for SAP BW Offline,FAMILY,4.193338315362443,1.0,100.0
BL Essentials BW Icon Pack,PERSONALIZATION,4.2,17.0,1000.0
Hypocam,PHOTOGRAPHY,4.5,12572.0,1000000.0
Hitman GO,FAMILY,4.6,84114.0,500000.0
BW Fuhlenbrock,SPORTS,4.193338315362443,4.0,100.0
BW eServices,BUSINESS,4.193338315362443,1.0,10.0
B&W Photo Filter Editor,PHOTOGRAPHY,3.9,205.0,50000.0
BW t&t,PRODUCTIVITY,4.193338315362443,2.0,10.0
EBook For SAP BW ON HANA Learning Free,FAMILY,4.193338315362443,0.0,50.0
BX Memo,FAMILY,4.3,131.0,5000.0
Bixby Button Remapper - bxActions Pro / Coffee,TOOLS,3.9,319.0,10000.0
Bixby Button Remapper - bxActions,TOOLS,4.3,13064.0,1000000.0
Bitcoin BX Thailand,FINANCE,3.7,120.0,10000.0
Bx Thailand Alert (Bitcoin),FINANCE,4.7,3.0,100.0
bX Hot Articles by Ex Libris,FAMILY,4.3,42.0,5000.0
Bitcoin BX Thailand PRO,FINANCE,1.7,21.0,100.0
Bitcoin Bx (Thailand),FINANCE,4.5,101.0,10000.0
Bx-WiFi-GI,VIDEO_PLAYERS,4.193338315362443,0.0,100.0
BX Mobile TMC for SAP B1,BUSINESS,4.7,3.0,100.0
BX Thailand - Crypto Tracking & Analyse Bitcoin,FINANCE,4.193338315362443,2.0,100.0
BxPort - Bitcoin Bx (Thailand),FINANCE,5.0,4.0,50.0
Bx Access 4d,TOOLS,4.193338315362443,1.0,100.0
bX Thailand Simple Market Price and Alert,FINANCE,4.193338315362443,8.0,1000.0
QR & Barcode Scanner BX PRO,TOOLS,4.193338315362443,4.0,1000.0
BX Diff - Crypto Coins Checker,FINANCE,4.6,83.0,5000.0
bitcoin exchange bx thailand,FINANCE,2.9,19.0,5000.0
CSHS BX,FAMILY,4.193338315362443,0.0,100.0
Bitcoin & Cryptocurrency - Bx,FINANCE,4.8,11.0,1000.0
Benefit Extras Mobile App,HEALTH_AND_FITNESS,2.3,3.0,1000.0
Kick Axe Bx,HEALTH_AND_FITNESS,4.193338315362443,0.0,1.0
Car Driving Simulator Citroen,FAMILY,3.8,174.0,10000.0
LEDSHOWTW,TOOLS,4.2,5.0,500.0
C3-C4-PİCASSO-ELYSEE RACİNG,GAME,4.193338315362443,12.0,1000.0
Water Surfer Floating BMX Bicycle Rider Racing,FAMILY,4.4,551.0,100000.0
Driving Cars Simulator Citroen,GAME,4.193338315362443,3.0,100.0
RC Monster Truck - Offroad Driving Simulator,GAME,4.0,38448.0,5000000.0
Tiny Call Confirm,COMMUNICATION,4.1,22782.0,1000000.0
Casa de Bolsa Bx+ Móvil,FINANCE,3.4,5.0,500.0
Super Jabber Jump,GAME,4.3,85882.0,10000000.0
Commando Adventure Assassin,GAME,4.0,51067.0,5000000.0
Limbo PC Emulator QEMU ARM x86,TOOLS,4.2,13005.0,1000000.0
Lollipop Launcher Plus,PERSONALIZATION,4.1,131.0,1000.0
Crypto Tracker by BitScreener,FINANCE,4.7,396.0,10000.0
City Builder 2016: County Mall,FAMILY,4.2,41693.0,1000000.0
Fists For Fighting (Fx3),SPORTS,3.9,138739.0,10000000.0
Train driving simulator,FAMILY,3.8,91645.0,10000000.0
Roulette Advisor LITE,GAME,4.1,41.0,5000.0
Mini Motor Racing WRT,GAME,4.2,107497.0,1000000.0
BMX Boy Bike Stunt Rider Game,GAME,3.8,299.0,10000.0
"CoinMarketApp - CryptoCurrency Portfolio, News,ICO",FINANCE,4.7,20535.0,500000.0
Best Friends Dress Up & Makeup,FAMILY,3.7,7664.0,500000.0
World of Warriors: Duel,GAME,4.3,25952.0,500000.0
Trinomial Factoring Wizard,TOOLS,4.0,22.0,1000.0
Driving Zone,GAME,4.2,51791.0,1000000.0
Bitcoin Ticker Widget,FINANCE,4.6,25744.0,500000.0
Quadratic Equation Solver with Steps and Graphs,FAMILY,4.7,513.0,50000.0
Color by Number – New Coloring Book,GAME,4.7,142308.0,5000000.0
Car Race by Fun Games For Free,GAME,4.3,54221.0,1000000.0
Adult Color By Number Book: Number Coloring Pages,FAMILY,4.2,2231.0,500000.0
Glitter Color By Number - Glitter Number Coloring,FAMILY,3.5,1380.0,500000.0
Sandbox - Color by Number Coloring Pages,FAMILY,4.7,412744.0,10000000.0
Sandbox Art-Sandbox Color by Number Coloring Pages,FAMILY,4.7,12784.0,1000000.0
One Today by Google,LIFESTYLE,4.5,2586.0,100000.0
Art Pixel Coloring. Color by Number.,FAMILY,4.5,992.0,100000.0
Color By Number - Sandbox Pixel Coloring Book,FAMILY,4.7,24557.0,1000000.0
PixelDot - Color by Number Sandbox Pixel Art,FAMILY,4.6,16041.0,1000000.0
Slot Machines by IGG,GAME,4.6,267229.0,10000000.0
PixPanda - Color by Number Pixel Art Coloring Book,FAMILY,4.9,55723.0,1000000.0
Sandbox Number Coloring Book Art - Color By Number,FAMILY,4.2,14356.0,1000000.0
Adult Color by Number Book - Paint Mandala Pages,FAMILY,4.3,997.0,100000.0
Photo Editor by Aviary,PHOTOGRAPHY,4.4,1490722.0,50000000.0
No.Color – Color by Number,FAMILY,4.4,23474.0,5000000.0
PixBox Coloring - Color by number Sandbox,FAMILY,4.5,12293.0,1000000.0
"3D Color by Number: Voxel, Unicorn, Pixel Art 3D",FAMILY,4.3,2017.0,100000.0
Pixelmania - Color by number & create pixel art,FAMILY,4.4,3588.0,500000.0
Valentines love color by number-Pixel art coloring,FAMILY,4.4,767.0,100000.0
Rized ‼️ Color By Number & Pixel Coloring Book,FAMILY,3.0,1279.0,100000.0
Pixyfy: coloring by number coloring book,FAMILY,4.8,22290.0,500000.0
Draw Color by Number - Sandbox Pixel Art,FAMILY,4.7,34279.0,1000000.0
Project Fi by Google,TOOLS,4.6,7342.0,1000000.0
Tattoo Color By Number Draw Book Page Pixel Art,FAMILY,4.0,309.0,100000.0
SegPlay Mobile Paint by Number,FAMILY,3.7,1478.0,100000.0
Paint By Number,FAMILY,3.5,807.0,500000.0
Color by Disney,FAMILY,2.7,5706.0,500000.0
Bingo by IGG: Top Bingo+Slots!,GAME,4.7,183343.0,5000000.0
Painting By Numbers,FAMILY,4.1,213.0,50000.0
3D Color by Number with Voxels,FAMILY,4.5,5481.0,500000.0
Butterfly Pixel Art - coloring by number,FAMILY,4.6,769.0,100000.0
Best Hairstyles step by step,BEAUTY,4.5,45452.0,5000000.0
Halloween Sandbox Number Coloring- Color By Number,FAMILY,4.4,289.0,100000.0
"Fiesta by Tango - Find, Meet and Make New Friends",SOCIAL,4.3,112223.0,1000000.0
"Poly Art: Paint by Sticker, Color by Number Puzzle",FAMILY,4.4,2100.0,100000.0
"Pixel art pro-Sand box,paint by number,number draw",FAMILY,4.5,2442.0,100000.0
Color by Number: Pixel Art,FAMILY,4.6,12034.0,1000000.0
UNICORN - Color By Number & Pixel Art Coloring,FAMILY,4.7,8264.0,500000.0
FunnyPixels - Color by number Sandbox,FAMILY,4.6,1977.0,100000.0
Color By Numbers - Art Game for Kids and Adults,FAMILY,3.1,305.0,100000.0
Voxel - 3D Color by Number & Pixel Coloring Book,GAME,4.7,62561.0,1000000.0
No.Diamond – Colors by Number,FAMILY,4.6,9016.0,1000000.0
BZ Reminder,BUSINESS,4.7,41625.0,1000000.0
B.Z. Live-Ticker,NEWS_AND_MAGAZINES,4.193338315362443,114.0,10000.0
Weather BZ,WEATHER,4.4,8433.0,100000.0
BZ Reminder PRO,BUSINESS,4.8,726.0,1000.0
BZ Bingo,FAMILY,4.193338315362443,1.0,100.0
Evasion.bz,SOCIAL,4.1,8.0,100.0
BZ Berner Zeitung E-Paper,NEWS_AND_MAGAZINES,4.193338315362443,4.0,1000.0
BZ-Smart,NEWS_AND_MAGAZINES,4.3,828.0,10000.0
BZ Zombie VR,GAME,4.4,12.0,1000.0
BZ Conferencing,TOOLS,4.7,7.0,1000.0
GITZ.bz,SHOPPING,4.0,4.0,10.0
Berner Zeitung,NEWS_AND_MAGAZINES,3.4,736.0,50000.0
BZ Fingers,GAME,4.6,15.0,50.0
Dragon B.Z Wallpapers,PERSONALIZATION,4.193338315362443,0.0,10.0
bz Basellandschaftliche News,NEWS_AND_MAGAZINES,2.8,33.0,1000.0
BZ Langenthaler Tagblatt E-Paper,NEWS_AND_MAGAZINES,4.193338315362443,0.0,10.0
24/7 BZ Reis,TRAVEL_AND_LOCAL,3.1,421.0,100000.0
BZ Delivery,SHOPPING,4.193338315362443,1.0,500.0
Badische Zeitung,NEWS_AND_MAGAZINES,3.9,262.0,10000.0
Dragon BZ Wallpapers HD,PERSONALIZATION,4.193338315362443,5.0,1000.0
bz Baselland E-Paper,NEWS_AND_MAGAZINES,4.2,69.0,5000.0
BZWBK24 mobile,FINANCE,4.5,64983.0,1000000.0
BZ Dealer,PRODUCTIVITY,4.193338315362443,5.0,500.0
BZ Vesper-App,TRAVEL_AND_LOCAL,4.1,60.0,1000.0
BZ-Digital,NEWS_AND_MAGAZINES,4.193338315362443,4.0,100.0
Dragon BZ Super Wallpapers,FAMILY,4.2,12.0,1000.0
BZ Berner Oberländer,NEWS_AND_MAGAZINES,4.193338315362443,64.0,1000.0
bz Basel E-Paper,NEWS_AND_MAGAZINES,4.193338315362443,72.0,5000.0
Südtirol2Go,MAPS_AND_NAVIGATION,3.3,555.0,50000.0
TFO BZ Lessons,FAMILY,4.4,75.0,500.0
BZ Langenthaler Tagblatt,VIDEO_PLAYERS,4.193338315362443,22.0,1000.0
City Driving Jeep Mania: Parking Passion 2018,FAMILY,4.4,36.0,10000.0
Sniper Gun Shot 3D: Impossible Missions,GAME,4.6,20.0,100.0
ePN Cashback AliExpress,SHOPPING,4.4,19212.0,500000.0
Elite Commando Shooting War,GAME,4.5,14.0,100.0
Restaurantführer Südbaden,TRAVEL_AND_LOCAL,4.1,46.0,1000.0
bz Basel News,NEWS_AND_MAGAZINES,2.2,23.0,1000.0
Contractor City Construction - Heavy Logistics,FAMILY,4.2,31.0,5000.0
Park Limousine: Realistic Limo Parking Simulator,FAMILY,4.8,4.0,1000.0
Animal Hunting: Sniper Shooting,GAME,4.193338315362443,0.0,50.0
WISE- MOBILE PORTAL,TOOLS,4.193338315362443,3.0,500.0
Inwestor mobile,FINANCE,3.2,124.0,10000.0
BZ Straußenführer,TRAVEL_AND_LOCAL,4.3,291.0,10000.0
Zoosk Dating App: Meet Singles,DATING,4.0,516917.0,10000000.0
Putzmeister Experts,TOOLS,4.6,21.0,1000.0
Filmi Gaane,FAMILY,4.4,572.0,100000.0
Bubble,TOOLS,4.5,31621.0,5000000.0
iBiznes24 mobile,FINANCE,4.193338315362443,38.0,5000.0
CA Service Management,BUSINESS,3.4,91.0,10000.0
CA Mobile Authenticator,BUSINESS,4.193338315362443,9.0,1000.0
CA Latam Partners,BUSINESS,4.193338315362443,0.0,10.0
CA Mobile OTP,TOOLS,3.3,688.0,100000.0
CA Lottery Official App,FAMILY,4.2,7000.0,1000000.0
CA Technologies,FAMILY,4.193338315362443,1.0,100.0
CA Case Management,BUSINESS,2.4,16.0,500.0
CA UIM Mobile,BUSINESS,3.2,54.0,1000.0
CA Clarity Mobile Time Manager,BUSINESS,3.1,104.0,10000.0
CA Auth ID,TOOLS,3.8,39.0,10000.0
Patchcord.ca Inc. App Launcher,BUSINESS,4.193338315362443,0.0,10.0
CA Speakers Free,LIFESTYLE,4.8,74.0,5000.0
CA World '17,PRODUCTIVITY,3.7,7.0,1000.0
CA DMV,TOOLS,4.2,5463.0,1000000.0
Save.ca,SHOPPING,3.7,2094.0,100000.0
California Cop Assist CA Cop,PRODUCTIVITY,3.0,5.0,100.0
CA Laws 2018 (California Laws and Codes),BOOKS_AND_REFERENCE,3.9,56.0,5000.0
California Cameras - Traffic,TRAVEL_AND_LOCAL,4.0,305.0,10000.0
CA Speakers,LIFESTYLE,5.0,12.0,100.0
Register.ca Mobile,PRODUCTIVITY,4.193338315362443,0.0,100.0
CB Radio Chat - for friends!,COMMUNICATION,4.0,17998.0,1000000.0
Truck Chat & CB for Truckers,MAPS_AND_NAVIGATION,2.7,89.0,10000.0
CB Frequencies FREE!,TOOLS,3.1,364.0,100000.0
CB On Mobile,COMMUNICATION,4.1,901.0,100000.0
Cricbuzz - Live Cricket Scores & News,SPORTS,4.5,838738.0,50000000.0
CB Frequencies,TOOLS,4.0,5.0,100.0
Virtual Walkie Talkie,COMMUNICATION,3.8,21785.0,1000000.0
CB Outdoors,FAMILY,3.8,5.0,1000.0
Viking CB Radios,BUSINESS,4.3,6.0,1000.0
Frequencies Free,TOOLS,3.5,382.0,100000.0
CB-Mobile Banking,FINANCE,4.5,96.0,10000.0
CBRadioTab,TOOLS,3.9,127.0,50000.0
CB SMART LIFE,TOOLS,4.193338315362443,30.0,500.0
CB Bank Mobile Banking,FINANCE,4.5,1308.0,100000.0
CB Martial Arts,HEALTH_AND_FITNESS,4.193338315362443,0.0,10.0
C.B. Shop,SHOPPING,4.193338315362443,19.0,100.0
CB Underground,LIFESTYLE,3.3,3.0,500.0
CB Background - Free HD Wallpaper Images,PERSONALIZATION,4.1,4538.0,1000000.0
CB NFC Pendant,HEALTH_AND_FITNESS,4.193338315362443,0.0,50.0
WRLP CB Repeater,FAMILY,4.193338315362443,14.0,1000.0
CB Fit,HEALTH_AND_FITNESS,5.0,1.0,10.0
Minwa HA ( C.B ),HOUSE_AND_HOME,4.193338315362443,0.0,50.0
Channel 19,COMMUNICATION,3.7,916.0,100000.0
Citizens Bank - CB Mobile,FINANCE,4.8,6.0,1000.0
CB Mobile Access,FINANCE,1.5,57.0,1000.0
CB VIDEO VISION,PHOTOGRAPHY,5.0,13.0,100.0
CB Hair Png - New Hair Png For CB Editing,PHOTOGRAPHY,4.6,26.0,500.0
CB STARS,FAMILY,4.193338315362443,1.0,10.0
CB Mobile,BUSINESS,4.193338315362443,3.0,100.0
C B Patel Health Club,HEALTH_AND_FITNESS,5.0,5.0,100.0
CB Trader,FINANCE,4.7,11.0,1000.0
CB TV,FAMILY,4.193338315362443,2.0,100.0
Football-CB GO Clock Theme,PERSONALIZATION,4.7,26.0,1000.0
CB SmartCAR Monitor,TOOLS,4.193338315362443,1.0,10.0
CB News,FAMILY,5.0,7.0,50.0
CB Pay,FINANCE,4.5,198.0,10000.0
CB Mobile GA,FINANCE,4.193338315362443,1.0,100.0
CB Register,FAMILY,5.0,1.0,10.0
Cádiz CB Gades,SPORTS,4.193338315362443,1.0,10.0
CB Land,BUSINESS,4.193338315362443,0.0,100.0
Cb browser,COMMUNICATION,5.0,5.0,50.0
CB Edits PNG & CB Backgrounds,PHOTOGRAPHY,4.2,17.0,5000.0
CB Mobile Biz,FINANCE,1.0,3.0,500.0
Antenna Tool Premium,TOOLS,4.5,14.0,500.0
Antenna Tool,TOOLS,4.2,522.0,50000.0
CB Heroes,SOCIAL,5.0,5.0,5.0
Frequencies,TOOLS,4.2,11.0,500.0
Creative Destruction,GAME,4.4,201426.0,5000000.0
CD Library,PRODUCTIVITY,3.9,44.0,10000.0
Sonic CD Classic,GAME,4.6,26138.0,1000000.0
ARK: Survival Evolved,GAME,3.8,51523.0,500000.0
APagri CD,PRODUCTIVITY,4.193338315362443,5.0,10.0
Design innovation CD Cassette,LIFESTYLE,4.193338315362443,5.0,500.0
DIY Crafts Cds,LIFESTYLE,4.0,209.0,50000.0
CD Events,BUSINESS,4.193338315362443,1.0,100.0
PRIMATURE.CD,NEWS_AND_MAGAZINES,4.193338315362443,6.0,100.0
CD Roma's,BUSINESS,4.193338315362443,2.0,100.0
CD Ready,BUSINESS,4.6,52.0,1000.0
INTERKINOIS.CD,NEWS_AND_MAGAZINES,4.193338315362443,1.0,5.0
CD Live - Club del Deportista,LIFESTYLE,4.193338315362443,8.0,500.0
Bootable Methods(USB-CD-DVD),BOOKS_AND_REFERENCE,3.4,37.0,10000.0
Creative CD Letter Holder,LIFESTYLE,4.193338315362443,0.0,10.0
CD CHOICE TUBE,FAMILY,5.0,10.0,500.0
My Movies Pro - Movie & TV Collection Library,LIFESTYLE,4.6,6477.0,10000.0
CD View Lite,TOOLS,4.193338315362443,2.0,100.0
CD - Teach me ABC English L1,FAMILY,4.193338315362443,2.0,500.0
Best Design CD Ideas,LIFESTYLE,4.193338315362443,0.0,10.0
CD Carpe Diem App,FAMILY,4.193338315362443,17.0,100.0
Yazdani Cd Center EllahAbad Official App,FAMILY,5.0,8.0,500.0
CD JUANITO,SPORTS,4.193338315362443,6.0,500.0
CD Music,LIBRARIES_AND_DEMO,4.193338315362443,1.0,100.0
DIY cd rom ideas,LIFESTYLE,4.193338315362443,5.0,500.0
Easy DIY CD Craft Ideas,ART_AND_DESIGN,4.193338315362443,7.0,5000.0
Disc Label Print,TOOLS,3.0,262.0,10000.0
Kiosque CD,TRAVEL_AND_LOCAL,4.193338315362443,0.0,5.0
CD-Zing,BUSINESS,3.8,70.0,1000.0
Nero AirBurn,VIDEO_PLAYERS,4.2,1008.0,100000.0
CD COMET,MAPS_AND_NAVIGATION,4.3,12.0,100.0
DIY Recycled CD Wall Art,LIFESTYLE,4.193338315362443,3.0,1000.0
CD View,TOOLS,4.193338315362443,0.0,500.0
US 115th CD,TRAVEL_AND_LOCAL,4.193338315362443,0.0,5.0
Билеты ПДД CD 2019 PRO,AUTO_AND_VEHICLES,4.193338315362443,21.0,100.0
STADE.CD,NEWS_AND_MAGAZINES,4.193338315362443,0.0,5.0
OBJECTIFINFOS.CD,NEWS_AND_MAGAZINES,4.193338315362443,2.0,50.0
DIY CD Craft Ideas,LIFESTYLE,4.4,5.0,1000.0
РееI Smart Remote MP3 CD Player,TOOLS,3.2,27.0,5000.0
CD Padel Mora,SPORTS,4.193338315362443,1.0,50.0
Diligan CD VR,MEDICAL,4.193338315362443,1.0,50.0
CD Supply,BUSINESS,4.193338315362443,0.0,5.0
Music Collector Inventory Organizer UPC Discogs,LIFESTYLE,3.5,155.0,10000.0
CE on the go,TOOLS,4.4,79.0,10000.0
CE Map - Interactive Conan Exiles Map,MAPS_AND_NAVIGATION,4.5,62.0,1000.0
CE Broker,FAMILY,3.7,190.0,10000.0
CE Smart,TOOLS,5.0,3.0,100.0
PAC-MAN CE DX,GAME,4.5,1692.0,10000.0
CEHQ - CE Credits for Nurses,FAMILY,4.5,12.0,1000.0
Theatre of the Absurd CE(Full),FAMILY,4.1,1143.0,10000.0
CE SmartApp.com,BUSINESS,4.193338315362443,0.0,100.0
OE TRACKER CE Attendance App,MEDICAL,3.4,16.0,5000.0
Professor Online SEDUC-CE,FAMILY,4.1,188.0,10000.0
ABAI CE Scanner,FAMILY,4.193338315362443,0.0,1000.0
C-E Federal Credit Union,FINANCE,4.193338315362443,1.0,500.0
TI-84 CE Graphing Calculator Manual TI 84,FAMILY,5.0,1.0,100.0
Ultra CE calculator,SPORTS,4.2,28.0,1000.0
Shiver: Moonlit Grove CE,FAMILY,4.1,3433.0,50000.0
Beast of Lycan Isle CE,FAMILY,4.1,2683.0,50000.0
QUI EST CE ?,FAMILY,4.193338315362443,7.0,1000.0
Volvo CE Insider,BUSINESS,4.2,45.0,1000.0
Grim Tales: The Wishes CE,GAME,4.3,4923.0,100000.0
AC CE BJT Actorial,FAMILY,4.193338315362443,1.0,50.0
MCQ CE IT,FAMILY,5.0,22.0,1000.0
Placement Tips for BE (CE/IT),FAMILY,4.4,7.0,500.0
NetApp CE,BUSINESS,4.193338315362443,0.0,100.0
Depths of Betrayal CE (Full),FAMILY,4.3,363.0,1000.0
Merck CE,BUSINESS,4.5,2.0,100.0
CE-STRONG,FAMILY,4.193338315362443,0.0,100.0
Magana Jari ce Littafi Na Uku : Part 3 of 3,FAMILY,4.8,65.0,5000.0
CCleaner,TOOLS,4.4,885187.0,50000000.0
Qu'est ce qui est jaune et qui attend ?,FAMILY,4.193338315362443,10.0,500.0
CE-SETRAM l’Appli,LIBRARIES_AND_DEMO,4.193338315362443,0.0,100.0
CE KISIO,LIFESTYLE,4.193338315362443,1.0,100.0
Terminal Emulator for Android,TOOLS,4.4,113951.0,10000000.0
Ceasa CE,TOOLS,4.193338315362443,0.0,50.0
CE Genius Nurses Edition,MEDICAL,4.193338315362443,0.0,1.0
CE HPJM 69,NEWS_AND_MAGAZINES,4.193338315362443,2.0,50.0
CE SODEXO PASS FRANCE,PRODUCTIVITY,4.193338315362443,0.0,50.0
CE AH VLJ,TRAVEL_AND_LOCAL,4.193338315362443,1.0,1000.0
Pregnancy Tracker & Countdown to Baby Due Date,PARENTING,4.7,658087.0,10000000.0
ACCEPT CE MARKING,PRODUCTIVITY,4.193338315362443,0.0,10.0
CE AR LOG,LIFESTYLE,4.193338315362443,0.0,1.0
CE Airbus,LIFESTYLE,4.193338315362443,0.0,100.0
"Führerschein Klasse CE, LKW 2018",FAMILY,4.193338315362443,57.0,1000.0
CE Intelligence,BUSINESS,4.193338315362443,0.0,5.0
CrossFire: Legends,GAME,4.3,144040.0,5000000.0
CF.lumen,TOOLS,4.4,4901.0,100000.0
CF-Bench Pro,TOOLS,4.6,159.0,1000.0
CF SHOP!,LIFESTYLE,2.8,88.0,10000.0
CF Life,FAMILY,5.0,4.0,100.0
Cheapflights – Flight Search,TRAVEL_AND_LOCAL,4.4,47777.0,5000000.0
CF-Bench,TOOLS,4.4,2132.0,100000.0
CF Appreciation,LIFESTYLE,2.0,11.0,1000.0
Unity CF,LIFESTYLE,5.0,5.0,100.0
Next Launcher 3D Bold-CF Theme,PERSONALIZATION,4.4,175.0,1000.0
Overcomers CF - GA,LIFESTYLE,5.0,7.0,100.0
Themes DAF CF 85 Trucks,PERSONALIZATION,4.193338315362443,2.0,100.0
CF Chat: Connecting Friends,COMMUNICATION,3.4,5.0,100.0
CF Invest,FINANCE,4.4,11.0,500.0
Team CF,LIFESTYLE,4.193338315362443,0.0,100.0
iOBD2-CF,TOOLS,3.4,5.0,500.0
CF PD,FINANCE,4.193338315362443,4.0,100.0
Themes DAF CF Trucks,PERSONALIZATION,4.193338315362443,2.0,100.0
CF Calculator,LIFESTYLE,3.3,25.0,1000.0
CF Climb,LIFESTYLE,1.5,2.0,100.0
Squeezy CF,MEDICAL,4.193338315362443,0.0,10.0
Wallpapers DAF CF Trucks,PERSONALIZATION,4.193338315362443,1.0,100.0
Wallpapers DAF CF 85 Trucks,PERSONALIZATION,4.193338315362443,0.0,10.0
CF,FINANCE,5.0,2.0,100.0
Wallpapers Truck DAF CF,PERSONALIZATION,4.193338315362443,19.0,1000.0
CF cal,TOOLS,4.3,123.0,10000.0
CF GeneE,MEDICAL,4.3,16.0,1000.0
Themes DAF CF 85,PERSONALIZATION,4.193338315362443,3.0,100.0
CF SPOT,HEALTH_AND_FITNESS,4.193338315362443,0.0,100.0
CF Talenti,HEALTH_AND_FITNESS,4.193338315362443,4.0,100.0
Villarreal CF Wallpapers 4 Fans,LIFESTYLE,4.193338315362443,2.0,50.0
Thrive CF,HEALTH_AND_FITNESS,2.2,6.0,100.0
Special Forces Group 2,GAME,4.6,1432809.0,10000000.0
Valencia CF Wallpapers 4 Fans,LIFESTYLE,4.193338315362443,4.0,100.0
Cacique CF,SPORTS,4.193338315362443,19.0,100.0
CF Townsville,HEALTH_AND_FITNESS,5.0,4.0,100.0
CF Church,FAMILY,4.193338315362443,1.0,50.0
CF Etowah,HEALTH_AND_FITNESS,4.193338315362443,0.0,100.0
"Cystic Fibrosis Symptoms, Doctors & Treatments",HEALTH_AND_FITNESS,4.7,6.0,100.0
Málaga CF Wallpapers 4 Fans,LIFESTYLE,4.193338315362443,2.0,10.0
Cluster CF,SPORTS,4.193338315362443,10.0,100.0
CF Themis,HEALTH_AND_FITNESS,4.193338315362443,0.0,100.0
Imperium CF,SPORTS,4.193338315362443,9.0,500.0
Azulones Getafe CF Fans,SPORTS,4.193338315362443,4.0,100.0
CF Riga,HEALTH_AND_FITNESS,4.193338315362443,12.0,100.0
Casa CF,HEALTH_AND_FITNESS,4.7,12.0,500.0
CampGladiator,HEALTH_AND_FITNESS,3.5,293.0,50000.0
CG Creative Sets: 2D/3D Artist,NEWS_AND_MAGAZINES,4.3,117.0,10000.0
Motocross Motorbike Simulator Offroad,GAME,3.6,51366.0,5000000.0
CG Daily News,NEWS_AND_MAGAZINES,4.3,65.0,10000.0
CG - Calendars Add-On,PRODUCTIVITY,3.6,49.0,5000.0
CG Fit Scale,HEALTH_AND_FITNESS,2.6,13.0,1000.0
All Info about Cg,FAMILY,4.7,15.0,1000.0
cg guruji,FAMILY,4.5,170.0,10000.0
CG Yojna & Jansampark,FAMILY,4.0,54.0,5000.0
Offline Jízdní řády CG Transit,MAPS_AND_NAVIGATION,4.6,7314.0,100000.0
CG Prints,PHOTOGRAPHY,5.0,1.0,100.0
CG Job Alerts,FAMILY,4.2,116.0,10000.0
CG - Conference Call Add-On,PRODUCTIVITY,4.193338315362443,6.0,1000.0
Somos CG,PRODUCTIVITY,4.193338315362443,2.0,100.0
CG Samanya Gyan,FAMILY,4.2,145.0,10000.0
CG Smart,SPORTS,4.193338315362443,2.0,100.0
CG Freelancer,NEWS_AND_MAGAZINES,4.7,10.0,1000.0
CG Wallpapers,FAMILY,4.5,11.0,500.0
Best CG Backgrounds,FAMILY,3.6,8.0,500.0
CG Districts,SOCIAL,3.8,14.0,1000.0
Amazing CG Backgrounds,FAMILY,4.2,34.0,1000.0
CG BILASPUR CARNIVAL,EVENTS,3.8,59.0,5000.0
Chat Anónimo Gratis Español CG,DATING,3.5,69.0,5000.0
CG Shikshak Mitan,TOOLS,4.1,295.0,50000.0
CG 3D Model Viewer: view 3D models interactively,TOOLS,4.193338315362443,0.0,100.0
CG Wizard,TOOLS,4.193338315362443,6.0,100.0
CG FM,FAMILY,5.0,2.0,500.0
ASCP® CG Exam Flashcards 2018,FAMILY,4.193338315362443,0.0,100.0
Best CG views,FAMILY,4.2,4.0,100.0
Bhunaksha CG,TOOLS,4.1,67.0,10000.0
My CG,PRODUCTIVITY,4.193338315362443,0.0,10.0
Best CG Photography,FAMILY,4.193338315362443,1.0,500.0
BF CG View Wallpapers,FAMILY,3.6,13.0,1000.0
CG Sanyukt Bharti Pariksha 2018,FAMILY,4.3,14.0,1000.0
Betting Tips / Sports Tips by CG Tipster,SPORTS,4.1,315.0,10000.0
CG Shikshak,FAMILY,4.4,211.0,10000.0
CG Vidhansabha Chunav 2018,NEWS_AND_MAGAZINES,4.193338315362443,0.0,100.0
gps tracker cg,TOOLS,4.193338315362443,0.0,50.0
CG Backgrounds,FAMILY,4.0,8.0,500.0
CG - Chemistry free,FAMILY,5.0,7.0,1000.0
CG Jobs,FAMILY,5.0,8.0,10.0
music (CG),FAMILY,4.193338315362443,0.0,50.0
CG Patwari Exam,FAMILY,3.8,28.0,1000.0
Naidunia: MP News & CG News,NEWS_AND_MAGAZINES,4.3,2746.0,100000.0
BF CG Abstract Pictures,FAMILY,4.7,6.0,1000.0
Bhuiyan Land Records Chhattisgarh (CG),NEWS_AND_MAGAZINES,4.5,12.0,5000.0
CG JOKES - Copy & Share,FAMILY,4.4,31.0,1000.0
"Ultimate Public Campgrounds (Over 37,100 in US&CA)",TRAVEL_AND_LOCAL,4.7,213.0,5000.0
Chrome Beta,PRODUCTIVITY,4.4,228755.0,10000000.0
20 minutes (CH),NEWS_AND_MAGAZINES,3.7,4379.0,1000000.0
"OurHome – chores, rewards, groceries and calendar",FAMILY,4.3,3146.0,100000.0
Weather Data CH,WEATHER,4.193338315362443,15.0,500.0
CH info,NEWS_AND_MAGAZINES,3.9,45.0,5000.0
Dive-Store.ch,SPORTS,4.193338315362443,0.0,5.0
FAV KWGT,PERSONALIZATION,4.9,88.0,1000.0
Flo's CH Boss Timer,FAMILY,3.5,163.0,1000.0
20 Minuten (CH),NEWS_AND_MAGAZINES,3.5,14153.0,1000000.0
"Reading Race 1b: sh, ch words",FAMILY,4.193338315362443,2.0,50.0
Calvary.ch App,LIFESTYLE,4.4,10.0,500.0
autolina.ch has over 120'000 cars on offer.,AUTO_AND_VEHICLES,4.2,25.0,10000.0
Speech Therapy: CH,FAMILY,4.193338315362443,0.0,10.0
Digi-TV.ch,SOCIAL,4.193338315362443,62.0,10000.0
retteMi.ch,COMMUNICATION,4.193338315362443,31.0,5000.0
Chrome Canary (Unstable),PRODUCTIVITY,4.3,21866.0,1000000.0
ch-mm Dict,BOOKS_AND_REFERENCE,4.193338315362443,0.0,10.0
boattheory.ch Full 2018,FAMILY,4.7,54.0,1000.0
waut.ch!,FAMILY,4.5,10.0,100.0
search.ch,TRAVEL_AND_LOCAL,4.4,11514.0,500000.0
homegate.ch,HOUSE_AND_HOME,4.2,2543.0,100000.0
tutti.ch - Free Classifieds,SHOPPING,4.4,9950.0,500000.0
autoricardo.ch – vehicles,LIFESTYLE,3.3,1045.0,100000.0
Chrome Dev,COMMUNICATION,4.4,63576.0,5000000.0
Legit Check App by Ch Daniel,LIFESTYLE,4.9,66.0,1000.0
Threema,COMMUNICATION,4.5,51110.0,1000000.0
Battery HD Pro,TOOLS,4.7,17861.0,100000.0
DRAGON QUEST IV,FAMILY,4.7,1647.0,10000.0
swissinfo.ch,NEWS_AND_MAGAZINES,3.9,271.0,50000.0
Automagic * Automation,TOOLS,4.7,1947.0,10000.0
FlashLight HD LED Pro,TOOLS,4.7,4928.0,50000.0
Students.ch,SOCIAL,4.193338315362443,5.0,1000.0
CH Kadels,BUSINESS,4.4,36.0,1000.0
Sermon on Proverbs CH Spurgeon,GAME,4.8,35.0,10000.0
Pixxy KWGT,PERSONALIZATION,4.8,60.0,1000.0
ricardo.ch,SHOPPING,4.0,13232.0,500000.0
usgang.ch,LIFESTYLE,3.7,492.0,100000.0
"Startupticker.ch News, Events",NEWS_AND_MAGAZINES,5.0,4.0,100.0
ci,FAMILY,3.0,1691.0,500000.0
Green Build - An unofficial Travis CI client,TOOLS,3.9,7.0,100.0
mySharpBranded CI Test,TOOLS,4.193338315362443,0.0,1.0
Valmet CI Tool,BUSINESS,4.193338315362443,1.0,500.0
CI Remote for Go,PRODUCTIVITY,4.6,20.0,100.0
myNaida CI,MEDICAL,4.6,64.0,5000.0
CI MOBI,FAMILY,4.3,108.0,5000.0
Paris ci la Sortie du Métro,MAPS_AND_NAVIGATION,4.2,453.0,10000.0
Supply Travis-CI POC,LIBRARIES_AND_DEMO,4.193338315362443,0.0,10.0
CI 174 Gray Icon Pack,PERSONALIZATION,5.0,1.0,10.0
CI Crew,FAMILY,4.193338315362443,1.0,100.0
Pharmacy CI - Pharmacies de garde Côte d'Ivoire,HEALTH_AND_FITNESS,4.5,5509.0,100000.0
CI Staff App,LIFESTYLE,4.193338315362443,0.0,10.0
IQ Test,PRODUCTIVITY,4.2,1623.0,100000.0
1st Fed CI Mobile Banking,FINANCE,4.193338315362443,0.0,500.0
Thistletown CI,PRODUCTIVITY,1.0,1.0,100.0
All-night drugstore CI & Price,HEALTH_AND_FITNESS,4.193338315362443,0.0,10.0
CI Dictionary,FAMILY,4.6,31.0,1000.0
RGN CI-Control,BUSINESS,4.193338315362443,0.0,50.0
CI Time,PRODUCTIVITY,4.193338315362443,4.0,100.0
CI View,BUSINESS,4.193338315362443,2.0,100.0
Ci - Logistics Group,BUSINESS,4.193338315362443,1.0,50.0
CI Attendance,PRODUCTIVITY,4.193338315362443,0.0,5.0
Annonces.ci,SHOPPING,4.193338315362443,14.0,1000.0
C I Patel School,FAMILY,4.1,101.0,1000.0
CI Screwed - Icon Pack,PERSONALIZATION,4.7,19.0,1000.0
CI Stream,VIDEO_PLAYERS,4.193338315362443,0.0,10.0
Majestic Cinema CI,BUSINESS,4.193338315362443,45.0,5000.0
Bonjour 2017 Abidjan CI ❤❤❤❤❤,FAMILY,4.193338315362443,235.0,10000.0
Pharmacie de Garde CI et Prix,HEALTH_AND_FITNESS,4.4,2599.0,100000.0
CI Capital - Dynamic,FINANCE,4.8,4.0,50.0
Chicken Invaders 3,GAME,4.2,52390.0,5000000.0
CI SA,BUSINESS,4.193338315362443,0.0,10.0
Mesure CI,TOOLS,4.193338315362443,9.0,500.0
Trovami se ci riesci,GAME,5.0,11.0,10.0
CircleCI Viewer,PRODUCTIVITY,4.6,16.0,1000.0
SimCity BuildIt,FAMILY,4.5,4218587.0,50000000.0
Nur təfsiri 1-ci cild,LIBRARIES_AND_DEMO,5.0,15.0,1000.0
Test de Inteligencia CI,FAMILY,2.9,21.0,5000.0
South Park: Phone Destroyer™,FAMILY,4.4,288835.0,5000000.0
CI CAFETERIAS UBER,PRODUCTIVITY,4.193338315362443,0.0,100.0
Mizanul-Hikmət 2-ci cild,LIBRARIES_AND_DEMO,4.193338315362443,16.0,1000.0
CI On The Go,NEWS_AND_MAGAZINES,3.0,2.0,100.0
CJ SO COOL,FAMILY,4.5,145.0,10000.0
CJ Fitness,HEALTH_AND_FITNESS,2.4,221.0,10000.0
CJ: Strike Back,GAME,4.3,29330.0,1000000.0
The Grand Wars: San Andreas,GAME,3.9,29990.0,1000000.0
CJ Fallon eBook Reader,FAMILY,1.9,76.0,5000.0
Grand Theft Auto: San Andreas,GAME,4.4,348962.0,1000000.0
CJ Gospel Hour,SOCIAL,5.0,7.0,100.0
CJ's Tire & Automotive,AUTO_AND_VEHICLES,4.0,5.0,1000.0
CJ Camcorder,VIDEO_PLAYERS,4.7,3.0,500.0
The Grand Way,GAME,3.9,1995.0,500000.0
CJ'S TIRE AND AUTO INC.,PRODUCTIVITY,5.0,5.0,100.0
CJ Browser - Fast & Private,COMMUNICATION,4.2,5.0,100.0
CJ WOW SHOP,SHOPPING,4.2,2099.0,100000.0
Gold Teeth Photo Editor,PHOTOGRAPHY,2.8,1022.0,100000.0
CJ VLC HD Remote (+ Stream),VIDEO_PLAYERS,4.2,4074.0,500000.0
CJ DVD Rentals,COMMUNICATION,1.0,5.0,100.0
San Andreas City : Auto Theft Car gangster,GAME,3.9,923.0,100000.0
Miami Crime Vice Town,GAME,4.1,154519.0,10000000.0
CJ Poker Odds Calculator,GAME,4.1,207.0,50000.0
Commission Manager,PRODUCTIVITY,3.2,12.0,1000.0
CJ Apps,BUSINESS,4.193338315362443,0.0,10.0
The CJ Rubric,HEALTH_AND_FITNESS,5.0,5.0,100.0
Pekalongan CJ,SOCIAL,4.193338315362443,0.0,0.0
CJ's Coffee Cafe,TRAVEL_AND_LOCAL,5.0,6.0,500.0
Gangster City Auto Theft,GAME,4.3,350.0,50000.0
China Town Auto Theft 2,GAME,4.1,364.0,50000.0
Codes for GTA San Andreas,FAMILY,3.8,12414.0,1000000.0
CJ Wilson's ZoomZoomnation,PRODUCTIVITY,4.0,4.0,500.0
C J Academy,FAMILY,4.193338315362443,0.0,10.0
Grand Gangsters 3D,GAME,4.2,401643.0,10000000.0
Sir C J New Primary School,FAMILY,5.0,3.0,100.0
Gang Wars of San Andreas,GAME,4.1,9898.0,1000000.0
CJ the REALTOR,BUSINESS,5.0,1.0,10.0
CJ Infinity,FOOD_AND_DRINK,4.193338315362443,0.0,10.0
CJmall,SHOPPING,3.7,18253.0,10000000.0
CJ IT ApS,BUSINESS,4.193338315362443,0.0,10.0
CJ Auto école,FAMILY,4.193338315362443,0.0,50.0
Sin City Hero : Crime Simulator of Vegas,GAME,4.1,3371.0,100000.0
Courier Journal,NEWS_AND_MAGAZINES,3.5,254.0,10000.0
FANDOM for: GTA,FAMILY,3.9,39038.0,5000000.0
San Andreas Crime City Gangster 3D,FAMILY,4.2,9403.0,1000000.0
Zombie Death Shooter,GAME,3.8,17372.0,1000000.0
Project Grand Auto Town Sandbox Beta,GAME,3.7,7885.0,500000.0
Credit Karma,FINANCE,4.7,706618.0,10000000.0
Company Kitchen,LIFESTYLE,2.8,81.0,10000.0
Calvin Klein – US Store,SHOPPING,4.7,221.0,50000.0
CK FFXIV Companion,FAMILY,4.3,1364.0,100000.0
Can Knockdown,FAMILY,4.1,155649.0,10000000.0
Calvin Klein Petite Dresses,BEAUTY,4.193338315362443,0.0,500.0
Louis CK,FAMILY,4.7,244.0,10000.0
CK-12: Practice Math & Science,FAMILY,4.2,562.0,50000.0
CK 初一 十五,LIFESTYLE,4.0,294.0,10000.0
CK Eorzea Timepiece,PERSONALIZATION,3.2,8.0,100.0
F*ck This Game,GAME,4.6,8.0,100.0
211:CK,GAME,5.0,8.0,10.0
CONTRACT KILLER: ZOMBIES (NR),GAME,4.4,206602.0,5000000.0
ck-modelcars Shop,SHOPPING,4.5,118.0,5000.0
Brainf*ck Interpreter,FAMILY,4.0,24.0,1000.0
ck-modelcars-UK Shop,SHOPPING,4.6,69.0,5000.0
CK Multimedia - Gaming Accessories,SHOPPING,4.7,10.0,500.0
CK SKILLZ,HEALTH_AND_FITNESS,4.193338315362443,0.0,50.0
CK-12 Physics Simulations,FAMILY,4.1,30.0,5000.0
CKZ ORIGINS,GAME,4.5,219821.0,1000000.0
211:CK Lite,GAME,4.3,3.0,10.0
CK Life,HEALTH_AND_FITNESS,4.193338315362443,3.0,100.0
USMLE Step 2 CK Flashcards,FAMILY,5.0,1.0,10.0
CK Employee Portal,BUSINESS,5.0,7.0,1000.0
FML F*ck my life + widget,FAMILY,4.2,1415.0,100000.0
USMLE Step 2 CK Cards Lite,FAMILY,4.0,28.0,5000.0
Company Kitchen Inventory,BUSINESS,4.193338315362443,3.0,1000.0
Tic Tac CK,FAMILY,5.0,3.0,10.0
CK Pharmacies,HEALTH_AND_FITNESS,2.7,3.0,100.0
INFAMY RO,FAMILY,4.1,2167.0,50000.0
CK Call NEW,COMMUNICATION,4.193338315362443,0.0,10.0
Ck Coif,LIFESTYLE,4.193338315362443,0.0,10.0
CONTRACT KILLER: ZOMBIES,GAME,4.4,144545.0,5000000.0
CK Shop,TOOLS,4.193338315362443,13.0,1000.0
FlexBook,FAMILY,4.3,104.0,10000.0
Can Knockdown 3,GAME,4.1,349503.0,10000000.0
Fu*** Weather (Funny Weather),WEATHER,4.7,20001.0,1000000.0
OB-GYN USMLE Stp2 CK 300 Q & A,MEDICAL,4.4,34.0,10000.0
CK Active,HEALTH_AND_FITNESS,4.193338315362443,0.0,10.0
USMLE CK Clinical Knowledge Flashcards 2018 Ed,FAMILY,4.193338315362443,0.0,5.0
Night Camera Blur Effect,PHOTOGRAPHY,3.6,100.0,10000.0
Camera V7 24 Megapixel,PHOTOGRAPHY,4.0,2480.0,100000.0
CL Mobile Pro - Classifieds for Craigslist,SHOPPING,4.1,1288.0,100000.0
cloudLibrary,BOOKS_AND_REFERENCE,4.0,10774.0,100000.0
"CL Reader for Craigslist(For sale, jobs, rental..)",TOOLS,4.1,61.0,1000.0
CL Pro App for Craigslist,SHOPPING,4.0,119.0,10000.0
Castle Clash: Heroes of the Empire US,FAMILY,4.6,4578890.0,50000000.0
CL 2NE1 Wallpaper KPOP Fans HD,PERSONALIZATION,4.193338315362443,7.0,100.0
CL 2ne1 Wallpaper KPOP HD Best,PERSONALIZATION,4.193338315362443,3.0,10.0
FREE CHATS C.L.,COMMUNICATION,4.193338315362443,4.0,10.0
CL 2ne1 Wallpaper KPOP UHD Fans,PERSONALIZATION,4.193338315362443,1.0,10.0
CL REPL,TOOLS,5.0,47.0,1000.0
CL Pro Client for Craigslist,SHOPPING,3.6,48.0,5000.0
DAILY: Free Classifieds App for Android,LIFESTYLE,4.1,5025.0,500000.0
App for Craigslist Pro - Buy & Sell Postings,LIFESTYLE,4.3,707.0,100000.0
Pro App for Craigslist,SHOPPING,4.1,5618.0,500000.0
Car Search For Craigslist CL Free,AUTO_AND_VEHICLES,2.6,5.0,1000.0
CL Clock,BUSINESS,2.7,7.0,1000.0
Old: CL-150,FAMILY,3.8,120.0,10000.0
CL Keyboard - Myanmar Keyboard (No Ads),TOOLS,5.0,24.0,5000.0
Clash of Kings : The King Of Fighters version,FAMILY,4.2,2233681.0,50000000.0
Cl-app!,SPORTS,4.193338315362443,41.0,10000.0
CL Notifier,TOOLS,5.0,36.0,100.0
Leica CL,PHOTOGRAPHY,2.6,8.0,1000.0
cPro Marketplace: Buy. Sell. Rent. Date. Jobs.,SHOPPING,4.4,385764.0,10000000.0
Postings (Craigslist Search App),SHOPPING,4.3,151095.0,5000000.0
New CL 2ne1 Wallpaper KPOP live,PERSONALIZATION,4.193338315362443,0.0,1.0
CL 2ne1 Wallpaper KPOP Fans All,PERSONALIZATION,4.193338315362443,0.0,1.0
CL-Phlebotomist,MEDICAL,4.7,19.0,100.0
New: CL-150,FAMILY,2.8,4.0,500.0
Battle of Zombies: Clans War,FAMILY,4.1,488039.0,10000000.0
CL-Customer Care,HEALTH_AND_FITNESS,4.193338315362443,2.0,5.0
CL Pebble Apps,LIFESTYLE,3.6,67.0,5000.0
MPS CL,TOOLS,4.193338315362443,1.0,10.0
Turnotronik CL,TOOLS,4.193338315362443,1.0,10.0
CL e-bank,FINANCE,4.0,210.0,10000.0
E2CR CL,LIFESTYLE,4.193338315362443,0.0,10.0
Wallpapers Mercedes Benz CL,PERSONALIZATION,4.193338315362443,2.0,100.0
Color CL,LIFESTYLE,5.0,2.0,100.0
CL Strength,HEALTH_AND_FITNESS,5.0,3.0,50.0
CL-App,MEDICAL,4.7,6.0,100.0
"Security Master - Antivirus, VPN, AppLock, Booster",TOOLS,4.7,24900999.0,500000000.0
"CM Launcher 3D - Theme, Wallpapers, Efficient",PERSONALIZATION,4.6,6700847.0,100000000.0
CM Launcher 3D Pro💎,PERSONALIZATION,4.7,23802.0,100000.0
CM Locker - Security Lockscreen,TOOLS,4.6,3090680.0,100000000.0
Clean Master Lite - For Low-End Phone,TOOLS,4.6,2246379.0,50000000.0
"CM Security Open VPN - Free, fast unlimited proxy",TOOLS,4.6,85496.0,1000000.0
CM Security Lite - Antivirus,TOOLS,4.6,262076.0,10000000.0
CM Transfer - Share any files with friends nearby,COMMUNICATION,4.6,71740.0,5000000.0
"CM Flashlight (Compass, SOS)",TOOLS,4.4,166363.0,5000000.0
CM Apps,TOOLS,3.8,3341.0,100000.0
CM AppLock,TOOLS,4.1,843.0,100000.0
"Ruler(cm, inch)",TOOLS,3.4,2889.0,500000.0
AppLock - Fingerprint Unlock,TOOLS,4.5,112482.0,5000000.0
CM Launcher Default Theme,PERSONALIZATION,4.5,3989.0,100000.0
Battery Doctor-Battery Life Saver & Battery Cooler,TOOLS,4.5,8190074.0,100000000.0
Inch/cm/Foot Conversion,PRODUCTIVITY,4.0,319.0,100000.0
"Speed Booster - Ram, Battery & Game Speed Booster",TOOLS,4.7,85079.0,1000000.0
CM FILE MANAGER,TOOLS,4.4,953790.0,50000000.0
Technology CM Locker Theme,PERSONALIZATION,4.4,10093.0,1000000.0
Swift Dark CM / CM13 Theme,PERSONALIZATION,4.7,1500.0,10000.0
Melior NUI - Material CM Theme,PERSONALIZATION,4.7,1873.0,100000.0
Height Converter feet-inch cm,TOOLS,4.2,498.0,100000.0
CM Secure Browser (Authorized),TOOLS,4.2,1147.0,100000.0
📏 Smart Ruler ↔️ cm/inch measuring for homework!,TOOLS,4.0,19.0,10000.0
Ruler cm,TOOLS,3.6,661.0,100000.0
"Length Converter: convert mm,cm,m, feet,yard,mile",TOOLS,4.7,76.0,50000.0
CM AppLock Fingerprint 2018,TOOLS,4.4,1264.0,100000.0
"m, cm, mm to yard, feet, inch converter tool",TOOLS,4.3,246.0,100000.0
Speed Car CM Locker Theme,PERSONALIZATION,4.4,7519.0,500000.0
Calculator CM,TOOLS,4.4,8.0,500.0
Inches to cm conversion,TOOLS,4.4,29.0,10000.0
Vintage Flower CM Locker Theme,PERSONALIZATION,4.3,2910.0,500000.0
Centimeter Ruler,TOOLS,3.3,16.0,10000.0
CM S Pen Add-on(ROOT),TOOLS,3.6,373.0,10000.0
Ruler,TOOLS,4.5,27180.0,1000000.0
My Style CM 13 Theme,PERSONALIZATION,4.5,314.0,10000.0
QuickPic - Photo Gallery with Google Drive Support,PHOTOGRAPHY,4.6,847144.0,10000000.0
"Ruler & Area Measurement (cm, inch)",TOOLS,4.3,10.0,10000.0
Inches to Centimeters,TOOLS,3.6,949.0,100000.0
"cm, mm to inch, feet converter tool",PRODUCTIVITY,4.3,176.0,100000.0
City light CM Locker Theme,PERSONALIZATION,4.4,6271.0,500000.0
Speed Test - WiFi / Cellular speed test,TOOLS,4.1,24226.0,1000000.0
CM FILE MANAGER Pro,BUSINESS,4.2,2359.0,10000.0
cm to inches | centimeters to inches conversion,TOOLS,4.8,52.0,5000.0
OMEGA Black UI Theme - CM 12+,PERSONALIZATION,4.2,12.0,100.0
In to cm,TOOLS,4.193338315362443,0.0,10.0
Cartoon Network App,FAMILY,4.0,119173.0,10000000.0
CN Summer Challenge,FAMILY,3.7,985.0,100000.0
Teen Titans GO Figure!,FAMILY,4.5,1985.0,10000.0
CN Superstar Soccer: Goal!!!,FAMILY,4.1,3863.0,100000.0
Teeny Titans - Teen Titans Go!,FAMILY,4.6,20463.0,100000.0
CN Sayin' - Cartoon Network,FAMILY,4.5,85.0,10000.0
Cartoon Network Match Land,FAMILY,4.7,21979.0,1000000.0
Card Wars Kingdom,FAMILY,4.3,920571.0,10000000.0
Wrecker's Revenge - Gumball,FAMILY,4.3,2263.0,100000.0
Super Slime Blitz - Gumball,FAMILY,4.6,5395.0,500000.0
Blamburger - Clarence,FAMILY,4.1,30444.0,1000000.0
Free Fur All – We Bare Bears,FAMILY,4.2,256916.0,10000000.0
Sky Streaker - Gumball,GAME,4.3,37513.0,5000000.0
Just A Regular Arcade,GAME,4.2,40847.0,1000000.0
Soundtrack Attack,FAMILY,4.3,96045.0,5000000.0
[adult swim],FAMILY,3.6,21433.0,1000000.0
Ben 10: Alien Experience,FAMILY,4.2,82005.0,10000000.0
MagiMobile – Mighty Magiswords,FAMILY,4.2,120035.0,5000000.0
Dreamland Arcade - Steven Universe,GAME,4.0,6386.0,500000.0
Surely You Quest - Magiswords,FAMILY,4.6,43314.0,1000000.0
Adventure Time Run,GAME,4.3,24628.0,1000000.0
Glitch Fixers: Powerpuff Girls,GAME,4.4,39698.0,5000000.0
StirFry Stunts - We Bare Bears,GAME,4.5,121533.0,10000000.0
Burrito Bash – We Bare Bears,FAMILY,4.3,10776.0,1000000.0
LEGO® TV,FAMILY,3.7,17250.0,1000000.0
Boomerang,FAMILY,4.2,13519.0,1000000.0
We Bare Bears Match3 Repairs,FAMILY,4.7,39153.0,1000000.0
Champions and Challengers - Adventure Time,FAMILY,4.6,51973.0,1000000.0
Ski Safari: Adventure Time,FAMILY,4.5,48754.0,100000.0
Block Survival Craft:The Story,FAMILY,4.1,7046.0,500000.0
"What's Up, Snoopy? - Peanuts",FAMILY,4.5,773.0,100000.0
DisneyNOW – TV Shows & Games,FAMILY,4.3,82499.0,5000000.0
Rockstars of Ooo,FAMILY,3.4,642.0,10000.0
Pokémon TV,FAMILY,4.2,117461.0,5000000.0
Angelo Rules - Crazy day,GAME,3.9,108336.0,1000000.0
Flipped Out! - Powerpuff Girls,FAMILY,4.4,412.0,10000.0
Adventure Time Game Wizard,GAME,4.1,4107.0,50000.0
Best Park in the Universe,GAME,4.3,3904.0,10000.0
Formula Cartoon All Stars,FAMILY,3.9,1213.0,10000.0
Multicraft Miner Exploration,GAME,4.0,14563.0,1000000.0
CN TV Canal 3 - Cable Netword,FAMILY,4.193338315362443,5.0,1000.0
CN Resident,FAMILY,5.0,1.0,100.0
Little Lovely Dentist,FAMILY,4.2,17786.0,1000000.0
Foods Co,SHOPPING,4.3,199.0,10000.0
AND CO,FINANCE,4.5,175.0,10000.0
Tetrobot and Co.,FAMILY,4.5,709.0,5000.0
Wuwu & Co.,FAMILY,4.193338315362443,9.0,100.0
Dots & Co: A Puzzle Adventure,FAMILY,4.5,81001.0,1000000.0
AppClose - The #1 FREE Co-Parenting App,PARENTING,3.5,159.0,10000.0
Co-op CRS,LIFESTYLE,3.6,581.0,100000.0
Co Checker,TOOLS,1.9,12.0,1000.0
VCalendar - VenkatRama and Co,LIFESTYLE,4.3,87.0,10000.0
Feeder.co,NEWS_AND_MAGAZINES,3.2,77.0,5000.0
Co-op Connections,SHOPPING,1.6,8.0,1000.0
mail.co.uk Mail,COMMUNICATION,4.2,21.0,5000.0
Aquarium Co-Op Podcast,LIFESTYLE,4.9,206.0,1000.0
MobileBiz Co - Cloud Invoice,BUSINESS,4.4,373.0,10000.0
Supermarket Cashier Kids Games,FAMILY,3.6,32416.0,1000000.0
Co-op Taxi,MAPS_AND_NAVIGATION,3.4,168.0,10000.0
Alex & Co Quiz,GAME,4.193338315362443,9.0,1000.0
Them Bombs: co-op board game play with 2-4 friends,GAME,4.7,8038.0,100000.0
REI Co-op Mastercard,FINANCE,2.9,320.0,10000.0
Websites.co.in Instant Website,BUSINESS,4.3,327.0,10000.0
Co-op Credit Union on the Go,FINANCE,4.4,5.0,1000.0
Hashtags For Likes.co,SOCIAL,4.3,420.0,50000.0
Chinese Chess ( Xiangqi Free ),GAME,4.6,963.0,50000.0
Krypton by krypt.co,PRODUCTIVITY,4.6,38.0,1000.0
Chinese Chess / Co Tuong,GAME,4.2,6947.0,500000.0
Fayr - Co-Parenting Simplified,PRODUCTIVITY,3.5,16.0,1000.0
Co-Dependents Anonymous,LIFESTYLE,4.193338315362443,0.0,500.0
Sprig by CO-OP,FINANCE,2.9,252.0,10000.0
Good&Co: Career match tests,BUSINESS,4.4,26572.0,1000000.0
Central Bank and Trust Co.,FINANCE,4.7,65.0,5000.0
Soo Co-op Mobile Banking,FINANCE,4.5,159.0,1000.0
Co-Optima Mobile,FINANCE,4.4,218.0,10000.0
SharedCare™ Co-parenting,PARENTING,2.0,23.0,100.0
Holl & Co Barbers,LIFESTYLE,4.7,12.0,500.0
Call of Mini™ Zombies 2,GAME,4.4,248417.0,5000000.0
Grenada Co-operative Bank,FINANCE,4.4,137.0,10000.0
Dungeon Legends - PvP Action MMO RPG Co-op Games,FAMILY,4.4,102215.0,1000000.0
CO CASE Events,FAMILY,4.193338315362443,0.0,100.0
Permit Test CO Colorado DMV,FAMILY,4.5,41.0,1000.0
"Chinese Chess 3D Online (Xiangqi, 象棋, co tuong)",GAME,3.5,23.0,1000.0
2-Player Co-op Zombie Shoot,GAME,4.2,33.0,1000.0
Camping and Co - Camping in Europe,TRAVEL_AND_LOCAL,3.7,19.0,1000.0
Remote | Fire TV | Android TV | KODI | CetusPlay,TOOLS,4.4,15911.0,1000000.0
Comboios de Portugal,MAPS_AND_NAVIGATION,3.4,1147.0,100000.0
CP Dialer,SOCIAL,4.3,64.0,50000.0
CP Federal Mobile,FINANCE,3.6,180.0,10000.0
Cestovné poriadky CP,MAPS_AND_NAVIGATION,4.6,2681.0,100000.0
CP Channel,FAMILY,4.6,7.0,500.0
CP Clicker,LIFESTYLE,4.2,251.0,10000.0
Evolution CP & IV Calculator for pokemon,FAMILY,4.3,9465.0,500000.0
CP Creepypasta,FAMILY,3.8,128.0,10000.0
Hercules CP Mobile,TOOLS,1.4,20.0,1000.0
Cerebral Palsy,MEDICAL,4.4,38.0,1000.0
"Speak quietly: Autism, CP",MEDICAL,4.193338315362443,6.0,1000.0
CP RACING 2 FREE,FAMILY,4.0,4607.0,100000.0
CP-Care Mobile,FAMILY,4.193338315362443,1.0,10.0
CP ToolBox,BUSINESS,4.6,70.0,1000.0
"Talking Pictures: Autism, CP",MEDICAL,3.9,22.0,5000.0
CP HAPPS - Pittsburgh Events,LIFESTYLE,3.8,85.0,5000.0
Poke Genie - Safe IV Calculator,TOOLS,4.7,92958.0,1000000.0
IV Calc CP Calculator Toolkit,TOOLS,4.2,242.0,10000.0
CP Plus Showcase,BUSINESS,4.3,236.0,50000.0
CP Calculator,FAMILY,4.1,187.0,10000.0
iTooch Mathématiques CP,FAMILY,4.3,1018.0,100000.0
gCMOB,TOOLS,4.2,7935.0,1000000.0
CP Connect 2.0,PRODUCTIVITY,4.193338315362443,0.0,500.0
Evolution CP,FAMILY,3.6,13.0,500.0
IV Go（get IV for Pokemon）,GAME,4.6,132282.0,1000000.0
CP Smart Check List,PERSONALIZATION,4.193338315362443,1.0,10.0
Ditto CP Calculator GO,TOOLS,4.3,34.0,1000.0
Foothills CP,FAMILY,5.0,4.0,100.0
CP Installer App,BUSINESS,5.0,4.0,100.0
CP Trivia,GAME,5.0,5.0,100.0
CP Ready,BUSINESS,4.5,56.0,1000.0
CP Surprise,LIFESTYLE,3.8,2548.0,100000.0
Evolve CP Calc. for PokemonGo,TOOLS,3.9,116.0,10000.0
CP Cloud,BUSINESS,4.193338315362443,3.0,100.0
GO CP Evolution Calculator,FAMILY,4.193338315362443,5.0,100.0
ClanPlay: Community and Tools for Gamers,COMMUNICATION,4.8,34443.0,1000000.0
CP Calculator - Poke Go Calc,FAMILY,4.1,7.0,500.0
Contents Provider(C.P.)Explorer,TOOLS,4.0,1.0,100.0
Cp Calculator for Evolution:GO,FAMILY,4.8,124.0,500.0
Calcy IV,TOOLS,4.8,36557.0,1000000.0
CP Brown English-Telugu Dictionary,FAMILY,4.4,8.0,500.0
CP Parquet,LIFESTYLE,4.193338315362443,2.0,100.0
CP evolution calculator Pokemo,FAMILY,4.1,78.0,10000.0
C.P. CERVANTES (TOBARRA),SOCIAL,4.193338315362443,0.0,5.0
Sporting CP Keyboard Theme,SPORTS,4.193338315362443,45.0,5000.0
Meu Calendário CP,TOOLS,4.193338315362443,37.0,100.0
Crusaders Quest,FAMILY,4.4,475020.0,5000000.0
CQ Hotels,TRAVEL_AND_LOCAL,4.3,15.0,10000.0
CQ,NEWS_AND_MAGAZINES,3.7,7.0,1000.0
Curio Quest,FAMILY,4.3,59152.0,1000000.0
CQ-Mobile,COMMUNICATION,4.193338315362443,10.0,1000.0
CQ Key,TOOLS,4.193338315362443,0.0,100.0
Sabbath School 4,FAMILY,4.3,2871.0,100000.0
CQ Mobile,FINANCE,2.7,36.0,1000.0
Cardinal Quest 2,FAMILY,4.4,19207.0,100000.0
CQ-Alert,COMMUNICATION,4.193338315362443,3.0,500.0
SDA Collegiate Quarterly,BOOKS_AND_REFERENCE,4.5,8.0,500.0
CQ SIGNAL PRO 5,FINANCE,4.193338315362443,0.0,10.0
CQ: Lost In Transmission,GAME,4.2,4.0,10.0
HR Team CQ Region Ed Qld,BUSINESS,4.193338315362443,0.0,500.0
Roll Call News,NEWS_AND_MAGAZINES,3.7,24.0,5000.0
CQ ESPM,BUSINESS,5.0,2.0,5.0
SHUTTLLS CQ - Connect Ride Go,TRAVEL_AND_LOCAL,4.193338315362443,0.0,5.0
QRZ Assistant,COMMUNICATION,4.2,1044.0,100000.0
Palavras la cq,GAME,3.9,783.0,100000.0
CQ Ukraine,PRODUCTIVITY,4.193338315362443,0.0,10.0
Pocket Prefix Plus,COMMUNICATION,4.5,192.0,10000.0
CQ Electrical Group,PRODUCTIVITY,4.193338315362443,0.0,1.0
10 WPM Amateur ham radio CW Morse code trainer,COMMUNICATION,3.5,10.0,100.0
Sabbath School,BOOKS_AND_REFERENCE,4.7,28237.0,100000.0
Gunship Modern Combat 3D,GAME,4.2,3247.0,500000.0
Gun Simulator - Gun Games,FAMILY,4.4,134.0,10000.0
ClanManagerTT2,FAMILY,4.7,55.0,1000.0
Christian Questions Podcast,FAMILY,4.6,222.0,10000.0
Sniper Killer Shooter,GAME,4.0,119368.0,10000000.0
25WPM Amateur ham radio Koch CW Morse code trainer,TOOLS,4.193338315362443,0.0,10.0
QST,FAMILY,2.5,706.0,10000.0
Cypress College Library,BOOKS_AND_REFERENCE,4.193338315362443,0.0,100.0
Create My App,BUSINESS,4.193338315362443,0.0,10.0
Snowboard Racing Free Fun Game,GAME,3.8,4552.0,100000.0
theCut,LIFESTYLE,4.7,499.0,50000.0
الفاتحون Conquerors,FAMILY,4.5,108130.0,5000000.0
Toughest Game Ever 2,GAME,4.6,293086.0,5000000.0
RIDE ZERO,GAME,4.6,8778.0,100000.0
CricQuick,SPORTS,5.0,17.0,50.0
Next Island: Dino Village,FAMILY,3.9,29.0,1000.0
iReadMe,PRODUCTIVITY,5.0,8.0,100.0
Global Shop,BUSINESS,4.193338315362443,0.0,50.0
Webmail web mobile app,TOOLS,2.3,395.0,100000.0
QC,FAMILY,4.193338315362443,4.0,100.0
Traffic Info and Traffic Alert,MAPS_AND_NAVIGATION,3.6,695.0,100000.0
Color Quartets,FAMILY,4.0,42.0,1000.0
Ham Radio Prefixes,COMMUNICATION,3.7,218.0,10000.0
Battle Result Predictor for CR,TOOLS,4.2,7063.0,1000000.0
Deck Advisor for CR,TOOLS,4.1,37975.0,5000000.0
Card Creator for CR,TOOLS,4.4,117850.0,10000000.0
CR & CoC Private Server - Clash Barbarians PRO,FAMILY,4.6,167974.0,500000.0
Deck Analyzer for CR,TOOLS,4.2,2630.0,100000.0
Chest Simulator for Clash Royale,FAMILY,4.4,4756.0,100000.0
Clash Soundboard For CR & COC,FAMILY,4.3,13.0,500.0
Quiz for Clash Royale™,FAMILY,4.0,3788.0,100000.0
CR Blue Icon Pack,PERSONALIZATION,4.5,323.0,10000.0
Chest Calculator for CR,FAMILY,3.9,14754.0,1000000.0
Ultimate Calculator for CR,PRODUCTIVITY,3.7,7389.0,500000.0
DCUO|CR Calculator Pro,TOOLS,4.6,82.0,500.0
Servidor Privado CR y CoC - Royale Servers PRO,TOOLS,4.193338315362443,55.0,100.0
Stats CR Clan for Clash Royale,FAMILY,3.8,16.0,100.0
Ultimate Clash Royale Tracker,FAMILY,4.7,92010.0,1000000.0
Chest Opener for CR - The Circle Game,FAMILY,4.193338315362443,68.0,5000.0
Deck Simulator for CR,TOOLS,3.4,202.0,10000.0
Stats Royale for Clash Royale,BOOKS_AND_REFERENCE,4.5,68226.0,1000000.0
Counter Deck Calculator for CR,TOOLS,4.1,3446.0,500000.0
CR Calculator,TOOLS,4.3,297.0,50000.0
Servidor Privado de CR y CoC - Light Royale,FAMILY,4.6,3106.0,10000.0
Helper for Clash Royale (All-in-1),FAMILY,4.3,6078.0,500000.0
"CR Fans: Mazos, Clanes y Grupos",FAMILY,4.3,219.0,5000.0
DCUO|CR Calculator Lite,TOOLS,4.0,182.0,10000.0
CR -Call Recorder,TOOLS,4.193338315362443,4.0,100.0
CR Best Decks,FAMILY,3.5,34.0,1000.0
CR Family,FAMILY,2.3,10.0,1000.0
CR Monitor,AUTO_AND_VEHICLES,4.193338315362443,1.0,5.0
JavaScript Editor CR,TOOLS,3.9,114.0,5000.0
Jetting for Honda CR dirt bike,SPORTS,4.1,7.0,100.0
CR-Red,PERSONALIZATION,4.5,561.0,10000.0
Deck Shop for Clash Royale,FAMILY,4.6,2167.0,100000.0
Royale Tournaments,FAMILY,4.4,2420.0,50000.0
Deck Builder & Analyzer for CR,FAMILY,3.1,52.0,5000.0
Chest Tracker for Clash Royale,TOOLS,4.3,77717.0,5000000.0
Jeppesen CR Flight Computer,MAPS_AND_NAVIGATION,3.3,3.0,100.0
Cr Aviation Academy,FAMILY,5.0,7.0,100.0
The ClubHouse CR,HEALTH_AND_FITNESS,4.193338315362443,5.0,100.0
CR-V Service Manual,AUTO_AND_VEHICLES,4.2,12.0,500.0
Java Editor CR,TOOLS,3.8,434.0,50000.0
XML Editor CR,TOOLS,3.3,47.0,5000.0
Evolution Marketing CR,HEALTH_AND_FITNESS,4.193338315362443,14.0,1000.0
CR Tracker for Chests,TOOLS,5.0,6.0,50.0
CR Magazine,BUSINESS,1.0,1.0,100.0
Ultimate Chest Tracker,PRODUCTIVITY,4.5,40328.0,1000000.0
CamScanner - Phone PDF Creator,PRODUCTIVITY,4.6,1502622.0,100000000.0
Critical Strike CS: Counter Terrorist Online FPS,GAME,4.3,22773.0,1000000.0
CamScanner (License),PRODUCTIVITY,4.4,26358.0,500000.0
Assault Line CS Online Fps Go,GAME,4.1,52163.0,1000000.0
Standoff 2,GAME,4.5,299046.0,10000000.0
Counter Online FPS Game,GAME,4.2,41089.0,5000000.0
CS Customizer,COMMUNICATION,3.7,25.0,1000.0
Combat Strike CS 🔫 Counter Terrorist Attack FPS💣,GAME,4.1,1019.0,100000.0
CS-Touch,FAMILY,3.9,337.0,10000.0
Ultimate Quiz for CS:GO - Skins | Cases | Players,GAME,4.5,2526.0,100000.0
Аim Training for CS,GAME,3.6,2328.0,100000.0
Sniper Traning for CS GO,GAME,3.2,655.0,50000.0
NetClient CS,BUSINESS,3.5,125.0,10000.0
CS Guns Shoot,FAMILY,3.7,433.0,50000.0
Asiimov Skin - CS GO Icon Pack,PERSONALIZATION,4.6,26.0,100.0
CS Interview Questions (TechQ),FAMILY,4.8,33.0,5000.0
Your rank CS:GO,GAME,4.1,4946.0,100000.0
Guide for CS:GO,FAMILY,4.4,16459.0,500000.0
CS Interview FAQs,FAMILY,4.3,99.0,10000.0
CS,BUSINESS,4.193338315362443,5.0,100.0
Mobile CS,BUSINESS,4.0,13.0,1000.0
Mobile CS:GO,GAME,3.1,1015.0,100000.0
Counter Terrorist Gun Strike CS: Special Forces,GAME,4.2,211.0,10000.0
C.S. Lewis Daily Quotes,LIFESTYLE,4.1,75.0,10000.0
CS go bomb simulator,FAMILY,4.193338315362443,7.0,10.0
Shooter Sniper CS - FPS Games,GAME,3.5,14823.0,1000000.0
CS16Client,GAME,4.3,8668.0,500000.0
CS Browser | #1 & BEST BROWSER,COMMUNICATION,3.8,52.0,1000.0
Counter Attack - Multiplayer FPS,GAME,4.3,112565.0,1000000.0
DU CS Lectures - Learn to Code for Free,FAMILY,4.8,16.0,100.0
What's Your CS:GO rank?,GAME,2.3,278.0,10000.0
CS Browser Beta,COMMUNICATION,4.3,125.0,5000.0
Helper for CS:GO,TOOLS,4.4,208.0,10000.0
My Nexus for CS:S & CS:GO,FAMILY,3.6,783.0,50000.0
CS & IT Interview Questions,FAMILY,5.0,43.0,1000.0
GATE 21 years CS Papers(2011-2018 Solved),BOOKS_AND_REFERENCE,4.193338315362443,1.0,50.0
Map Callouts for CS:GO,GAME,4.3,211.0,50000.0
GATE CS Engineering 2019 Exam Prep App,FAMILY,4.2,162.0,10000.0
Case Simulator Hero for CS:GO,FAMILY,4.3,14604.0,500000.0
CA CS Network,FAMILY,4.7,160.0,5000.0
Smokes for CS:GO,FAMILY,3.9,3253.0,100000.0
Grenade Practice for CS:GO,FAMILY,4.4,431.0,10000.0
Quiz CS:GO players,GAME,4.4,460.0,50000.0
Puzzle for CS:GO,GAME,4.3,247.0,10000.0
Bomb and Nade Timer for CS:GO,PRODUCTIVITY,2.6,85.0,5000.0
Smokes Guide for CS:GO,FAMILY,4.3,445.0,50000.0
Philips IQon Spectral CT Fundamentals.,MEDICAL,4.193338315362443,2.0,100.0
RadRevision: Anatomy on CT,MEDICAL,3.8,568.0,50000.0
Radiology CT Anatomy,MEDICAL,4.2,345.0,50000.0
CT Scan Viewer 3D,MEDICAL,4.2,6.0,1000.0
Learn CT Scan Of Head,BOOKS_AND_REFERENCE,4.1,10.0,5000.0
CT Abdomen Pelvis,MEDICAL,4.0,36.0,10000.0
CT Neck,MEDICAL,4.4,7.0,1000.0
CT Scan Generations,FAMILY,4.7,6.0,1000.0
Emergency Brain CT,MEDICAL,4.193338315362443,2.0,10.0
CT Prepares,NEWS_AND_MAGAZINES,2.6,13.0,1000.0
CT Abdomen,FAMILY,4.3,7.0,1000.0
CT Brain Interpretation,FAMILY,5.0,3.0,500.0
CT-Guide & Positioning,FAMILY,3.7,6.0,1000.0
CT Sessions,MEDICAL,4.3,62.0,5000.0
CT - DTC Lookup,TOOLS,4.1,41.0,10000.0
POCKET ATLAS OF CT HEAD,MEDICAL,4.3,22.0,10000.0
Interactive CT & MRI Anat.Lite,MEDICAL,3.8,534.0,100000.0
CT POSITIONING,MEDICAL,4.5,18.0,5000.0
CT Cervical Spine,MEDICAL,5.0,5.0,1000.0
Trauma CT Head Rules,MEDICAL,4.193338315362443,2.0,100.0
CT Head Basic Interpretation,FAMILY,4.193338315362443,1.0,100.0
CT MyChiroTown Mobile,MEDICAL,3.9,40.0,5000.0
CT Lottery,FAMILY,3.8,271.0,50000.0
Permit Test Connecticut CT DMV,FAMILY,4.6,186.0,10000.0
POCKET BOOK CT ABDOMEN,MEDICAL,4.193338315362443,0.0,100.0
I AM C.T.,HEALTH_AND_FITNESS,4.6,28.0,1000.0
Solar CT PV System Power,PRODUCTIVITY,4.7,315.0,10000.0
CARDIAC CT TECHNIQUE,MEDICAL,5.0,6.0,1000.0
TUTORIAL CT SCAN CARDIAC,MEDICAL,4.193338315362443,1.0,1000.0
HEAD TRAUMA CT EVALUATION,MEDICAL,4.5,18.0,10000.0
Simpli CT,TOOLS,4.193338315362443,4.0,100.0
Remote CT - Smart Remote,TOOLS,3.5,3988.0,1000000.0
CT-REMOTE,GAME,3.3,19.0,100.0
CT CONNECT,PRODUCTIVITY,4.193338315362443,2.0,50.0
CT-ART 4.0 (Chess Tactics 1200-2400 ELO),GAME,4.8,8191.0,100000.0
CT-Stream Player,FAMILY,3.9,84.0,10000.0
CT Pulmonary Angiography,MEDICAL,4.193338315362443,0.0,100.0
Results for CT Lottery,FAMILY,4.5,86.0,5000.0
Abdominal CT Sectional Walker,MEDICAL,4.193338315362443,2.0,100.0
Interactive CT and MRI Anatomy,MEDICAL,3.4,35.0,1000.0
Dine In CT - Food Delivery,SHOPPING,5.0,4.0,1000.0
CT Checkout,FINANCE,5.0,1.0,50.0
CT and XR Dose Calculator,MEDICAL,4.193338315362443,3.0,50.0
Chest CT Sectional Walker,MEDICAL,4.193338315362443,2.0,100.0
Radiological Anatomy For FRCR1,MEDICAL,4.8,12.0,100.0
Radiology CT Viewer,MEDICAL,3.6,35.0,10000.0
POCKET ATLAS CARDIAC MRI AND CT,MEDICAL,4.193338315362443,0.0,50.0
"CU: UPI Payments, Chat & Call",FINANCE,4.3,693.0,100000.0
CU of Colorado Mobile Banking,FINANCE,4.0,347.0,10000.0
Tech CU Mobile Banking,FINANCE,4.5,853.0,10000.0
My CU - Caucasus University,PRODUCTIVITY,4.6,48.0,1000.0
Service CU Mobile Banking,FINANCE,4.7,6208.0,100000.0
Redwood CU v3.1.0,FINANCE,3.8,480.0,50000.0
Cyprus CU Mobile Banking,FINANCE,3.4,295.0,10000.0
BayPort CU Mobile Banking,FINANCE,4.7,2374.0,10000.0
CU SoCal Mobile Banking,FINANCE,4.0,253.0,10000.0
Tropical Financial CU,FINANCE,4.6,1231.0,10000.0
Travis CU,FINANCE,2.0,207.0,10000.0
Commonwealth CU Go Mobile,FINANCE,4.3,231.0,10000.0
Public Service CU Mobile,FINANCE,2.0,314.0,10000.0
Freedom CU,FINANCE,3.6,117.0,10000.0
Meritrust CU Mobile Banking,FINANCE,4.7,3661.0,50000.0
Nusenda CU– Mobile Banking,FINANCE,3.5,805.0,50000.0
Lake Michigan CU Mobile,FINANCE,4.0,732.0,50000.0
Maps CU,FINANCE,3.5,256.0,10000.0
Family Savings CU Mobile,FINANCE,4.3,323.0,10000.0
FORUM Credit Union CU Online,FINANCE,4.1,196.0,10000.0
Educators CU Mobile Banking,FINANCE,4.6,1992.0,50000.0
Space Coast CU Mobile,FINANCE,3.8,922.0,100000.0
First Tech Federal CU,FINANCE,4.3,4290.0,50000.0
Southland CU,FINANCE,3.8,109.0,10000.0
Tech CU Card Manager,FINANCE,1.0,2.0,1000.0
Numerica CU,FINANCE,3.8,472.0,50000.0
Red River CU,FINANCE,3.3,343.0,10000.0
Firefighters First CU,FINANCE,4.8,495.0,5000.0
MYCU TX Mobile Banking,FINANCE,3.0,4.0,100.0
Amazing Fart Sounds,FAMILY,4.0,28136.0,5000000.0
Navigator PRO - GPS Navigation with Offline Maps,TRAVEL_AND_LOCAL,3.6,892.0,50000.0
My Vodafone (GR),COMMUNICATION,3.8,12667.0,1000000.0
HTC Transfer Tool,TOOLS,4.3,40907.0,5000000.0
Planet of Cubes Survival Craft,FAMILY,3.9,475944.0,10000000.0
Moto Rider,GAME,4.2,115176.0,10000000.0
Shadow Fight 2,GAME,4.6,10981850.0,100000000.0
Crazy Wheels,GAME,4.0,121082.0,10000000.0
Curriculum vitae App CV Builder Free Resume Maker,BUSINESS,4.5,4571.0,500000.0
Free Resume App,BUSINESS,4.6,15830.0,1000000.0
CV Engineer - Free Resume Maker & CV Templates,BUSINESS,4.6,213.0,10000.0
CV Examples 2018,FAMILY,4.5,625.0,100000.0
Curriculum Vitae,BUSINESS,3.7,3757.0,1000000.0
Free resume builder CV maker templates PDF formats,BUSINESS,4.4,9555.0,1000000.0
Resume Builder - Free CV Maker & Premium Templates,BUSINESS,4.6,770.0,100000.0
Easy Cv maker 2018,BOOKS_AND_REFERENCE,3.9,88.0,10000.0
Resume PDF Maker / CV Builder,BUSINESS,4.4,2147.0,500000.0
Resume & CV Creator by Desygner,PRODUCTIVITY,4.5,48.0,5000.0
CV S ( CV Editor - Resume ),BUSINESS,4.5,3972.0,100000.0
CV Formats 2018,FAMILY,4.3,374.0,100000.0
CV Maker Pro,BUSINESS,3.7,113.0,10000.0
Free CV Creator,TOOLS,3.9,37.0,10000.0
"Job CV Maker-Portfolio Maker , Resume Maker",FAMILY,3.9,139.0,50000.0
Resume Builder and CV maker app,PRODUCTIVITY,4.3,2303.0,100000.0
HOW TO WRITE A CV,BUSINESS,4.1,489.0,100000.0
CV EXAMPLES,BUSINESS,4.1,423.0,100000.0
Cv maker / Job cv maker,FAMILY,4.4,14.0,1000.0
"Resume Builder Free, CV Maker & Resume Templates",BUSINESS,4.4,20921.0,1000000.0
"Free Professional Resume Builder, CV, Cover Letter",BUSINESS,4.2,831.0,50000.0
Resume Free,PRODUCTIVITY,4.5,27820.0,1000000.0
How to Write CV,BOOKS_AND_REFERENCE,4.6,244.0,100000.0
"Super Resume Builder Pro, CV",BUSINESS,4.4,244.0,1000.0
Free Resume Builder – CV Maker,BUSINESS,4.4,25.0,5000.0
Resume App,BUSINESS,4.4,11310.0,1000000.0
CV Builder,BUSINESS,3.8,203.0,10000.0
Curriculum Vitae - Resume CV,PRODUCTIVITY,2.6,80.0,10000.0
"Resume Maker:Free CV Maker,Templates Builder",BUSINESS,4.2,715.0,100000.0
Resume Builder / CV Maker & Templates,BUSINESS,4.4,25.0,5000.0
CV maker for Job Applications and Resume Maker,TOOLS,4.2,75.0,10000.0
CV Templates 2018,FAMILY,4.0,13.0,5000.0
Job CV Maker & Portfolio Maker,FAMILY,4.2,593.0,100000.0
CV Maker for Job Applications:Photo Resume Builder,TOOLS,4.0,114.0,10000.0
CV Creator,FAMILY,4.4,31.0,10000.0
Resume ( CV Editor ),BUSINESS,4.5,416.0,10000.0
CV Maker,PERSONALIZATION,3.2,114.0,10000.0
Resume Maker - Creator,BUSINESS,4.3,740.0,50000.0
CV Builder for Smart Resumes,BUSINESS,3.4,22.0,1000.0
CV-RECORD Pro,COMMUNICATION,2.3,42.0,1000.0
CV-Library Job Search,BUSINESS,4.4,6997.0,100000.0
CV Samples 2018,BUSINESS,4.3,34.0,10000.0
CV (Curriculum Vitae / Resume) Maker,BUSINESS,4.193338315362443,4.0,5000.0
"Easy Resume Builder, Resume help, Curriculum vitae",TOOLS,4.3,996.0,50000.0
Resume / CV,BUSINESS,3.6,125.0,10000.0
VisualCV Resume Builder,BUSINESS,4.6,2555.0,100000.0
Resume Maker / CV creator & Templates,TOOLS,4.2,54.0,5000.0
Resume Builder - Curriculum Vitae & Resume Maker,BUSINESS,4.0,12.0,5000.0
The CW,FAMILY,4.4,288209.0,5000000.0
CW Seed,FAMILY,4.5,16391.0,500000.0
The CW TV app,FAMILY,3.2,24.0,5000.0
CW TV,NEWS_AND_MAGAZINES,1.7,367.0,50000.0
The CW TN app 2018,FAMILY,2.2,54.0,10000.0
Archie Comics,COMICS,3.8,5084.0,100000.0
2 Amateur ham radio CW Morse code practice keys TX,COMMUNICATION,4.8,6.0,100.0
All Star Of CW,FAMILY,4.193338315362443,0.0,10.0
Cartoon Wars: Blade,GAME,4.4,165656.0,5000000.0
FANDOM: Arrow and The Flash,FAMILY,4.5,3935.0,100000.0
CW Beacon for Ham Radio,COMMUNICATION,4.8,10.0,100.0
IZ2UUF Morse Koch CW,COMMUNICATION,4.6,649.0,50000.0
Morse Decoder for Ham Radio,COMMUNICATION,3.7,166.0,5000.0
C W Browser,COMMUNICATION,4.4,14.0,100.0
Canon CameraWindow,PHOTOGRAPHY,3.5,12204.0,1000000.0
Saiyan Of CW,FAMILY,3.8,5.0,500.0
CW Studio ®,COMMUNICATION,3.8,9.0,100.0
20WPM Amateur ham radio Koch CW Morse code trainer,COMMUNICATION,4.3,12.0,100.0
CW Bluetooth SPP,COMMUNICATION,4.193338315362443,3.0,100.0
Morse Trainer for Ham Radio,COMMUNICATION,4.6,265.0,10000.0
Free CW TN Videos 2018,FAMILY,4.193338315362443,0.0,10.0
The Church at CW,LIFESTYLE,4.5,2.0,100.0
CW Mobile,FAMILY,4.193338315362443,3.0,50.0
"Freeform – Stream Full Episodes, Movies, & Live TV",FAMILY,3.7,29229.0,1000000.0
CW BLE Peripheral Simulator,COMMUNICATION,4.193338315362443,2.0,500.0
Morse Machine for Ham Radio,COMMUNICATION,4.8,341.0,5000.0
Pocket RxTx Pro,PRODUCTIVITY,4.3,253.0,5000.0
Morse Player,FAMILY,5.0,12.0,100.0
"FXNOW: Movies, Shows & Live TV",FAMILY,3.9,31552.0,1000000.0
My CW,TOOLS,3.0,1.0,100.0
CW Ringtone (Morse Code generator),COMMUNICATION,4.193338315362443,0.0,10.0
30WPM Amateur ham radio Koch CW Morse code trainer,FAMILY,5.0,1.0,10.0
Learn CW,FAMILY,4.193338315362443,0.0,1.0
DC All Access,FAMILY,4.4,12639.0,500000.0
Koch Morse Trainer Pro,COMMUNICATION,4.6,94.0,1000.0
Morse Code Reader,COMMUNICATION,3.9,1436.0,100000.0
CW Nuclear,BOOKS_AND_REFERENCE,3.3,15.0,1000.0
Pocket RxTx Free,PRODUCTIVITY,4.1,4513.0,100000.0
CW Deposit,BUSINESS,3.0,4.0,1000.0
Hallmark Channel Everywhere,FAMILY,4.2,6784.0,500000.0
Morse Player Free,FAMILY,4.2,268.0,50000.0
News 8 San Diego,NEWS_AND_MAGAZINES,4.2,1137.0,50000.0
"Hulu: Stream TV, Movies & more",FAMILY,4.0,319777.0,10000000.0
Learn Morse Code - G0HYN Learn Morse,COMMUNICATION,4.0,27.0,5000.0
SYFY,FAMILY,3.2,3069.0,500000.0
Morse Notifier Free,TOOLS,4.6,79.0,1000.0
AMC,FAMILY,3.2,20843.0,1000000.0
Cartoon Wars 3,FAMILY,4.1,137674.0,5000000.0
ABC – Live TV & Full Episodes,FAMILY,3.3,50428.0,5000000.0
Oracle CX Cloud Mobile,BUSINESS,4.4,48.0,5000.0
CX-10WiFi,FAMILY,4.0,1419.0,100000.0
CX-OF,FAMILY,4.2,18.0,1000.0
cx-32wifi,FAMILY,4.1,62.0,10000.0
CX-17WIFI,FAMILY,4.3,49.0,10000.0
Cathay Pacific,TRAVEL_AND_LOCAL,3.3,4069.0,1000000.0
Cx File Explorer,TOOLS,4.7,175.0,10000.0
cx-33wifi,FAMILY,4.4,63.0,10000.0
CX-WiFi720P,FAMILY,3.1,47.0,10000.0
CX-60,FAMILY,3.1,19.0,1000.0
ACTIVEON CX & CX GOLD,VIDEO_PLAYERS,3.3,439.0,50000.0
CX North America,BUSINESS,3.9,10.0,500.0
CX-10DS,FAMILY,3.4,12.0,1000.0
CX-37,FAMILY,3.9,13.0,1000.0
Avaya CX,BUSINESS,4.4,21.0,1000.0
TI-Nspire CX Calculator Manual,FAMILY,3.9,11.0,500.0
CX_WiFiUFO,SPORTS,3.7,818.0,100000.0
CX watcher,FAMILY,4.5,4.0,500.0
Theme For Techno Camon CX,PERSONALIZATION,4.7,42.0,5000.0
CX-95WIFI,LIFESTYLE,4.193338315362443,6.0,500.0
Theme for Tecno Camon CX / C8,LIFESTYLE,4.6,147.0,10000.0
CX Carrier Lite,BUSINESS,4.193338315362443,0.0,10.0
Oración CX,LIFESTYLE,5.0,103.0,5000.0
CX-40,FAMILY,3.0,2.0,100.0
Cx Wize,PRODUCTIVITY,4.193338315362443,3.0,100.0
Ring,COMMUNICATION,3.9,517.0,10000.0
Racing CX,GAME,4.193338315362443,4.0,500.0
cx advance call blocker,PERSONALIZATION,5.0,3.0,50.0
CX Ram Booster,TOOLS,3.9,12.0,500.0
CX-42,FAMILY,4.193338315362443,0.0,10.0
CX Capture,BUSINESS,4.193338315362443,1.0,100.0
CONNECT: The Mobile CX Summit,PRODUCTIVITY,4.193338315362443,0.0,50.0
Hyundai CX Conference,COMMUNICATION,4.193338315362443,0.0,50.0
CX-41,LIFESTYLE,4.193338315362443,1.0,100.0
CX Monthly Tech News,VIDEO_PLAYERS,4.193338315362443,2.0,500.0
CXmodel-ufo,FAMILY,3.8,19.0,1000.0
CX Summit,PRODUCTIVITY,4.193338315362443,1.0,50.0
Secret Codes For Android,TOOLS,3.6,6060.0,500000.0
Absolute RC Heli Simulator,SPORTS,3.9,654.0,10000.0
WiFi FPV,FAMILY,3.8,316.0,100000.0
CX Elevated,BUSINESS,4.193338315362443,0.0,50.0
go41cx,FAMILY,4.8,171.0,1000.0
FlexRelease CX,BUSINESS,4.193338315362443,4.0,1000.0
Ambient CX,BUSINESS,4.193338315362443,0.0,5.0
QuestionPro - CX,BUSINESS,4.193338315362443,1.0,50.0
CX Network,BUSINESS,4.193338315362443,0.0,0.0
"Cymera Camera- Photo Editor, Filter,Collage,Layout",PHOTOGRAPHY,4.4,2418165.0,100000000.0
CY Security Antivirus Cleaner,PRODUCTIVITY,4.5,75140.0,1000000.0
Freecell CY,GAME,4.0,387.0,50000.0
Cytus II,GAME,4.7,16851.0,100000.0
Cy-Reader,FAMILY,4.8,17.0,100.0
Cy-Fair FCU Mobile Banking,FINANCE,4.7,439.0,5000.0
Cytus,GAME,4.7,541732.0,5000000.0
Cy-Ranch,NEWS_AND_MAGAZINES,4.5,27.0,500.0
Recycling Cy,LIFESTYLE,4.0,47.0,1000.0
CY Konum,PERSONALIZATION,4.193338315362443,1.0,100.0
CY.SEND Online Top Up,FINANCE,3.2,191.0,10000.0
ABTO CY-ET1,TOOLS,4.193338315362443,1.0,100.0
CY:ME - real time gps tracker,MAPS_AND_NAVIGATION,4.193338315362443,8.0,1000.0
Alpha Bank CY,FINANCE,4.7,39.0,1000.0
Cy Messenger,COMMUNICATION,4.5,4.0,100.0
Amadeus GR & CY,COMMUNICATION,4.193338315362443,4.0,100.0
Igitabo cy'Indirimbo,FAMILY,4.5,93.0,50000.0
Doctor Finder CY,MEDICAL,4.9,57.0,1000.0
Eshopcy.com.cy,SHOPPING,4.2,182.0,5000.0
NOMISMA.com.cy by FMW,NEWS_AND_MAGAZINES,5.0,3.0,100.0
Cy-Fair VFD EMS Protocols,MEDICAL,5.0,2.0,100.0
EUROBANK CY,FINANCE,4.193338315362443,30.0,100.0
Cy-Fair Christian Church,LIFESTYLE,5.0,2.0,100.0
Mediabox CY,FAMILY,4.193338315362443,0.0,10.0
Capitalnews.com.cy,NEWS_AND_MAGAZINES,4.193338315362443,0.0,10.0
Shadowverse CCG,GAME,4.2,47340.0,1000000.0
CY Digital Net,SHOPPING,4.7,3.0,500.0
Cy-Fair Houston Chamber,BUSINESS,4.193338315362443,0.0,5.0
StudentLife.com.cy,NEWS_AND_MAGAZINES,4.193338315362443,17.0,100.0
Phone Clean Best Speed Booster,PRODUCTIVITY,4.5,81502.0,1000000.0
VAT check CY,BUSINESS,4.193338315362443,0.0,100.0
Cy's Elma Pharmacy,HEALTH_AND_FITNESS,4.193338315362443,0.0,10.0
CY Spray nozzle,BOOKS_AND_REFERENCE,4.193338315362443,0.0,10.0
LOCX Applock Lock Apps & Photo,PRODUCTIVITY,4.5,208543.0,10000000.0
Cymath - Math Problem Solver,FAMILY,4.5,10159.0,1000000.0
Rewards,FINANCE,3.8,57.0,5000.0
Army of Heroes,FAMILY,4.5,85015.0,1000000.0
BibleRead En Cy Zh Yue,BOOKS_AND_REFERENCE,4.193338315362443,0.0,5.0
Math Solver,FAMILY,4.3,2250.0,100000.0
SuperBikers 2,GAME,3.9,6200.0,500000.0
Cyprus Bus Companion,MAPS_AND_NAVIGATION,3.9,112.0,10000.0
Cyprus Police,SOCIAL,4.2,226.0,10000.0
foody Cyprus - online ordering,SHOPPING,4.5,214.0,10000.0
Death Dragon Knights RPG,FAMILY,4.1,11179.0,1000000.0
Camera360 Lite - Selfie Camera,PHOTOGRAPHY,4.4,221878.0,10000000.0
Bank Of Cyprus,FINANCE,4.1,1514.0,100000.0
Map of Cyprus offline,TRAVEL_AND_LOCAL,4.6,470.0,10000.0
McDelivery Cyprus,FOOD_AND_DRINK,3.3,60.0,10000.0
CZ-USA,LIFESTYLE,4.5,11.0,1000.0
CZ File Manager,TOOLS,2.2,876.0,1000000.0
Security Camera CZ,HOUSE_AND_HOME,4.4,137.0,10000.0
Šmelina .cz inzeráty inzerce,SHOPPING,3.9,117.0,10000.0
Alzashop.com,SHOPPING,4.5,32014.0,500000.0
KFC CZ,LIFESTYLE,2.8,1189.0,100000.0
Skylink Live TV CZ,FAMILY,3.3,2802.0,100000.0
CZ-70 (CZ-50) pistol explained,BOOKS_AND_REFERENCE,4.193338315362443,2.0,10.0
Mapy.cz - Cycling & Hiking offline maps,MAPS_AND_NAVIGATION,4.5,56409.0,1000000.0
CZ-52 pistol explained,BOOKS_AND_REFERENCE,4.193338315362443,0.0,10.0
CZ-27 pistol explained,BOOKS_AND_REFERENCE,4.193338315362443,1.0,10.0
Online TV CZ/SK PRO,VIDEO_PLAYERS,3.1,167.0,1000.0
Rande.cz,SOCIAL,3.2,398.0,50000.0
Breweries (CZ/SK),LIFESTYLE,4.4,1740.0,50000.0
reality.cz,HOUSE_AND_HOME,4.1,1372.0,50000.0
CZ-45 pistol explained,BOOKS_AND_REFERENCE,4.193338315362443,1.0,10.0
CZ-Help,BOOKS_AND_REFERENCE,5.0,2.0,5.0
Hlášenírozhlasu.cz,COMMUNICATION,4.193338315362443,0.0,10.0
signály.cz,SOCIAL,4.193338315362443,38.0,1000.0
CZ-Cyberon Voice Commander,TOOLS,3.8,131.0,1000.0
Pistolet CZ-70 CZ-50 expliqué,BOOKS_AND_REFERENCE,4.193338315362443,0.0,1.0
CZ-38 (vz 38) pistol explained,BOOKS_AND_REFERENCE,4.193338315362443,0.0,5.0
HTC Sense Input - CZ,TOOLS,4.3,87.0,10000.0
WebCams,WEATHER,4.6,3963.0,100000.0
Wallpapers CZ 75 85,PERSONALIZATION,4.193338315362443,0.0,10.0
SMS Sender - sluzba.cz,COMMUNICATION,4.193338315362443,12.0,1000.0
Novinky.cz,NEWS_AND_MAGAZINES,3.7,2375.0,100000.0
Wallpaper.cz,PHOTOGRAPHY,4.9,7.0,100.0
Strava.cz,SHOPPING,4.3,2221.0,100000.0
CZ Kompas,TOOLS,5.0,2.0,10.0
Modlitební knížka CZ,BOOKS_AND_REFERENCE,4.193338315362443,4.0,500.0
Reksio cz. 1,BOOKS_AND_REFERENCE,4.193338315362443,0.0,10.0
MYTO CZ,MAPS_AND_NAVIGATION,2.9,30.0,5000.0
PLAYzone.cz,FAMILY,4.4,14.0,500.0
Tools & Mi Band,HEALTH_AND_FITNESS,4.4,15753.0,100000.0
RoutePlan.cz,PRODUCTIVITY,4.193338315362443,6.0,100.0
TeeTime.cz,SPORTS,4.6,1641.0,10000.0
What is my IP address,TOOLS,4.5,4228.0,500000.0
Windguru Lite,WEATHER,4.0,9307.0,1000000.0
Vira.cz Widget,LIFESTYLE,4.193338315362443,86.0,1000.0
Da Fit,SPORTS,3.5,1151.0,10000.0
The House of Da Vinci,FAMILY,4.8,12400.0,100000.0
Dan the Man: Action Platformer,GAME,4.8,528550.0,10000000.0
Ghost Detector,FAMILY,3.5,35337.0,5000000.0
"Face Filter, Selfie Editor - Sweet Camera",PHOTOGRAPHY,4.7,142758.0,10000000.0
Master for Minecraft(Pocket Edition)-Mod Launcher,TOOLS,4.6,2674051.0,50000000.0
King of Math,FAMILY,4.4,766.0,10000.0
Translate: text & voice translator,TOOLS,4.3,122010.0,5000000.0
The Zueira's Voice,TOOLS,4.7,136540.0,1000000.0
Battery Calibration,TOOLS,4.4,134412.0,5000000.0
FVD - Free Video Downloader,TOOLS,4.0,327914.0,10000000.0
Thuglife Video Maker,FAMILY,3.5,38824.0,1000000.0
MadLipz,FAMILY,4.6,171017.0,10000000.0
Soccer FC,SPORTS,3.9,6289.0,1000000.0
Visage Lab – face retouch,PHOTOGRAPHY,3.5,49523.0,5000000.0
Geometry Dash SubZero,GAME,4.6,260527.0,10000000.0
Escaping the Prison,FAMILY,4.2,419375.0,10000000.0
Metal Soldiers 2,GAME,4.4,153649.0,10000000.0
Quiz TRUE or FALSE,GAME,4.6,2464.0,50000.0
Glam Doll Salon - Chic Fashion,FAMILY,4.0,93898.0,10000000.0
Siren Ringtones,PERSONALIZATION,4.2,42190.0,5000000.0
Peppa Pig: Party Time,FAMILY,3.8,52.0,10000.0
Download Manager for Android,TOOLS,4.1,420518.0,10000000.0
COOKING MAMA Let's Cook!,FAMILY,4.3,528917.0,10000000.0
Run Sausage Run!,GAME,4.4,276105.0,10000000.0
Knife Hit,GAME,4.5,462614.0,10000000.0
The Visitor,GAME,4.1,39895.0,5000000.0
Just Dance Now,GAME,4.2,794058.0,10000000.0
DB Navigator,MAPS_AND_NAVIGATION,4.0,119685.0,10000000.0
SQLite DB Reader,TOOLS,3.6,301.0,50000.0
DB Browser,TOOLS,3.3,236.0,50000.0
Sound Meter,TOOLS,4.7,88993.0,10000000.0
DRAGON BALL LEGENDS,GAME,4.6,338742.0,5000000.0
db.Mobil App,LIBRARIES_AND_DEMO,4.5,23.0,5000.0
DB Streckenagent,MAPS_AND_NAVIGATION,3.9,4569.0,500000.0
dB: Sound Meter Pro,TOOLS,4.3,31.0,5000.0
Movie DB,FAMILY,4.193338315362443,10.0,1000.0
dB Sound Level Meter,TOOLS,3.9,203.0,10000.0
DB Sound Meter: Measure Noise Level- Decibel Meter,TOOLS,4.3,824.0,10000.0
DB Welt - Die Zeitung der DB,NEWS_AND_MAGAZINES,4.193338315362443,145.0,10000.0
Check DB Benchmark,TOOLS,4.193338315362443,0.0,100.0
ACCDB MDB DB Manager Pro - Editor for MS Access,PRODUCTIVITY,3.1,19.0,500.0
Scale Models DB,TOOLS,4.4,9.0,50.0
DB Train Simulator,FAMILY,3.7,6514.0,500000.0
DB Tools,FAMILY,4.6,37.0,1000.0
dB Meter - measure sound & noise level in Decibel,TOOLS,4.6,154.0,10000.0
DB LINK RGB,TOOLS,2.7,7.0,500.0
DB BAHN,TRAVEL_AND_LOCAL,4.193338315362443,4.0,500.0
DB Manager,PRODUCTIVITY,4.193338315362443,3.0,1000.0
"10,000 Quotes DB (Premium)",BOOKS_AND_REFERENCE,4.1,70.0,500.0
Guide for DB Xenoverse,BOOKS_AND_REFERENCE,4.2,459.0,10000.0
DB Transport,MAPS_AND_NAVIGATION,1.9,179.0,10000.0
DB Stay Connected,BUSINESS,4.6,17.0,1000.0
DB FahrtProfi,TRAVEL_AND_LOCAL,4.193338315362443,1.0,1000.0
DB TOS - Pocket Helper,TOOLS,4.2,265.0,10000.0
ReDNAKET DB Normalization Tool,TOOLS,4.193338315362443,0.0,10.0
Guide for DB Xenoverse 2,BOOKS_AND_REFERENCE,4.4,121.0,10000.0
DB Customer Connect,BUSINESS,4.2,100.0,10000.0
Patron DB,TOOLS,3.9,64.0,5000.0
DB Event App,SOCIAL,2.4,37.0,5000.0
DB HOME,LIFESTYLE,5.0,5.0,100.0
Bowers & Wilkins DB Subwoofers,TOOLS,3.9,21.0,10000.0
Guide for IMS DB,BOOKS_AND_REFERENCE,4.193338315362443,0.0,10.0
DB Busradar NRW,MAPS_AND_NAVIGATION,3.7,78.0,10000.0
DB Pickles,BUSINESS,5.0,5.0,100.0
DB for Fallout Shelter,FAMILY,4.0,3323.0,100000.0
LC-DB,PHOTOGRAPHY,3.0,1.0,10.0
dB Sound Meter,TOOLS,4.1,29.0,5000.0
DB for Hustle Castle,FAMILY,4.8,21.0,1000.0
DB Ultra Saiyan Battle,GAME,4.5,33.0,1000.0
Preferences Manager and SQLite DB Viewer,TOOLS,3.5,13.0,1000.0
LC-DB-LITE,PHOTOGRAPHY,4.193338315362443,0.0,100.0
db Meter - sound level meter with data logging,TOOLS,4.193338315362443,0.0,1.0
Hamburg Transit - Offline HVV DB times and plans,MAPS_AND_NAVIGATION,4.193338315362443,9.0,1000.0
SW-DB,TOOLS,4.5,954.0,10000.0
DC Legends: Battle for Justice,FAMILY,4.5,355613.0,10000000.0
DC Comics,COMICS,4.2,25673.0,1000000.0
Injustice 2,GAME,4.3,504765.0,5000000.0
Injustice: Gods Among Us,GAME,4.4,2440877.0,10000000.0
FANDOM for: DC,FAMILY,4.4,6715.0,500000.0
DC Super Hero Girls™,FAMILY,4.3,43090.0,5000000.0
LEGO Batman: DC Super Heroes,FAMILY,4.2,2557.0,50000.0
Ultimate DC Challenge,GAME,4.5,937.0,10000.0
LEGO® DC Mighty Micros,FAMILY,4.3,139545.0,10000000.0
Justice League Action Run,GAME,4.3,22333.0,1000000.0
Marvel and DC Wallpapers,PERSONALIZATION,4.2,249.0,10000.0
DC Comics Amino,SOCIAL,4.9,117.0,1000.0
Comics,COMICS,4.1,45651.0,5000000.0
Quiz DC,GAME,1.4,33.0,1000.0
Batman: Gotham’s Most Wanted!,FAMILY,4.0,16190.0,1000000.0
"Superheroes, Marvel, DC, Comics, TV, Movies News",COMICS,5.0,34.0,5000.0
MARVEL Contest of Champions,GAME,4.3,2468915.0,50000000.0
Choose SuperHero Quize Marvel | DC,FAMILY,4.193338315362443,3.0,100.0
MARVEL Avengers Academy,GAME,4.2,304106.0,10000000.0
DC Universe Quiz,GAME,4.3,11.0,500.0
DC HSEMA,BOOKS_AND_REFERENCE,3.8,38.0,5000.0
DC Universe Online Map,TOOLS,4.1,1186.0,50000.0
DC Public Library,BOOKS_AND_REFERENCE,4.2,20.0,1000.0
MARVEL Strike Force,FAMILY,4.3,166312.0,5000000.0
Vote 4 DC,TOOLS,4.1,46.0,1000.0
Villains vs Superheroes,FAMILY,4.3,128.0,10000.0
DC Rider,MAPS_AND_NAVIGATION,3.6,258.0,50000.0
Power Rangers: Legacy Wars,GAME,4.3,264755.0,10000000.0
MARVEL Future Fight,FAMILY,4.6,2354042.0,50000000.0
DC Metro Transit - Free,TRAVEL_AND_LOCAL,4.4,6895.0,500000.0
DC N COMPANY ENTERTAINMENT RADIO!,FAMILY,5.0,22.0,100.0
Results for DC Lottery,FAMILY,4.4,160.0,5000.0
FOX 5 DC,NEWS_AND_MAGAZINES,4.5,1440.0,100000.0
Pepsi Cards DC,COMICS,4.193338315362443,1.0,50.0
Driver Permit Test Prep DC DMV Driver's License Ed,FAMILY,4.7,78.0,5000.0
Robin - DC Movie Collection,FAMILY,4.193338315362443,1.0,500.0
DC-014,PHOTOGRAPHY,5.0,3.0,500.0
D.C. Driving/Walking Tours,TRAVEL_AND_LOCAL,4.193338315362443,0.0,50.0
Painting Lulu DC Super Friends,BOOKS_AND_REFERENCE,4.193338315362443,7.0,1000.0
DC Metro,MAPS_AND_NAVIGATION,3.4,59.0,10000.0
DC Trails-Hop On Hop Off Tours,TRAVEL_AND_LOCAL,3.1,16.0,5000.0
DC Metro Transit,TRAVEL_AND_LOCAL,4.5,339.0,5000.0
AC DC Power Monitor,LIFESTYLE,5.0,1.0,10.0
McClatchy DC Bureau,NEWS_AND_MAGAZINES,4.3,80.0,5000.0
AutoScout24 - used car finder,AUTO_AND_VEHICLES,4.4,186648.0,10000000.0
WEB.DE Mail,COMMUNICATION,4.3,226541.0,10000000.0
wetter.com - Weather and Radar,WEATHER,4.2,189310.0,10000000.0
Your Freedom VPN Client,COMMUNICATION,4.0,74497.0,5000000.0
Dictionary,BOOKS_AND_REFERENCE,4.5,264260.0,10000000.0
Bokeh (Background defocus),PHOTOGRAPHY,4.0,50109.0,10000000.0
Speed Camera Radar,MAPS_AND_NAVIGATION,4.1,54034.0,5000000.0
WDAMAGE: Car Crash Engine,GAME,3.8,47386.0,1000000.0
Babbel – Learn Languages,FAMILY,4.3,267787.0,10000000.0
Coloring Book for Me & Mandala,FAMILY,4.6,401211.0,10000000.0
APUS File Manager (Explorer),TOOLS,4.1,498894.0,50000000.0
Offroad Police Car DE,FAMILY,4.3,9149.0,1000000.0
Easy Language Translator,TOOLS,4.3,191621.0,10000000.0
Word Search multilingual,GAME,4.2,32849.0,1000000.0
Love Collage - Photo Editor,PHOTOGRAPHY,4.3,251686.0,10000000.0
Heavy Bus Simulator,FAMILY,4.4,252006.0,5000000.0
"CallApp: Caller ID, Blocker & Phone Call Recorder",COMMUNICATION,4.4,483782.0,10000000.0
Love Fonts for FlipFont,PERSONALIZATION,3.9,28694.0,1000000.0
LINE Camera - Photo editor,PHOTOGRAPHY,4.3,1517395.0,100000000.0
Piano Free - Keyboard with Magic Tiles Music Games,GAME,4.5,785622.0,50000000.0
Racing in Car 2,GAME,4.3,234589.0,50000000.0
Escape the Prison Room,FAMILY,3.5,113183.0,5000000.0
Bike Racing 3D,GAME,4.2,951435.0,50000000.0
Satellite Director,TOOLS,4.1,45610.0,10000000.0
Truck Driver Cargo,GAME,4.1,257531.0,10000000.0
Anime Love Story Games: ✨Shadowtime✨,FAMILY,4.7,198480.0,5000000.0
Checkers,GAME,4.5,375996.0,10000000.0
Scratch Logo Quiz. Challenging brain puzzle,GAME,3.3,152102.0,10000000.0
Myth Defense 2: DF,FAMILY,4.2,17108.0,100000.0
df,TOOLS,4.193338315362443,4.0,1000.0
DF Squid,GAME,4.193338315362443,1.0,100.0
Google PDF Viewer,PRODUCTIVITY,4.2,226453.0,10000000.0
Myth Defense 2: DF Platinum,FAMILY,4.6,1764.0,10000.0
DF 司機,MAPS_AND_NAVIGATION,4.193338315362443,9.0,500.0
DF@realtime,BUSINESS,4.3,24.0,1000.0
DF Night Selfies,PHOTOGRAPHY,4.3,194.0,10000.0
DF Coaching,SPORTS,4.0,1.0,100.0
Digital Falak,TOOLS,4.7,3408.0,50000.0
The Divine Feminine App: the DF App,LIFESTYLE,5.0,8.0,1000.0
Guide to Nikon Df,PHOTOGRAPHY,4.193338315362443,1.0,10.0
DF BugMeNot,SOCIAL,4.193338315362443,7.0,500.0
DF-CAM,TOOLS,4.193338315362443,2.0,100.0
DF Tracker,BUSINESS,4.193338315362443,2.0,100.0
Guia Bike DF,SPORTS,4.193338315362443,29.0,100.0
Rádio DF FM,FAMILY,4.193338315362443,24.0,1000.0
Noticias DF,SOCIAL,4.193338315362443,2.0,1000.0
DF Glue Board,PARENTING,5.0,1.0,10.0
DF-Server Mobile,PRODUCTIVITY,4.9,17.0,100.0
DF-View,BUSINESS,4.193338315362443,0.0,100.0
"MexiRoomies - roomies, mexico, df, apt, house room",LIFESTYLE,4.193338315362443,2.0,500.0
DF Wall Plus – Droid Firewall,TOOLS,4.193338315362443,9.0,500.0
Diario Financiero,FINANCE,4.193338315362443,30.0,10000.0
Digital FM Brasília DF,FAMILY,4.193338315362443,5.0,100.0
DF SmartPlus,TOOLS,4.193338315362443,0.0,10.0
Red Transporte DF,MAPS_AND_NAVIGATION,4.3,11100.0,500000.0
ElejaOnline DF,BUSINESS,4.193338315362443,0.0,50.0
ProconLegis-DF,TOOLS,4.193338315362443,2.0,5.0
Técnico Legislativo Câmara Legislativa DF,PRODUCTIVITY,4.193338315362443,1.0,10.0
Periscope - Live Video,SOCIAL,4.0,479939.0,10000000.0
Cargo de Praça PM DF,PRODUCTIVITY,4.193338315362443,0.0,10.0
Consultar Infracciones de Transito DF y Mexico,TOOLS,4.193338315362443,0.0,10.0
Droidbug BusyBox Advance PRO,TOOLS,4.5,2.0,100.0
México City D.F News,NEWS_AND_MAGAZINES,4.193338315362443,2.0,100.0
PDF Reader – PDF Editor 2018,TOOLS,4.1,1648.0,500000.0
Fix Error Google Playstore,BOOKS_AND_REFERENCE,4.3,18.0,1000.0
df-Vegetable,BUSINESS,4.193338315362443,0.0,5.0
Aproveita DF,LIFESTYLE,4.193338315362443,0.0,1.0
EVENTOS DF,EVENTS,4.193338315362443,0.0,10.0
Citymapper - Transit Navigation,MAPS_AND_NAVIGATION,4.5,65448.0,5000000.0
Rádio Sol Nascente DF,COMMUNICATION,4.193338315362443,12.0,500.0
Diseño de columnas NTC - RSEE 2017,PRODUCTIVITY,4.193338315362443,6.0,100.0
"Dollar General - Digital Coupons, Ads And More",SHOPPING,3.9,16678.0,5000000.0
DG Coupon,SHOPPING,3.7,668.0,100000.0
Penny Finder,SHOPPING,4.2,470.0,10000.0
DG - Digital Coupons - Free Coupon and Discount,SHOPPING,3.6,38.0,10000.0
DG Surveyor,BUSINESS,3.6,5.0,50.0
DG Smart life,TOOLS,2.1,14.0,1000.0
Krazy Coupon Lady,SHOPPING,4.7,10318.0,1000000.0
DG UPnP Player Free,VIDEO_PLAYERS,3.2,39.0,10000.0
Penny Puss,TOOLS,3.0,19.0,1000.0
DG Mobile,GAME,4.3,59.0,1000.0
Go Go Coupons - Free Coupon and Discount,SHOPPING,3.0,4.0,1000.0
ZombieVital DG,FAMILY,4.3,10.0,100.0
DJ Electro Mix Pad,FAMILY,3.9,53301.0,10000000.0
DG Screen Recorder,VIDEO_PLAYERS,3.3,12.0,500.0
DG Report Reminder,PRODUCTIVITY,4.3,195.0,10000.0
DG Video Editor,VIDEO_PLAYERS,4.0,486.0,10000.0
The DG Buddy,BUSINESS,3.7,3.0,10.0
Roland DG Mobile Panel,TOOLS,2.8,27.0,1000.0
Destroy Gunners Σ,GAME,4.4,10786.0,1000000.0
DG-App,TOOLS,5.0,1.0,500.0
Can I pack that? - DG App,TRAVEL_AND_LOCAL,3.9,58.0,10000.0
DG Phone Call Task Switcher,PRODUCTIVITY,4.2,43.0,1000.0
DG Fitness,HEALTH_AND_FITNESS,4.8,6.0,100.0
Sharaf DG,SHOPPING,4.0,7006.0,500000.0
DG Card,COMMUNICATION,4.193338315362443,0.0,100.0
Coupon Mob - Discount Coupons,SHOPPING,3.0,2.0,100.0
DG Users,PRODUCTIVITY,4.5,8.0,100.0
DG Cars,TRAVEL_AND_LOCAL,2.6,122.0,10000.0
Free coupons and vouchers,FINANCE,5.0,4.0,100.0
DG Hair,LIFESTYLE,4.193338315362443,0.0,10.0
DG Xplained,HEALTH_AND_FITNESS,4.193338315362443,1.0,100.0
DG OFF - 100% Free Coupons & Deals,SHOPPING,5.0,1.0,10.0
Digoo·Cloud,TOOLS,4.1,543.0,10000.0
DG Monitor,BUSINESS,4.193338315362443,1.0,100.0
DG ग्राम / Digital Gram Panchayat,NEWS_AND_MAGAZINES,4.5,53.0,10000.0
DG TV,NEWS_AND_MAGAZINES,5.0,3.0,100.0
Daily Horoscope,LIFESTYLE,4.7,407589.0,10000000.0
DHgate-Shop Wholesale Prices,SHOPPING,4.5,104068.0,5000000.0
DH Texas Poker - Texas Hold'em,GAME,4.4,562345.0,10000000.0
DEER HUNTER CLASSIC,GAME,4.4,3941129.0,50000000.0
DEER HUNTER RELOADED,GAME,4.3,314774.0,5000000.0
DH Pineapple Poker OFC,GAME,4.2,1878.0,100000.0
DH UFO,FAMILY,3.0,4.0,1000.0
Galaxy Defense,FAMILY,4.1,78142.0,5000000.0
Call of Mini™ Dino Hunter,GAME,4.2,326042.0,10000000.0
Castle Defense 2,FAMILY,4.2,35172.0,1000000.0
Dungeon Rush,FAMILY,4.0,28633.0,1000000.0
Bike Mayhem Free,GAME,4.3,331692.0,10000000.0
Treasure Defense,FAMILY,4.1,3527.0,100000.0
Car Crash III Beam DH Real Damage Simulator 2018,GAME,3.6,151.0,10000.0
The Lost Lands:DH Lite,FAMILY,4.3,1130.0,50000.0
DH-UFO,FAMILY,5.0,1.0,100.0
Dungeon Hunter Champions: Epic Online Action RPG,FAMILY,4.2,26307.0,1000000.0
Daddyhunt: Gay Dating,SOCIAL,3.9,6450.0,500000.0
DH Karaoke,FAMILY,4.193338315362443,8.0,1000.0
Tiny Defense,FAMILY,4.1,29387.0,1000000.0
Toys Defense: Horror Land,FAMILY,3.8,168.0,10000.0
D-H Pharmacy,LIFESTYLE,5.0,6.0,1000.0
DEER HUNTER CHALLENGE,GAME,3.7,38767.0,5000000.0
Kingdom in Chaos,FAMILY,4.3,5623.0,100000.0
Desperate Housewives: The Game,FAMILY,4.2,10440.0,500000.0
Dinosaur War,FAMILY,4.3,157997.0,10000000.0
DH News,NEWS_AND_MAGAZINES,2.5,81.0,10000.0
Bike Unchained,SPORTS,4.3,83545.0,5000000.0
"Red Bull TV: Live Sports, Music & Entertainment",FAMILY,4.4,42069.0,1000000.0
DH Mariage,LIFESTYLE,4.193338315362443,0.0,50.0
Bike 3D Configurator,SPORTS,4.3,34062.0,1000000.0
Castle Defense : Invasion,FAMILY,4.2,1484.0,100000.0
Defender,GAME,4.6,152395.0,10000000.0
Avenger Legends,FAMILY,4.0,3715.0,100000.0
DrivingTest,FAMILY,2.9,975.0,100000.0
D. H. Lawrence Poems FREE,BOOKS_AND_REFERENCE,4.193338315362443,13.0,1000.0
Texas HoldEm Poker Deluxe,GAME,4.5,396090.0,10000000.0
Idle Heroes,FAMILY,4.7,417197.0,10000000.0
Wallpapers DH 4K,PERSONALIZATION,3.8,23.0,1000.0
DH-Security Camera,BUSINESS,4.193338315362443,3.0,100.0
Deck Heroes: Legacy,GAME,4.7,466495.0,10000000.0
Shred! Downhill Mountainbiking,GAME,3.9,41683.0,1000000.0
Pocket Heroes,FAMILY,4.5,96658.0,1000000.0
Duolingo: Learn Languages Free,FAMILY,4.7,6297590.0,100000000.0
"Free phone calls, free texting SMS on free number",SOCIAL,4.5,412888.0,10000000.0
DiskDigger photo recovery,TOOLS,4.2,227798.0,50000000.0
Phone Tracker : Family Locator,SOCIAL,4.3,231446.0,10000000.0
Meme Generator Free,FAMILY,4.4,303394.0,10000000.0
Stop Smoking - EasyQuit free,HEALTH_AND_FITNESS,4.8,39068.0,500000.0
FIFA Soccer,SPORTS,4.2,3909032.0,100000000.0
My Photo Keyboard,PHOTOGRAPHY,4.1,211620.0,10000000.0
Archery Physics Objects Destruction Apple shooter,GAME,4.5,6026.0,100000.0
Story Saver for Instagram,PHOTOGRAPHY,4.5,41331.0,5000000.0
Cameringo+ Filters Camera,PHOTOGRAPHY,4.6,28107.0,500000.0
Whoscall - Caller ID & Block,COMMUNICATION,4.4,552635.0,10000000.0
Cooking in the Kitchen,FAMILY,4.1,217736.0,10000000.0
Automatic Call Recorder,TOOLS,4.3,1648515.0,100000000.0
Fancy Pants Adventures,GAME,4.7,55952.0,1000000.0
Boomerang from Instagram,PHOTOGRAPHY,4.4,928720.0,50000000.0
Shopee: No.1 Belanja Online,SHOPPING,4.2,609186.0,10000000.0
Lep's World 3 🍀🍀🍀,GAME,4.3,771001.0,50000000.0
Robbery Bob,GAME,4.5,617732.0,10000000.0
Google Sheets,PRODUCTIVITY,4.3,496397.0,100000000.0
Video Downloader - for Instagram Repost App,VIDEO_PLAYERS,4.8,332623.0,10000000.0
Nyan Cat: Lost In Space,GAME,4.5,371318.0,10000000.0
HOLLA Live: Meet New People via Random Video Chat,SOCIAL,4.6,216513.0,5000000.0
"Quik – Free Video Editor for photos, clips, music",VIDEO_PLAYERS,4.7,696665.0,10000000.0
Euro Truck Driver (Simulator),FAMILY,4.4,860078.0,10000000.0
DJ Mix Effects Simulator,FAMILY,4.1,5997.0,1000000.0
3D DJ – Music Mixer with Virtual DJ,FAMILY,4.3,796.0,100000.0
Virtual DJ Mixer,TOOLS,4.2,2013.0,100000.0
Mix Virtual DJ 2018,TOOLS,4.2,2925.0,100000.0
Resources For Virtual DJ,FAMILY,3.6,21095.0,1000000.0
DK 15 Minute Language Course,FAMILY,2.8,21.0,1000.0
DK Readers,FAMILY,3.9,30.0,1000.0
Eyewitness Travel Phrase Book,FAMILY,3.8,10.0,1000.0
DK Quiz,GAME,4.4,1628.0,50000.0
DK Virtual Reality,FAMILY,3.7,42.0,1000.0
Bilingual Dictionary Audio App,BOOKS_AND_REFERENCE,2.7,68.0,5000.0
Super DK vs Kong Brother Advanced Free Classic,GAME,3.8,66.0,10000.0
English for Everyone,FAMILY,3.2,429.0,10000.0
DK Live - Sports Play by Play,SPORTS,3.9,255.0,100000.0
DK Eyewitness Audio Walks,TRAVEL_AND_LOCAL,2.3,9.0,1000.0
DK Pittsburgh Sports,SPORTS,4.1,556.0,10000.0
LineStar For DK,SPORTS,4.3,1387.0,50000.0
Visuelles Wörterbuch Audio-App,FAMILY,3.1,192.0,10000.0
Fodbold DK Pro,SPORTS,4.6,315.0,1000.0
10 Minutes a Day Times Tables,FAMILY,4.1,681.0,100000.0
dk Verk,BUSINESS,4.4,9.0,500.0
e-Boks.dk,PRODUCTIVITY,3.2,6752.0,1000000.0
Account Class-11 Solutions (D K Goel),FAMILY,4.5,663.0,50000.0
Dating.dk,SOCIAL,3.7,2111.0,100000.0
S-Home DK,LIFESTYLE,4.193338315362443,4.0,1000.0
DK Primrose for KLWP,PERSONALIZATION,4.193338315362443,0.0,1.0
DK Online,FAMILY,4.193338315362443,21.0,100.0
Account Class-12 Solutions (D K Goel) Vol-1,FAMILY,4.4,708.0,50000.0
Salah Widget (DK+Malmo),LIFESTYLE,4.5,532.0,10000.0
PK and DK Audio App,FAMILY,5.0,2.0,100.0
dk,FAMILY,4.8,5.0,10.0
HDWallpaper DK,PERSONALIZATION,4.193338315362443,0.0,10.0
Account Class-12 Solutions (D K Goel) Vol-2,FAMILY,4.6,124.0,10000.0
DK Browser,COMMUNICATION,4.0,1.0,10.0
Discovery K!ds Play!,FAMILY,4.1,19388.0,1000000.0
cluster.dk,COMMUNICATION,4.193338315362443,49.0,1000.0
Transport DK,MAPS_AND_NAVIGATION,4.1,204.0,10000.0
DK Childcare Centers,LIFESTYLE,4.193338315362443,0.0,500.0
Gokarting.dk,FAMILY,4.193338315362443,13.0,1000.0
DK Murali,SOCIAL,4.8,65.0,500.0
DK TEL Dialer,COMMUNICATION,4.193338315362443,0.0,50.0
DK Studio Barbershop,BEAUTY,4.193338315362443,8.0,100.0
Dr. D.K. Olukoya Sermons,LIFESTYLE,4.193338315362443,1.0,100.0
GirlTalk.dk,SOCIAL,4.3,3.0,100.0
NY mobilbank DK - Danske Bank,FINANCE,2.8,851.0,100000.0
Dr D K Olukoya,LIFESTYLE,4.193338315362443,0.0,1.0
DK Hair Design,LIFESTYLE,4.193338315362443,0.0,10.0
Advanced Download Manager Pro,TOOLS,4.7,6505.0,50000.0
Advanced Download Manager,TOOLS,4.5,569727.0,10000000.0
GetThemAll Any File Downloader,TOOLS,4.2,91186.0,5000000.0
Downloader & Private Browser,TOOLS,4.3,1072565.0,50000000.0
Download All Files,TOOLS,3.8,120494.0,10000000.0
Download Manager Pro FREE,PRODUCTIVITY,3.8,637.0,100000.0
Download Accelerator Plus,TOOLS,4.2,43677.0,1000000.0
Download Manager,TOOLS,3.8,79132.0,10000000.0
Download Video Free,FAMILY,4.0,39682.0,1000000.0
Fast Download Manager,TOOLS,4.0,18478.0,1000000.0
DL Hughley,FAMILY,4.6,12.0,1000.0
Turbo Download Manager (and Browser),TOOLS,4.0,32879.0,5000000.0
D.L. Evans Bank Mobile Banking,FINANCE,4.3,85.0,10000.0
The DL Hughley Show,FAMILY,4.3,23.0,5000.0
Download Blazer,TOOLS,3.9,34612.0,5000000.0
DL Image Manager,PRODUCTIVITY,5.0,2.0,10.0
Download Manager For Android Free,TOOLS,4.0,593.0,100000.0
FrostWire: Torrent Downloader & Music Player,VIDEO_PLAYERS,4.1,253207.0,10000000.0
Turbo Downloader,TOOLS,3.9,23348.0,5000000.0
Trimble DL,PRODUCTIVITY,4.2,133.0,10000.0
Insave-Download for Instagram,PHOTOGRAPHY,4.3,46242.0,1000000.0
+Download 4 Instagram Twitter,SOCIAL,4.5,40467.0,1000000.0
Advanced Download Manager Holo,TOOLS,4.4,16192.0,1000000.0
G-Download Manager,TOOLS,4.1,802.0,50000.0
Video Downloader,VIDEO_PLAYERS,4.2,58981.0,10000000.0
DL Calculator,SPORTS,4.5,177.0,10000.0
Inst Download - Video & Photo,VIDEO_PLAYERS,4.6,148715.0,10000000.0
Vuze Torrent Downloader,VIDEO_PLAYERS,4.1,24565.0,1000000.0
IDM Internet Download Manager,PRODUCTIVITY,3.9,1322.0,100000.0
TorrDroid - Torrent Downloader,TOOLS,4.7,59632.0,1000000.0
Download Manager - File & Video,TOOLS,3.9,8780.0,1000000.0
AndStream - Streaming Download,VIDEO_PLAYERS,4.3,38607.0,1000000.0
DM Me - Chat,SOCIAL,2.9,90.0,10000.0
DM Screen,BOOKS_AND_REFERENCE,4.4,283.0,10000.0
DM for IG 😘 - Image & Video Saver for Instagram,SOCIAL,3.7,55.0,5000.0
DM for WhatsApp,COMMUNICATION,4.4,25.0,5000.0
Fifth Edition DM Tools,FAMILY,4.1,942.0,100000.0
DM Talk New,COMMUNICATION,4.193338315362443,3.0,5000.0
DM airdisk,TOOLS,2.8,11.0,1000.0
Diabetes mellitus (DM) from zero to hero,MEDICAL,4.9,18.0,1000.0
Auto DM for Twitter 🔥,SOCIAL,3.4,44.0,1000.0
DM HiDisk,TOOLS,2.8,54.0,5000.0
DM EVOLUTION,GAME,2.5,450.0,10000.0
Daily DM,PERSONALIZATION,4.7,51.0,1000.0
Dungeons and Dragons DM Tools,BOOKS_AND_REFERENCE,3.1,50.0,1000.0
DM - The Offical Messaging App,COMMUNICATION,4.193338315362443,0.0,10.0
DM airdisk Pro,TOOLS,3.2,11.0,1000.0
Convert Coordinates DM to DMS,MAPS_AND_NAVIGATION,4.3,15.0,5000.0
DM security - Dragon Mobile,TOOLS,3.9,27.0,1000.0
DM 24/7,TOOLS,3.6,7.0,1000.0
DM Storage (for twitter),SOCIAL,3.2,6.0,100.0
DM Transfers Dalaman Transfers,TRAVEL_AND_LOCAL,4.193338315362443,51.0,10000.0
DM Tracker,COMMUNICATION,3.5,11.0,1000.0
DM Tuning,SPORTS,3.3,64.0,5000.0
DM Die Roller 9000,TOOLS,4.193338315362443,0.0,5.0
DM Magazine,NEWS_AND_MAGAZINES,4.193338315362443,0.0,10.0
DM הפקות,PHOTOGRAPHY,4.193338315362443,2.0,100.0
DM TrackMan,MAPS_AND_NAVIGATION,4.193338315362443,10.0,100.0
Aster DM Healthcare,MEDICAL,2.4,32.0,5000.0
Fake Chat (Direct Message),SOCIAL,4.4,5985.0,500000.0
Interactive NPC DM Tool,FAMILY,2.8,5.0,50.0
DM Buddy » Learn Digital Marketing,FAMILY,5.0,3.0,500.0
DM Accounting and Payroll,FINANCE,4.193338315362443,0.0,100.0
Basketball Dynasty Manager 16,SPORTS,4.4,426.0,5000.0
DM Collection,SHOPPING,4.193338315362443,3.0,100.0
DM AirDisk HDD,TOOLS,4.193338315362443,4.0,100.0
DM AirDisk NAS,TOOLS,4.193338315362443,0.0,50.0
Shaggy's DM Assistant,PRODUCTIVITY,4.193338315362443,0.0,5.0
Otto DM,SOCIAL,4.193338315362443,0.0,10.0
DM Adventure,GAME,4.193338315362443,0.0,10.0
Ramdor DM Mobile,BUSINESS,4.193338315362443,1.0,100.0
Disciple Maker’s (DM) Lab,FAMILY,5.0,3.0,100.0
Ultimate DM,FAMILY,4.193338315362443,0.0,10.0
DN,NEWS_AND_MAGAZINES,3.3,78.0,10000.0
DN eAvis,NEWS_AND_MAGAZINES,2.9,61.0,10000.0
DN Sync,NEWS_AND_MAGAZINES,4.1,56.0,1000.0
DN Reader,NEWS_AND_MAGAZINES,4.6,18.0,100.0
DN Managed Mobility App,BUSINESS,4.193338315362443,0.0,50.0
e-DN - den digitala tidningen från Dagens Nyheter,NEWS_AND_MAGAZINES,2.2,160.0,50000.0
MultiPicture Live Wallpaper dn,PERSONALIZATION,4.3,505.0,10000.0
DN Blog,SOCIAL,5.0,20.0,10.0
Dagens Nyheter,NEWS_AND_MAGAZINES,2.5,2055.0,100000.0
DN Events,PRODUCTIVITY,4.193338315362443,4.0,500.0
DN.VR,NEWS_AND_MAGAZINES,3.0,29.0,5000.0
DN - Diário de Notícias,NEWS_AND_MAGAZINES,3.7,794.0,100000.0
DN Employee,FAMILY,5.0,1.0,10.0
DN Advanced Service Coder,BUSINESS,4.193338315362443,0.0,10.0
DN Premium Hookah Lounge,BUSINESS,4.193338315362443,1.0,50.0
PlayMotiv dn edition,BUSINESS,4.193338315362443,0.0,500.0
Cossack Dictionary (DN),BOOKS_AND_REFERENCE,4.193338315362443,7.0,10.0
DN Calculators,FINANCE,5.0,12.0,100.0
DN Diamonds,BUSINESS,4.193338315362443,4.0,100.0
DN Prasad,FINANCE,4.193338315362443,0.0,100.0
Writing Wizard Premium - Handwriting,FAMILY,4.1,89.0,5000.0
DN Driver,FAMILY,4.193338315362443,0.0,5.0
D.N. College Meerut,FAMILY,4.193338315362443,0.0,10.0
DN Radio FM,NEWS_AND_MAGAZINES,4.193338315362443,0.0,10.0
Sverige Tidningar,NEWS_AND_MAGAZINES,4.1,905.0,50000.0
Svenska Dagbladet,NEWS_AND_MAGAZINES,2.6,820.0,100000.0
Dragon Nest M,FAMILY,4.6,11872.0,100000.0
Downtown Mafia: Gang Wars (Mobster Game) Free,FAMILY,4.5,69013.0,1000000.0
DN Snacks,BUSINESS,4.193338315362443,0.0,1.0
Guardian Hunter: SuperBrawlRPG,FAMILY,4.5,364013.0,1000000.0
Sweden Newspapers,NEWS_AND_MAGAZINES,4.193338315362443,0.0,0.0
ES Remote,FAMILY,3.3,707.0,100000.0
MC.Fitting,PRODUCTIVITY,4.193338315362443,130.0,1000.0
Destiny Ninja Shall we date otome games love story,GAME,4.4,13079.0,500000.0
Day Night Live Wallpaper (All),PERSONALIZATION,4.7,4856.0,50000.0
CritDice - Dice Roller,FAMILY,4.7,2910.0,50000.0
Cursive Writing Wizard - Handwriting,FAMILY,4.0,3745.0,1000000.0
Free Poker Games : Downtown Casino - Texas Holdem,GAME,4.5,2032.0,50000.0
WFVS 2018 | WhatApp Full Video Status & Downloader,PRODUCTIVITY,4.3,596.0,50000.0
Maher EL Mouaikly - Offline,FAMILY,4.6,166.0,10000.0
Darkness Rises,FAMILY,4.7,456474.0,5000000.0
NARUTO X BORUTO NINJA VOLTAGE,GAME,4.4,267395.0,5000000.0
Sword Art Online: Integral Factor,FAMILY,4.0,45359.0,1000000.0
Mahalaxmi Dindarshika 2018,PRODUCTIVITY,4.2,25427.0,1000000.0
"Microsoft To-Do: List, Task & Reminder",PRODUCTIVITY,4.1,14432.0,1000000.0
PDF Reader - Scan、Edit & Share,BUSINESS,4.3,54520.0,10000000.0
To Do List,PRODUCTIVITY,4.7,253155.0,5000000.0
File Viewer for Android,TOOLS,4.1,7063.0,1000000.0
do,FAMILY,3.1,1073.0,100000.0
Does not Commute,GAME,4.0,154108.0,5000000.0
Todoist: To-do lists for task management & errands,PRODUCTIVITY,4.5,155998.0,10000000.0
To Do Reminder with Alarm,PRODUCTIVITY,4.4,72161.0,1000000.0
wikiHow: how to do anything,BOOKS_AND_REFERENCE,4.4,43088.0,1000000.0
"Ike - To-Do List, Task List",PRODUCTIVITY,4.6,6320.0,100000.0
Kung Fu Do Fighting,GAME,4.0,271214.0,10000000.0
"My Effectiveness: To do, Tasks",PRODUCTIVITY,4.6,14089.0,500000.0
Do it (Tomorrow),PRODUCTIVITY,4.3,26452.0,1000000.0
Do Not Disturb,PRODUCTIVITY,4.3,6120.0,100000.0
To-Do List Widget,PRODUCTIVITY,3.9,7801.0,1000000.0
NoteToDo. Notes. To do list,PRODUCTIVITY,4.5,57449.0,1000000.0
"Memory Helper - To do list, Notepad, Notes, Memo",PRODUCTIVITY,4.7,7566.0,500000.0
"2Do - Reminders, To-do List & Notes",PRODUCTIVITY,4.3,4649.0,100000.0
"Notes : Colorful Notepad Note,To Do,Reminder,Memo",LIFESTYLE,4.6,10484.0,1000000.0
"Time Planner - Schedule, To-Do List, Time Tracker",PRODUCTIVITY,4.2,2537.0,500000.0
MyLifeOrganized: To-Do List,PRODUCTIVITY,4.3,4441.0,100000.0
Cal - Google Calendar + Widget,PRODUCTIVITY,4.2,86172.0,1000000.0
"Clean My House – Chore To Do List, Task Scheduler",PRODUCTIVITY,4.1,661.0,100000.0
"Goal Meter: Goal Tracker, Habit Changer,To-Do List",PRODUCTIVITY,4.6,7969.0,100000.0
To-do list,PRODUCTIVITY,4.4,688.0,50000.0
Do Not Crash,FAMILY,3.7,56664.0,1000000.0
Do I Snore or Grind,MEDICAL,4.4,2295.0,100000.0
How well do you know me?,GAME,3.9,1290.0,100000.0
EasyNote Notepad | To Do List,TOOLS,4.3,15618.0,1000000.0
Apex Launcher,PERSONALIZATION,4.3,266434.0,10000000.0
Adobe Fill & Sign: Easy PDF Form Filler,PRODUCTIVITY,4.3,11402.0,1000000.0
DO YOU KNOW THE WAY Soundboard,FAMILY,4.5,1007.0,100000.0
Dude Perfect 2,GAME,4.5,401648.0,10000000.0
Endless Ducker,GAME,4.5,8193.0,500000.0
Dude Perfect,SPORTS,4.5,97.0,10000.0
that's lit,GAME,4.7,1115.0,100000.0
All Type DP,FAMILY,4.3,1853.0,500000.0
Dp For WhatsApp,PERSONALIZATION,4.4,1623.0,1000000.0
DP and Status for WhatsApp 2018,SOCIAL,4.5,787.0,100000.0
DP Editor,PHOTOGRAPHY,4.3,18.0,5000.0
DP & Status,FAMILY,4.3,1922.0,500000.0
Dp for girls,ART_AND_DESIGN,4.2,175.0,50000.0
DP Maker,PHOTOGRAPHY,4.2,784.0,100000.0
Download Instant DP (Full HD),TOOLS,4.3,1283.0,100000.0
Square DP For Whatsapp,PHOTOGRAPHY,4.2,67.0,10000.0
Profile pictures for WhatsApp,PERSONALIZATION,4.7,10786.0,500000.0
DP and Status,FAMILY,4.1,623.0,100000.0
Dp For Whatsapp,SOCIAL,4.3,39.0,5000.0
DP & Status for Whatsapp 2018,PERSONALIZATION,4.1,293.0,100000.0
DP Creator for WhatsApp,PHOTOGRAPHY,3.8,4813.0,100000.0
Dp For FB,PHOTOGRAPHY,4.5,12.0,1000.0
Best DP and Status (Daily Updates Photos),FAMILY,4.1,3003.0,1000000.0
Magical Insta DP,PHOTOGRAPHY,4.193338315362443,2.0,1000.0
Profile Pictures and DP for Whatsapp,SOCIAL,4.3,48.0,5000.0
All Types DP & Status Maker,PHOTOGRAPHY,4.5,16.0,1000.0
DP Photo Editor,PHOTOGRAPHY,4.1,88.0,10000.0
Status For WhatsApp DP - pro,PERSONALIZATION,4.4,49.0,10000.0
"Marathi DP - status and message,jokes,Video app",FAMILY,4.3,694.0,100000.0
Cute Images for Whatsapp,FAMILY,4.4,634.0,100000.0
Profile Pictures - Best DP Status,FAMILY,4.3,131.0,50000.0
Best DP and Status - All Type DP & Status,FAMILY,4.193338315362443,1.0,100.0
Dp for Facebook,SOCIAL,4.1,56.0,5000.0
Fifa World Cup 2018: Photo Frame Editor & DP Maker,PHOTOGRAPHY,4.6,666.0,100000.0
DP and Status Images | All Latest Status 2018,LIFESTYLE,4.7,25.0,10000.0
Best DP and Status,SOCIAL,4.2,93.0,10000.0
"100000+ Messages - DP, Status, Jokes & GIF 2018",LIFESTYLE,3.7,121.0,10000.0
Instant DP Downloader for Instagram,SOCIAL,4.7,38.0,5000.0
DP Display Pictures Life Quotes Motivational GM,SOCIAL,4.4,39.0,5000.0
Latest DP and Status Pro 2018,FAMILY,4.7,19.0,1000.0
Best DP And Video Status 2018 For Whatsapp,FAMILY,4.2,91.0,10000.0
Qeek for Instagram - Zoom profile insta DP,SOCIAL,4.6,12111.0,500000.0
DP Battle,FAMILY,4.5,132.0,5000.0
Faceoff DP Battle App,FAMILY,4.8,38.0,1000.0
Insta Square Profile DP,PHOTOGRAPHY,3.7,42.0,5000.0
Name Art DP - Focus n Filter Text 2018,ART_AND_DESIGN,4.3,132.0,10000.0
DP Status 2017,PHOTOGRAPHY,4.2,302.0,50000.0
Dairy Queen,FOOD_AND_DRINK,3.6,742.0,100000.0
DQ Texas,FOOD_AND_DRINK,4.1,336.0,100000.0
DQ Events,BUSINESS,2.3,41.0,10000.0
Dash Quest Heroes,GAME,4.3,8432.0,500000.0
Coupons for Dairy Queen,FOOD_AND_DRINK,4.6,42.0,100.0
DRAGON QUEST VIII,FAMILY,4.5,7812.0,50000.0
ODTMobile v4,BUSINESS,4.0,3.0,1000.0
DRAGON QUEST III,FAMILY,4.2,1661.0,10000.0
LightMeter (noAds),PHOTOGRAPHY,4.6,617.0,10000.0
DRAGON QUEST,FAMILY,4.2,9659.0,100000.0
DRAGON QUEST II,FAMILY,4.5,2576.0,10000.0
SONIC Drive-In,FOOD_AND_DRINK,4.3,19373.0,1000000.0
DRAGON QUEST VI,FAMILY,4.4,3358.0,100000.0
McDonald's,FOOD_AND_DRINK,3.6,145646.0,10000000.0
DQT GPS,BUSINESS,4.0,3.0,500.0
DQ Akses,TOOLS,4.193338315362443,0.0,1.0
Discovery Insure,MAPS_AND_NAVIGATION,2.8,1911.0,100000.0
Taco Bell,LIFESTYLE,3.8,28140.0,1000000.0
LightMeter Free,PHOTOGRAPHY,4.1,5485.0,1000000.0
CHRONO TRIGGER (Upgrade Ver.),FAMILY,3.8,11250.0,100000.0
ODTMobile,BUSINESS,3.4,15.0,10000.0
Whataburger,FOOD_AND_DRINK,4.5,5093.0,500000.0
FINAL FANTASY DIMENSIONS,FAMILY,4.3,8450.0,100000.0
Arby's,FOOD_AND_DRINK,3.1,194.0,100000.0
RPG Dragon Lapis,FAMILY,4.6,13492.0,100000.0
Find Fast Food,SHOPPING,3.3,272.0,100000.0
Jungle book-The Great Escape,GAME,3.9,2362.0,100000.0
Bunny Skater,GAME,4.2,139432.0,10000000.0
DQSalmaan - A fan made App,FAMILY,4.9,707.0,10000.0
Culver's,LIFESTYLE,3.9,1638.0,100000.0
Wendy’s – Food and Offers,FOOD_AND_DRINK,3.4,6512.0,1000000.0
World Webcams,WEATHER,3.7,7896.0,1000000.0
Dunkin' Donuts,FOOD_AND_DRINK,4.2,68270.0,1000000.0
SUBWAY®,FOOD_AND_DRINK,3.8,21381.0,1000000.0
The Walking Zombie: Dead City,GAME,4.6,58575.0,1000000.0
Monster Fishing 2018,SPORTS,4.4,32881.0,1000000.0
Call Blocker & Blacklist,COMMUNICATION,4.0,6.0,1000.0
Panera Bread,FOOD_AND_DRINK,4.2,10225.0,1000000.0
Dulquer Salmaan HD Wallpapers,PERSONALIZATION,4.193338315362443,1.0,100.0
IHOP®,FOOD_AND_DRINK,4.2,441.0,100000.0
Starbucks,FOOD_AND_DRINK,4.5,455496.0,10000000.0
myGrow,PRODUCTIVITY,4.6,84.0,1000.0
Dr. Parking 4,GAME,4.4,475369.0,50000000.0
Dr. Driving 2,GAME,4.6,358633.0,10000000.0
Anti-virus Dr.Web Light,TOOLS,4.5,1094094.0,100000000.0
dr.fone - Recovery & Transfer wirelessly & Backup,TOOLS,3.7,23347.0,5000000.0
Dr. Truck Driver : Real Truck Simulator 3D,FAMILY,4.1,1626.0,100000.0
Dr. Cares - Pet Rescue 911 🐶,FAMILY,4.2,14432.0,500000.0
Dr. Panda Town,FAMILY,4.0,36578.0,1000000.0
Dr. Parker : Parking Simulator,GAME,4.5,14253.0,1000000.0
Dr. Parker : Real car parking simulation,GAME,4.6,15829.0,1000000.0
Dr. Battery - Fast Charger - Super Cleaner 2018,TOOLS,4.5,101738.0,1000000.0
"Dr. Safety - Antivirus, Booster, Cleaner, AppLock",TOOLS,4.4,372553.0,10000000.0
DR TV,VIDEO_PLAYERS,3.3,6716.0,500000.0
Real Car Dr Parking Master: Parking Games 2018,FAMILY,4.2,3345.0,1000000.0
Doctor Kids,FAMILY,4.2,200450.0,10000000.0
Dr. Rocket,GAME,4.0,42182.0,1000000.0
Dr. Muscle,HEALTH_AND_FITNESS,4.0,87.0,10000.0
Dr. Dominoes,GAME,4.0,2700.0,500000.0
Dr. Sudoku,FAMILY,3.5,2310.0,500000.0
Dr.Web Security Space,TOOLS,4.5,594406.0,10000000.0
Dr. Unblock,FAMILY,3.9,3847.0,1000000.0
Dr. Gomoku,GAME,3.9,85317.0,5000000.0
Dr. Panda Farm,FAMILY,4.1,265.0,10000.0
DR.MEEP,FAMILY,4.4,54.0,500.0
Dr. Panda Art Class,FAMILY,4.2,1013.0,50000.0
Dr. Panda's Swimming Pool,FAMILY,4.4,2311.0,100000.0
Dr. Pixel: Pill mania Classic,FAMILY,4.3,2419.0,100000.0
Dr. Chess,GAME,4.1,97209.0,1000000.0
Super Dr. Parking 3D,FAMILY,4.0,4518.0,1000000.0
Dr Dre - Beatmaker,GAME,4.3,146.0,10000.0
Dr. Panda & Toto's Treehouse,FAMILY,4.4,3397.0,50000.0
Dr. Cares - Amy's Pet Clinic 🐈 🐕,FAMILY,4.5,3580.0,100000.0
Dr. Splorchy Presents Space Heroes,GAME,4.6,18.0,100.0
Pet Vet Dr - Animals Hospital,FAMILY,3.7,11748.0,1000000.0
Dr.Android Repair Master 2017,PRODUCTIVITY,3.8,1205.0,100000.0
DR CONTROL,FAMILY,3.4,267.0,10000.0
Dr Driving Racer,GAME,4.3,183.0,10000.0
Dr. McDougall Mobile Cookbook,HEALTH_AND_FITNESS,3.8,76.0,1000.0
Dr. Seuss's ABC,FAMILY,4.7,429.0,10000.0
Dr. Booster - Boost Game Speed,TOOLS,4.4,138872.0,10000000.0
Dr. Panda Hospital,FAMILY,4.4,1091.0,50000.0
Dr. Panda Café Freemium,FAMILY,4.1,11788.0,1000000.0
Dr. Panda Ice Cream Truck Free,FAMILY,4.4,23022.0,1000000.0
Dr. Doug's Tips,BOOKS_AND_REFERENCE,4.0,22.0,1000.0
Dr. 2048,FAMILY,3.9,1985.0,500000.0
Dr. Panda Restaurant 2,FAMILY,4.3,3725.0,100000.0
Dr. Panda Supermarket,FAMILY,4.2,1357.0,50000.0
Dr. Shogi,GAME,3.3,19291.0,1000000.0
DR Sebi's Alkaline List,FAMILY,4.0,68.0,5000.0
DraStic DS Emulator,GAME,4.6,87766.0,1000000.0
NDS Emulator - For Android 6,GAME,4.1,14002.0,1000000.0
Free DS Emulator,GAME,4.1,22896.0,1000000.0
nds4droid,GAME,3.4,107778.0,10000000.0
MegaNDS (NDS Emulator),GAME,3.4,2218.0,500000.0
DS file,PRODUCTIVITY,4.1,10676.0,1000000.0
DS finder,TOOLS,4.0,2596.0,500000.0
DS get,TOOLS,3.4,71852.0,5000000.0
DS cloud,TOOLS,3.2,4908.0,500000.0
DS photo,VIDEO_PLAYERS,3.8,7335.0,1000000.0
DS video,VIDEO_PLAYERS,3.8,12443.0,1000000.0
DS note,PRODUCTIVITY,3.9,2046.0,100000.0
DS cam,PRODUCTIVITY,3.6,3227.0,500000.0
DS router,TOOLS,3.8,253.0,50000.0
EmuBox - Fast Retro Emulator,GAME,3.9,1576.0,50000.0
Synology Drive,PRODUCTIVITY,3.2,368.0,100000.0
DS Creator 2.0,TOOLS,1.0,2.0,500.0
DS App Manager,TOOLS,4.6,14.0,1000.0
Simple x3DS Emulator - BETA,GAME,4.193338315362443,0.0,50000.0
DS Helpdesk Plus,BUSINESS,3.6,21.0,100.0
DS,FAMILY,4.9,15.0,100.0
Ability DS UNO,PRODUCTIVITY,4.193338315362443,3.0,50.0
DS Connector 2.0,TOOLS,2.6,5.0,500.0
DS Barometer - Altimeter and Weather Information,WEATHER,3.9,2962.0,100000.0
DS Companion,HEALTH_AND_FITNESS,4.193338315362443,0.0,50.0
DS-L4 Viewer,PHOTOGRAPHY,3.5,13.0,1000.0
DS Tower Defence,GAME,3.2,768.0,100000.0
DS-Admin,FAMILY,4.193338315362443,1.0,10.0
NDS-controller,TOOLS,3.3,35.0,1000.0
DS-11 form,BUSINESS,4.193338315362443,3.0,100.0
SmartCircle Remote DS,BUSINESS,4.193338315362443,2.0,500.0
RetroArch,GAME,3.8,21423.0,1000000.0
DS Speedometer & Odometer,MAPS_AND_NAVIGATION,3.9,22382.0,1000000.0
MegaN64 (N64 Emulator),FAMILY,4.6,877576.0,10000000.0
DS-20000S,PRODUCTIVITY,1.8,12.0,1000.0
DS Vision,BUSINESS,4.193338315362443,0.0,5.0
Learn DS [BETA],FAMILY,4.3,9.0,500.0
Deep Sleep Battery Saver Pro,TOOLS,3.9,1417.0,10000.0
DS - xR,BUSINESS,4.193338315362443,2.0,10.0
DS-Students,FAMILY,4.8,5.0,100.0
DS Thermometer,WEATHER,3.7,631.0,100000.0
PhotoFrame for Synology DS,PHOTOGRAPHY,4.0,1.0,10.0
Deep Sleep Battery Saver,TOOLS,4.1,22032.0,1000000.0
Draft Simulator for FUT 18,SPORTS,4.6,162933.0,5000000.0
DS Flashlight,TOOLS,4.0,127.0,10000.0
DS-82 form,BUSINESS,4.193338315362443,1.0,100.0
dt Pro,FINANCE,4.8,4.0,1000.0
DT,LIFESTYLE,4.193338315362443,0.0,100.0
DT Manager,PRODUCTIVITY,4.0,9.0,500.0
Real Sheet ∞: Pathfinder + DT,FAMILY,3.5,2.0,50.0
DT-CAM,FAMILY,4.193338315362443,6.0,1000.0
DT Fieldlink,BUSINESS,3.0,2.0,500.0
DT Driving Test Theory,FAMILY,4.6,477.0,10000.0
DT Smart,TOOLS,1.6,39.0,1000.0
Truck Simulator DT 3D,FAMILY,3.8,110.0,5000.0
DT Baby Cam,TOOLS,1.7,10.0,500.0
Bloons TD 5,FAMILY,4.6,190086.0,1000000.0
WPBS-DT,FAMILY,5.0,3.0,500.0
ReadyOp DT,COMMUNICATION,4.6,8.0,1000.0
Soccer Manager 2018,SPORTS,4.4,63779.0,1000000.0
Online Soccer Manager (OSM),SPORTS,4.5,1312936.0,10000000.0
DT-VR,FAMILY,3.8,25.0,1000.0
Dt Tracking,AUTO_AND_VEHICLES,4.0,4.0,100.0
DT Simple Interval Timer,SPORTS,4.1,10.0,1000.0
DT Health,MEDICAL,4.193338315362443,1.0,10.0
DT CLOTHINGS,SHOPPING,5.0,1.0,10.0
PAY DT,BUSINESS,4.193338315362443,0.0,1.0
Test Application DT 02,ART_AND_DESIGN,4.193338315362443,0.0,0.0
Eat Right Diet (by Dt Shreya's Family Diet Clinic),HEALTH_AND_FITNESS,4.193338315362443,0.0,10.0
DT Practice,BUSINESS,4.193338315362443,6.0,500.0
Dt. Jyothi Srinivas,HEALTH_AND_FITNESS,5.0,18.0,100.0
DT future1 cam,TOOLS,1.0,1.0,50.0
DT Freight,PRODUCTIVITY,4.193338315362443,0.0,1.0
Johor DT Lock Screen,PERSONALIZATION,4.193338315362443,13.0,1000.0
PES CLUB MANAGER,SPORTS,4.4,783025.0,10000000.0
Riptide GP: Renegade,GAME,4.7,4328.0,100000.0
Wheelie Challenge,GAME,4.6,137338.0,5000000.0
DT NO.I,HEALTH_AND_FITNESS,2.4,44.0,1000.0
DT Technologies,SHOPPING,4.193338315362443,0.0,10.0
DTPay,SHOPPING,4.5,18.0,1000.0
"""i DT"" Fútbol. Todos Somos Técnicos.",SPORTS,4.193338315362443,27.0,500.0
MasterDT,SPORTS,4.193338315362443,24.0,100.0
Top Soccer Manager,SPORTS,4.4,199739.0,10000000.0
The Secret Daily Teachings,LIFESTYLE,4.3,206.0,1000.0
Spring flowers theme couleurs d t space,ART_AND_DESIGN,5.0,1.0,100.0
Soccer Board Tactics,SPORTS,4.1,6231.0,100000.0
Dirt Trackin Sprint Cars,GAME,3.8,499.0,10000.0
senior easy phone,PERSONALIZATION,3.9,168.0,50000.0
dt.se,NEWS_AND_MAGAZINES,3.1,124.0,10000.0
WhatsVPN - Unlimited Free VPN,TOOLS,4.7,24985.0,500000.0
Cache Cleaner-DU Speed Booster (booster & cleaner),TOOLS,4.5,12759815.0,100000000.0
du app,LIFESTYLE,3.5,7578.0,1000000.0
DU Battery Saver - Battery Charger & Battery Life,TOOLS,4.5,13479633.0,100000000.0
DU Antivirus Security - Applock & Privacy Guard,TOOLS,4.6,436615.0,10000000.0
DU Cleaner – Memory cleaner & clean phone cache,TOOLS,4.5,465831.0,10000000.0
DU Launcher - Boost Your Phone,PERSONALIZATION,4.5,67707.0,1000000.0
DU Security,TOOLS,4.4,4847.0,100000.0
DU Browser—Browse fast & fun,COMMUNICATION,4.3,1133539.0,10000000.0
DU Privacy-hide apps、sms、file,VIDEO_PLAYERS,4.4,21762.0,1000000.0
DU Browser Mini(Small&Fast),TOOLS,4.2,20941.0,1000000.0
Caller ID & Call Block - DU Caller,COMMUNICATION,4.6,93930.0,5000000.0
Lock Screen - DU Locker & Lock screen wallpaper,TOOLS,4.5,5174.0,100000.0
du View,FAMILY,3.8,935.0,50000.0
DU Emoji Keyboard（Simeji）,TOOLS,4.3,19234.0,500000.0
"DU GIF Maker: GIF Maker, Video to GIF & GIF Editor",PHOTOGRAPHY,4.6,7605.0,500000.0
DU Flashlight - Brightest LED & Flashlight Free,TOOLS,4.3,73821.0,5000000.0
Upgrade for Android DU Master,TOOLS,3.6,12993.0,1000000.0
Modern: DU Launcher Theme,PERSONALIZATION,4.2,868.0,50000.0
Weather Forecast Pro,WEATHER,4.7,14051.0,100000.0
Night: DU Launcher Theme,PERSONALIZATION,4.3,1419.0,50000.0
DU Collage Maker - Photo Collage & Grid & Layout,PHOTOGRAPHY,4.7,4595.0,100000.0
Du Chinese – Mandarin Lessons,FAMILY,4.8,3390.0,100000.0
Portes du Soleil,SPORTS,3.1,500.0,50000.0
Sword of Chaos - Lame du Chaos,GAME,4.5,23599.0,100000.0
Hadith du jour,FAMILY,4.4,276.0,50000.0
Bible du Semeur-BDS (French),BOOKS_AND_REFERENCE,4.5,313.0,50000.0
La citadelle du musulman,BOOKS_AND_REFERENCE,4.5,314.0,50000.0
Voyance du pyromancien,FAMILY,4.193338315362443,22.0,5000.0
Clean My Android,PRODUCTIVITY,4.7,101163.0,5000000.0
Citation du Jour - Motivation,FAMILY,4.1,321.0,100000.0
La Poupée du Voyant,FAMILY,4.4,265.0,50000.0
Star Chart,FAMILY,4.3,128808.0,10000000.0
APUS Booster - Space Cleaner & Booster,PRODUCTIVITY,4.6,1048766.0,10000000.0
Officiel du SCRABBLE LAROUSSE,BOOKS_AND_REFERENCE,3.4,116.0,5000.0
Proverbes du monde,FAMILY,4.193338315362443,38.0,10000.0
"GO Security－AntiVirus, AppLock, Booster",TOOLS,4.7,1251479.0,10000000.0
iSmart DV,VIDEO_PLAYERS,3.6,5692.0,1000000.0
dv Prompter,VIDEO_PLAYERS,3.7,321.0,50000.0
Sports DV,LIFESTYLE,2.1,86.0,10000.0
Live DV,PHOTOGRAPHY,2.0,16.0,1000.0
Mini DV,AUTO_AND_VEHICLES,3.5,12.0,5000.0
DV-2019 Results,FAMILY,4.3,158.0,10000.0
AKASO DV,TOOLS,2.4,99.0,10000.0
DV-LOTTERY 2019 REGISTRATION,FAMILY,4.5,97.0,10000.0
Selfie DV,TOOLS,2.8,29.0,1000.0
DV-4036 by Somikon,PHOTOGRAPHY,4.193338315362443,17.0,1000.0
DV 2019 Entry Guide,BOOKS_AND_REFERENCE,4.5,92.0,10000.0
Touch DV,PHOTOGRAPHY,4.193338315362443,1.0,50.0
Porch DV,HOUSE_AND_HOME,2.8,5.0,1000.0
DV 2019 - EDV Photo & Form,BOOKS_AND_REFERENCE,3.9,314.0,50000.0
SDV Cam,TOOLS,3.2,67.0,10000.0
XDV,PHOTOGRAPHY,3.1,6827.0,1000000.0
WiFi Action Camera,SPORTS,2.4,551.0,100000.0
DV Car Service,MAPS_AND_NAVIGATION,4.6,10.0,100.0
DV Lottery Photo,VIDEO_PLAYERS,2.9,23.0,5000.0
DV Lottery Photo Tool,PHOTOGRAPHY,4.0,223.0,50000.0
iCam - Webcam Video Streaming,TOOLS,3.7,770.0,10000.0
DV KING 4K,PHOTOGRAPHY,2.3,3.0,100.0
Wifi Action Camera,PHOTOGRAPHY,2.9,118.0,50000.0
US DV Lottery 2020 Apply,TRAVEL_AND_LOCAL,4.6,41.0,10000.0
DV-2019 PHOTO TOOL,FAMILY,4.3,21.0,1000.0
DV ASSIST,FAMILY,5.0,1.0,100.0
4K Ultra Camera,PHOTOGRAPHY,4.2,382.0,100000.0
DV Lottery Simulator,FAMILY,4.6,13.0,1000.0
U.S.A DV Lottery Process,FAMILY,4.5,8.0,1000.0
DV Statistics,SOCIAL,4.2,6.0,100.0
DV 2018 Winners Guide,BOOKS_AND_REFERENCE,4.8,11.0,1000.0
MelifeCam-M,VIDEO_PLAYERS,3.5,81.0,10000.0
DV-2019 UK/British,FAMILY,4.6,166.0,5000.0
GoPlus Cam,VIDEO_PLAYERS,3.5,3484.0,500000.0
GoAction,VIDEO_PLAYERS,3.6,1522.0,100000.0
DV Portfolio,TOOLS,4.193338315362443,0.0,50.0
DV Youth,LIFESTYLE,5.0,5.0,100.0
DV KING,PHOTOGRAPHY,3.0,2.0,100.0
DV - Digito Verificador,TOOLS,4.193338315362443,2.0,500.0
DV Web Design Tips,PRODUCTIVITY,4.193338315362443,1.0,10.0
DENVER ACTION CAM 3,PHOTOGRAPHY,2.9,66.0,10000.0
4K VIDEO PLAYER ULTRA HD,VIDEO_PLAYERS,3.7,20.0,5000.0
US DV Lottery 2019,TRAVEL_AND_LOCAL,4.6,14.0,1000.0
BlueDV AMBE,COMMUNICATION,4.193338315362443,0.0,1000.0
Hotel Insanity,GAME,4.2,3816.0,100000.0
SportCAM,TOOLS,3.2,427.0,100000.0
SportLook,PHOTOGRAPHY,2.5,1283.0,100000.0
DW - Breaking World News,NEWS_AND_MAGAZINES,4.4,17671.0,1000000.0
"DW Learn German - A1, A2, B1 and placement test",FAMILY,4.3,902.0,100000.0
DW Mobile,BUSINESS,2.7,33.0,10000.0
DW Spectrum™ IPVMS Mobile,BUSINESS,4.0,44.0,10000.0
DW Amharic by AudioNow Digital,NEWS_AND_MAGAZINES,4.5,322.0,10000.0
DW VMAX,TOOLS,3.4,843.0,100000.0
News: DW Español,NEWS_AND_MAGAZINES,4.3,25.0,1000.0
DW Contacts & Phone & Dialer,COMMUNICATION,4.3,21186.0,1000000.0
DW,NEWS_AND_MAGAZINES,4.193338315362443,0.0,10000.0
DW Arabic By dw-arab.com,NEWS_AND_MAGAZINES,4.3,386.0,50000.0
DW Espanol,NEWS_AND_MAGAZINES,4.193338315362443,0.0,100.0
News :DW Bangali,NEWS_AND_MAGAZINES,4.193338315362443,1.0,10.0
Learn German: Die Bienenretter,FAMILY,4.0,25.0,5000.0
News: DW Hausa,NEWS_AND_MAGAZINES,4.9,9.0,1000.0
DW Spectrum™ IP VMS,BUSINESS,3.4,102.0,10000.0
DW Audio,FAMILY,4.9,38.0,1000.0
DW Contacts widget,TOOLS,4.3,56.0,1000.0
DW فارسی By dw-arab.com,NEWS_AND_MAGAZINES,4.7,11.0,1000.0
German Listening,FAMILY,4.8,18298.0,500000.0
Deaf World DW,COMMUNICATION,4.3,298.0,10000.0
DW Event,EVENTS,4.3,9.0,1000.0
DW Witness,BUSINESS,4.0,6.0,500.0
Fahrschule DW,FAMILY,4.193338315362443,5.0,1000.0
Downvids Helper - One touch DW,VIDEO_PLAYERS,3.5,197.0,10000.0
DW Tech Tools,BUSINESS,4.193338315362443,1.0,100.0
DW Security,BUSINESS,5.0,6.0,100.0
News: RFI Hausa,NEWS_AND_MAGAZINES,4.7,10.0,1000.0
ZAK DW,BUSINESS,4.193338315362443,0.0,10.0
DW Contacts Wear,TOOLS,4.2,37.0,5000.0
Hausa Radio,NEWS_AND_MAGAZINES,4.4,3375.0,100000.0
Digi Dex for DW Next Order @PS4,TOOLS,4.2,155.0,10000.0
DW Timer,TOOLS,5.0,9.0,100.0
DW Streaming,SOCIAL,4.193338315362443,0.0,1000.0
RETRO Shocked DW-6000,PERSONALIZATION,5.0,13.0,100.0
VMAX IP Plus Mobile Client,BUSINESS,2.0,9.0,1000.0
Rose Gold DW Watch Theme,PERSONALIZATION,4.193338315362443,1.0,100.0
DW Maps,TRAVEL_AND_LOCAL,3.7,35.0,10000.0
DW Uninstall Applications,TOOLS,4.193338315362443,0.0,10.0
Bodyworks DW,HEALTH_AND_FITNESS,4.193338315362443,0.0,10.0
DW Cleaner,TOOLS,4.193338315362443,7.0,500.0
DW Missed call cleaner patch,TOOLS,3.9,65.0,5000.0
Swahili Radio,NEWS_AND_MAGAZINES,4.5,171.0,10000.0
Black Classic DW Watch Theme,PERSONALIZATION,4.193338315362443,1.0,100.0
White Classic Petite Watch Theme for DW,LIFESTYLE,4.193338315362443,2.0,500.0
D.W Bien Être,HEALTH_AND_FITNESS,4.193338315362443,0.0,10.0
DX,SHOPPING,3.1,6697.0,500000.0
Direct Express®,FINANCE,4.5,6156.0,500000.0
Retro City Rampage DX,GAME,4.7,416.0,10000.0
KeePass DX,TOOLS,4.193338315362443,0.0,5000.0
PORTABLE SOCCER DX,SPORTS,4.4,552.0,5000.0
Across Age DX,FAMILY,3.8,5964.0,500000.0
ZOOKEEPER DX TouchEdition,FAMILY,4.2,3195.0,100000.0
Ham DX Cluster & Spots Finder,COMMUNICATION,4.5,115.0,5000.0
KeePass DX Pro,TOOLS,4.193338315362443,0.0,100.0
DX Alerts,LIFESTYLE,4.5,22.0,1000.0
Piczle Lines DX,FAMILY,4.6,281.0,5000.0
PORTABLE SOCCER DX Lite,SPORTS,4.2,15068.0,1000000.0
DX Spots Free,TOOLS,4.5,46.0,1000.0
3DAnimeGirl DX DreamPortrait KAWAII Girl DressUp,FAMILY,4.2,449.0,10000.0
Bubble Shooter DX,FAMILY,4.2,636.0,100000.0
DX Alert,TOOLS,4.1,27.0,1000.0
Age of Procreation DX,FAMILY,4.3,1894.0,100000.0
Chronolink DX,FAMILY,5.0,7.0,10.0
DX Simulation for OOO Dx Belt,FAMILY,4.6,67.0,10000.0
Differential Dx Free,MEDICAL,4.0,238.0,50000.0
Tricky Bike Stunt Rider DX,FAMILY,4.4,16.0,500.0
DX Gashacon Sword for Ex-Aid Henshin,FAMILY,4.193338315362443,17.0,1000.0
DX Simulation Belt for Build henshin,FAMILY,4.5,182.0,10000.0
Active Soccer 2 DX,SPORTS,3.6,28.0,500.0
DX Simulation for Kabuto Henshin Belt 2018,FAMILY,4.6,14.0,5000.0
DX Simulation for Decade Henshin Belt 2018,FAMILY,4.193338315362443,23.0,5000.0
Elemental Galaxy Dx - Match3,FAMILY,4.0,127.0,10000.0
DX Simulation for Double Dx Henshin Belt 2018,FAMILY,4.6,33.0,5000.0
Mircules DX Cluster Lite,COMMUNICATION,4.5,51.0,5000.0
DX Simulation Belt for Decade henshin,FAMILY,4.5,64.0,5000.0
Chronolink DX Lite,FAMILY,4.193338315362443,2.0,10.0
Shoot! DX - lights for FREE,GAME,4.193338315362443,4.0,100.0
Bubble Shooter DX AdFree,FAMILY,4.193338315362443,1.0,50.0
Human Dx,MEDICAL,4.8,6.0,500.0
Santa's Monster Shootout DX,GAME,5.0,4.0,50.0
DX Glow - Clock Widget,PERSONALIZATION,4.4,5.0,50.0
iCluster - The DX-Cluster database,COMMUNICATION,4.193338315362443,0.0,10.0
MBU DX Cluster,TOOLS,4.0,5.0,500.0
Dress Up RagazzA13 DX,FAMILY,3.5,13.0,100.0
Cloud DX Connected Health,HEALTH_AND_FITNESS,5.0,6.0,100.0
DX Simulation for X-aid Dx Belt,FAMILY,4.0,35.0,5000.0
Unstoppaball DX,FAMILY,4.2,5.0,50.0
Differential Dx,MEDICAL,4.0,8.0,500.0
Sokoban Land DX,FAMILY,3.9,46.0,10000.0
Multiple Sclerosis Dx & Mgmt.,MEDICAL,4.5,131.0,10000.0
Dx Ludo,FAMILY,3.6,215.0,50000.0
My Dy Dice - 3D Dice Roller,LIFESTYLE,4.2,9.0,100.0
Dy So Exam,FAMILY,3.0,6.0,1000.0
edp re:dy,TOOLS,3.0,172.0,10000.0
Dr. D. Y. Patil Vidyapeeth GBS,FAMILY,4.0,3.0,100.0
edp re:dy smarthome,TOOLS,3.4,30.0,5000.0
KPS CHAUHAN DY/DX,FAMILY,4.9,37.0,100.0
DY Fitness,HEALTH_AND_FITNESS,4.193338315362443,0.0,10.0
dy n fly,LIFESTYLE,4.193338315362443,1.0,50.0
Cnady Selfie : You Can Dy Snap Camera,PERSONALIZATION,4.193338315362443,8.0,1000.0
junainfo.dy.fi,TRAVEL_AND_LOCAL,4.193338315362443,8.0,100.0
DY TECHNICAL GYAN,BUSINESS,4.0,2.0,10.0
JONACK (D Story Teller),FAMILY,4.4,152.0,10000.0
American Sniper City Fight Shooting Assassin,GAME,4.1,395.0,50000.0
Guardians of Ancora,FAMILY,4.4,969.0,50000.0
Train Sim Pro,FAMILY,4.0,1763.0,10000.0
Displaying You VR,PHOTOGRAPHY,4.193338315362443,1.0,50.0
Cute Dolphin Keyboard,PERSONALIZATION,4.5,237.0,10000.0
Truck Transport Raw Material,FAMILY,4.2,632.0,100000.0
Hidden Camera Detector,TOOLS,3.9,167.0,10000.0
DYPhyzio-Physiology Forum,FAMILY,4.193338315362443,4.0,100.0
Street Skater 3D,GAME,3.6,120852.0,10000000.0
DYPSOET,FAMILY,5.0,8.0,50.0
Triceratops - Dino Robot,FAMILY,4.4,3032.0,1000000.0
Differential Equations Steps,FAMILY,3.6,1185.0,100000.0
Dz Dinars Numbers to letters,PRODUCTIVITY,4.7,2807.0,100000.0
dz NEWS Algerie,NEWS_AND_MAGAZINES,4.2,2318.0,100000.0
Siyaha Dz,TRAVEL_AND_LOCAL,4.5,289.0,10000.0
CCP DZ : Fill out a check | Number in letters DZD,FINANCE,4.7,642.0,10000.0
DZ Puzzle,FAMILY,4.193338315362443,14.0,10.0
DZ Mobile Market,SHOPPING,4.193338315362443,59.0,10000.0
3G DZ Configuration,COMMUNICATION,4.3,488.0,50000.0
3G/4G Config Dz,TOOLS,4.2,2058.0,100000.0
Drugs Dz - Algeria,MEDICAL,4.4,187.0,10000.0
amm dz,FINANCE,4.193338315362443,0.0,1.0
IRIS : Customer Service - DZ Algeria,TRAVEL_AND_LOCAL,4.7,57.0,1000.0
Numbers Into Words,PRODUCTIVITY,4.4,457.0,50000.0
Dz kayas,FINANCE,4.193338315362443,0.0,1.0
Météo Algérie DZ,WEATHER,4.1,1238.0,100000.0
DZ Popup Video Player,VIDEO_PLAYERS,4.5,83.0,5000.0
DZ PROMOS - Promotions & Sale Alerts in Algeria,SHOPPING,4.1,331.0,50000.0
JNews DZ - Algerian Newspapers,NEWS_AND_MAGAZINES,4.0,146.0,10000.0
DZ-JOKER,GAME,4.193338315362443,6.0,100.0
Super ball DZ,GAME,4.193338315362443,24.0,1000.0
Ouedkniss,SHOPPING,4.3,10355.0,1000000.0
Files To SD Card Pro,TOOLS,4.2,994.0,100000.0
News Dz,SOCIAL,4.193338315362443,3.0,10.0
My Ooredoo Algeria,TOOLS,4.2,3606.0,100000.0
Currency Exchange DZ,FINANCE,4.193338315362443,4.0,1000.0
PHARMAGUIDE (DZ),HEALTH_AND_FITNESS,4.1,131.0,5000.0
لعبة تقدر تربح DZ,FAMILY,4.2,238.0,10000.0
DEM DZ,HEALTH_AND_FITNESS,4.193338315362443,2.0,100.0
chat dz,COMMUNICATION,5.0,8.0,100.0
Devise Dz,FINANCE,4.0,26.0,1000.0
BAC DZ Questionnaire,FAMILY,4.0,38.0,5000.0
Ludo Dz,GAME,4.5,17.0,500.0
ONEC DZ,FAMILY,4.193338315362443,40.0,1000.0
Agent HQ for The Division,FAMILY,4.1,1060.0,100000.0
DZ Urgences,FAMILY,4.193338315362443,16.0,500.0
infirmiers,MEDICAL,4.7,125.0,10000.0
DZ sim,TOOLS,4.4,417.0,10000.0
Tuberculose Dz,MEDICAL,4.9,26.0,1000.0
DZ Fly Algérie Horaire Vols,TRAVEL_AND_LOCAL,3.6,114.0,10000.0
3G to 4G Converter - Simulator,TOOLS,4.2,268.0,10000.0
dekoreko-dz,SHOPPING,4.193338315362443,16.0,500.0
ChangeDA - Cours du DZD sur le marché parallèle,FINANCE,4.4,188.0,10000.0
dz press,NEWS_AND_MAGAZINES,4.193338315362443,30.0,1000.0
Tunisian Dinar: Exchange rate,FINANCE,4.5,625.0,10000.0
love sms good morning,COMMUNICATION,4.2,10.0,5000.0
Dz Camera,TOOLS,4.193338315362443,1.0,10.0
quran-DZ,SOCIAL,4.193338315362443,0.0,10.0
DZ Blagues,FAMILY,4.2,580.0,10000.0
DZ Register,PRODUCTIVITY,4.193338315362443,0.0,1.0
EA SPORTS UFC®,SPORTS,4.5,2371338.0,50000000.0
NBA LIVE Mobile Basketball,SPORTS,4.4,1690802.0,50000000.0
Need for Speed™ No Limits,GAME,4.4,3344300.0,50000000.0
Real Racing 3,FAMILY,4.5,354454.0,10000000.0
Madden NFL Football,FAMILY,4.5,1455952.0,10000000.0
EA SPORTS™ FIFA 18 Companion,SPORTS,3.9,282727.0,10000000.0
The Simpsons™: Tapped Out,FAMILY,4.3,636995.0,10000000.0
Plants vs. Zombies™ 2,FAMILY,4.4,567632.0,10000000.0
Star Wars™: Galaxy of Heroes,FAMILY,4.5,1461698.0,10000000.0
Dungeon Keeper,FAMILY,4.0,69574.0,500000.0
Lost Journey (Dreamsky),GAME,4.5,32344.0,1000000.0
TETRIS,FAMILY,4.0,199808.0,10000000.0
Bejeweled Classic,FAMILY,4.4,203101.0,5000000.0
NBA JAM by EA SPORTS™,FAMILY,4.3,56444.0,500000.0
EA Plus,TRAVEL_AND_LOCAL,2.5,12.0,1000.0
TETRIS Blitz,FAMILY,4.4,201631.0,5000000.0
POGO Games,FAMILY,3.8,32600.0,1000000.0
SW Battlefront Companion,FAMILY,4.4,93870.0,1000000.0
Bejeweled Blitz,FAMILY,4.2,222664.0,10000000.0
Peggle Blast,GAME,4.1,166251.0,5000000.0
Heroes of Dragon Age,GAME,4.2,70389.0,1000000.0
SCRABBLE,GAME,3.9,172281.0,5000000.0
Asphalt Xtreme: Rally Racing,GAME,4.5,567984.0,10000000.0
FIFA 16 Soccer,SPORTS,4.1,820577.0,10000000.0
League of Stickman 2018- Ninja Arena PVP(Dreamsky),GAME,4.4,32496.0,1000000.0
Modern Combat 5: eSports FPS,GAME,4.3,2903386.0,100000000.0
Bejeweled Stars: Free Match 3,FAMILY,4.5,85484.0,1000000.0
Mass Effect: Andromeda APEX HQ,GAME,3.4,4490.0,100000.0
Mirror’s Edge™ Companion,GAME,3.4,1995.0,100000.0
Stickman Legends: Shadow Wars,GAME,4.4,38419.0,1000000.0
MLB Perfect Inning 2018,SPORTS,4.2,42767.0,1000000.0
Gear.Club - True Racing,GAME,4.4,140658.0,1000000.0
Plants vs. Zombies™ Watch Face,FAMILY,3.5,33178.0,1000000.0
Real Football,SPORTS,4.1,585564.0,10000000.0
Typical EA Game,FAMILY,4.6,33.0,100.0
EB Mobile,FAMILY,1.7,1172.0,10000.0
EB Events,TRAVEL_AND_LOCAL,3.3,97.0,10000.0
i am EB,PHOTOGRAPHY,5.0,1.0,10.0
EB-Link,BUSINESS,4.8,6.0,100.0
Debra Care Conference,BUSINESS,4.193338315362443,0.0,50.0
Exchange Bank - EB Mobile,FINANCE,4.6,8.0,1000.0
TANGEDCO Mobile App (Official),BUSINESS,3.3,2915.0,500000.0
EB-TV,SPORTS,4.193338315362443,6.0,1000.0
Free E B Garamond Cool Font,PERSONALIZATION,4.2,410.0,100000.0
EB Kit,BUSINESS,4.193338315362443,4.0,100.0
Epson iProjection,PRODUCTIVITY,3.5,3930.0,1000000.0
TN e Sevai TN EB Bill Patta Citta EC Birth All Hub,SOCIAL,3.7,23.0,5000.0
EB Scanner,PRODUCTIVITY,5.0,9.0,50.0
TNEB Bill Online Payment (Tamil),SOCIAL,4.193338315362443,7.0,5000.0
EB Demo for Android,FAMILY,4.193338315362443,0.0,10.0
eBay Kleinanzeigen for Germany,SHOPPING,4.6,318142.0,10000000.0
Mental Hospital:EB 2 Lite,GAME,4.1,5341.0,100000.0
EB Annual Meetings,BOOKS_AND_REFERENCE,3.5,11.0,1000.0
UP EB Bill Payment & Details,SOCIAL,5.0,3.0,50.0
EB-Banking (ersetzt),FINANCE,4.193338315362443,24.0,1000.0
Tamilnadu EB Online Payment,FINANCE,3.7,155.0,100000.0
Online Kerala EB Bill Pay,FINANCE,4.0,37.0,5000.0
EB Remote Deposit,BUSINESS,4.193338315362443,0.0,10.0
EB-Chat – For my Events,EVENTS,4.193338315362443,2.0,10.0
বাংলাflix,FAMILY,4.2,1111.0,100000.0
EB Experience,LIFESTYLE,4.193338315362443,0.0,1.0
TNEB Quick Pay Easy,FINANCE,4.5,28.0,10000.0
TNEB,BUSINESS,3.8,1777.0,100000.0
TNEB Bill Checker / TNEB Bill Status,FINANCE,2.5,2.0,1000.0
Skin Disease,BEAUTY,4.0,1.0,100.0
Schlaumeier,BOOKS_AND_REFERENCE,4.193338315362443,0.0,5.0
Bihar Land Records - RoR and EB Quick Pay,TOOLS,4.0,8.0,1000.0
TNEB Reading,TOOLS,4.1,28.0,10000.0
Eb & flow Yoga Studio,HEALTH_AND_FITNESS,4.193338315362443,0.0,10.0
Audiowalk EB,TRAVEL_AND_LOCAL,4.193338315362443,0.0,10.0
RPG ブレイジング ソウルズ アクセレイト,FAMILY,3.4,159.0,1000.0
Tamilnadu Electricity Info,TOOLS,3.6,216.0,10000.0
Punjab Online - Land Records • EB Bill Pay • RC/DL,TOOLS,3.4,16.0,5000.0
"energyly (TNEB,BESCOM,MH,DL..)",TOOLS,3.9,627.0,10000.0
Paraglider Dashboard,SPORTS,4.6,549.0,50000.0
Goodbox - Mega App,COMMUNICATION,4.3,3429.0,100000.0
Exército Brasileiro,PRODUCTIVITY,4.7,1730.0,100000.0
EB Cash Collections,BUSINESS,5.0,1.0,5.0
TN Electricity (TNEB),LIFESTYLE,3.9,73.0,10000.0
Electrician Calculator Pro,TOOLS,3.9,47.0,1000.0
"Call Blocker - Blacklist, SMS Blocker",COMMUNICATION,4.2,30350.0,1000000.0
英漢字典 EC Dictionary,FAMILY,4.3,55408.0,1000000.0
EC - AP & Telangana,BOOKS_AND_REFERENCE,3.5,10.0,5000.0
TN EC Online New,SOCIAL,4.193338315362443,7.0,1000.0
"TN Patta, Chitta, EC",TOOLS,4.1,633.0,100000.0
TN Patta Chitta EC Info,TOOLS,4.2,1611.0,100000.0
EC music dictionary,TOOLS,4.4,20.0,500.0
EC Security,LIFESTYLE,4.5,13.0,1000.0
TN Patta Citta & EC,BOOKS_AND_REFERENCE,3.8,48.0,10000.0
EC - Encumbrance Search - telangana state,BUSINESS,3.4,45.0,10000.0
Ec Solutions Mobile,BUSINESS,4.193338315362443,0.0,10.0
Encumbrance Certificate - (Obsolete),BUSINESS,3.9,184.0,50000.0
"My Handbook : EE, EC, EI, E&T, EEE, EECS",FAMILY,4.5,3776.0,100000.0
ec-Work,PRODUCTIVITY,4.193338315362443,3.0,100.0
ec.tv,LIFESTYLE,4.193338315362443,0.0,50.0
EC-HRV test,SPORTS,3.0,9.0,1000.0
EC MANAGER,VIDEO_PLAYERS,4.193338315362443,2.0,100.0
Barry EC,TOOLS,4.1,14.0,1000.0
New Holland Agriculture T5 EC,PRODUCTIVITY,4.6,12.0,1000.0
tv-ec,FAMILY,4.193338315362443,1.0,50.0
EC Taximeter,PRODUCTIVITY,3.9,162.0,10000.0
Walk Freely (Ec Shlire),TOOLS,4.7,62.0,1000.0
EC Apps List,TOOLS,4.5,2.0,100.0
AP Stamps and Registration,BOOKS_AND_REFERENCE,3.4,82.0,10000.0
EC Calgary,FAMILY,5.0,6.0,100.0
Victoria EC,TOOLS,5.0,5.0,500.0
EC SPORTS,SPORTS,5.0,1.0,10.0
ECナビ×シュフー,LIFESTYLE,4.0,576.0,50000.0
EC Designer 2.0,TOOLS,4.193338315362443,0.0,50.0
Arrayanes EC,LIFESTYLE,4.193338315362443,2.0,100.0
EC Reps,BUSINESS,4.0,1.0,100.0
EC QR,PRODUCTIVITY,4.193338315362443,0.0,10.0
EC Tax,FINANCE,4.9,8.0,500.0
EC Fairgrounds,FAMILY,5.0,3.0,500.0
CompactiMa EC pH Calibration,BOOKS_AND_REFERENCE,4.193338315362443,0.0,100.0
Kiamichi EC,TOOLS,4.6,7.0,1000.0
EC Games Datecs,SPORTS,4.193338315362443,76.0,10000.0
TN Patta /Chitta /EC New,SOCIAL,4.8,5.0,100.0
HOLSTON EC,TOOLS,4.1,7.0,1000.0
FILL EC,BUSINESS,4.1,13.0,100.0
Marítimo EC,TOOLS,4.193338315362443,1.0,10.0
EC-Contractors,HOUSE_AND_HOME,4.193338315362443,0.0,1.0
GATE Syllabus for EC 2018 & Notifications,FAMILY,4.7,23.0,1000.0
EC Sampler,PRODUCTIVITY,4.193338315362443,0.0,1.0
EC Mover,GAME,5.0,5.0,10.0
SCS eC,PRODUCTIVITY,4.4,7.0,100.0
My EF,FAMILY,3.3,4114.0,100000.0
EF Mentor: Words,FAMILY,4.0,403.0,50000.0
EF Smart English for Phone,FAMILY,3.5,208.0,10000.0
My EF Center,FAMILY,2.8,89.0,10000.0
EF Mentor: Sounds,FAMILY,4.193338315362443,19.0,5000.0
EF English Live Business,FAMILY,3.6,496.0,100000.0
EF Classroom,FAMILY,3.2,190.0,50000.0
EF English Live for phone,FAMILY,3.6,2210.0,100000.0
EF Smart English,FAMILY,3.7,150.0,5000.0
EF English Live Business Tablet,FAMILY,3.3,279.0,10000.0
EF English Live for tablets,FAMILY,3.1,1242.0,50000.0
EF Parеnts,FAMILY,4.1,435.0,50000.0
EF Teacher,FAMILY,3.1,16.0,1000.0
English Bite,FAMILY,3.5,268.0,10000.0
EF/VR – VR Tours of EF Schools,FAMILY,3.6,17.0,1000.0
EF Events,EVENTS,5.0,7.0,100.0
EF Go Ahead Tour Companion,TRAVEL_AND_LOCAL,2.3,23.0,1000.0
EF Summits,TRAVEL_AND_LOCAL,4.193338315362443,0.0,100.0
EF Sidekick,VIDEO_PLAYERS,3.1,36.0,5000.0
EF-myHR,FINANCE,2.9,26.0,1000.0
EF Spelling Bee,FAMILY,3.0,2.0,500.0
Education First FCU Mobile,FINANCE,2.9,204.0,10000.0
Travelmoji,FAMILY,3.9,13.0,500.0
EF Forms,BUSINESS,5.0,2.0,50.0
EFAmbassador,FAMILY,4.193338315362443,5.0,100.0
Agenda EF,FAMILY,3.4,79.0,5000.0
EF App,BUSINESS,5.0,8.0,100.0
EF Lens Simulator,PHOTOGRAPHY,4.193338315362443,2.0,100.0
EF Coach,HEALTH_AND_FITNESS,4.8,17.0,500.0
e-Docente EI/anos iniciais EF,FAMILY,4.193338315362443,2.0,1000.0
EF Universe: Endless Battle,FAMILY,4.2,5.0,50.0
[EF]ShoutBox,COMMUNICATION,4.193338315362443,3.0,100.0
EF Catalogues · Kataloge,BUSINESS,4.193338315362443,15.0,500.0
EF Staff,PRODUCTIVITY,4.193338315362443,0.0,100.0
EF Academy,HEALTH_AND_FITNESS,5.0,4.0,50.0
EF First,FAMILY,4.193338315362443,0.0,1.0
Financial Calculator Pro EF,FINANCE,4.3,634.0,50000.0
Carrier Landings Pro,FAMILY,4.6,5969.0,10000.0
EF Calculator,PRODUCTIVITY,4.7,19.0,1000.0
EF Utilities,TOOLS,4.193338315362443,0.0,5.0
EF Financial Control Free,FINANCE,4.4,58.0,10000.0
أحداث وحقائق | خبر عاجل في اخبار العالم,NEWS_AND_MAGAZINES,4.8,311.0,5000.0
Diário Escola Mestres EF,FAMILY,4.193338315362443,11.0,1000.0
EF Jumper,GAME,4.193338315362443,4.0,100.0
StudyLock - Education First,PARENTING,4.1,27.0,1000.0
E.F.JUVENTUD MADRID,SPORTS,4.193338315362443,3.0,100.0
English Conversation Courses,FAMILY,4.6,22165.0,1000000.0
Equestria Girls,FAMILY,4.3,392819.0,10000000.0
eG Monitor,PRODUCTIVITY,4.6,8.0,100.0
E.G. Chess Free,GAME,4.0,505.0,10000.0
"EG SIM CARD (EGSIMCARD, 이지심카드)",BUSINESS,2.9,322.0,50000.0
EG-Boost,BUSINESS,4.1,25.0,1000.0
EG Mantenimiento,BUSINESS,4.193338315362443,1.0,50.0
EG CrossPad - ASPECT4,BUSINESS,4.193338315362443,4.0,1000.0
EG CrossPad,BUSINESS,4.193338315362443,3.0,1000.0
EG Player,FAMILY,4.193338315362443,1.0,100.0
Bee Mobile EG,FINANCE,4.2,883.0,100000.0
EG,PRODUCTIVITY,4.193338315362443,3.0,100.0
E.G. Chess,GAME,4.3,56.0,1000.0
EG SIM CARD (EGSIMCARD),TRAVEL_AND_LOCAL,4.4,105.0,10000.0
EG Retail,BUSINESS,2.4,29.0,500.0
EG Movi,TOOLS,4.2,40.0,1000.0
EG Groups,EVENTS,4.193338315362443,0.0,10.0
EG Way Life,SOCIAL,4.193338315362443,0.0,50.0
EG Tax Service,FINANCE,4.193338315362443,1.0,100.0
Energenie EG-PM1W Setup Wizard,TOOLS,3.1,17.0,1000.0
qEG APP / Química EG SRL,TOOLS,4.193338315362443,0.0,10.0
EG Classroom Decimals™,FAMILY,3.0,2.0,50.0
EGW Writings 2,BOOKS_AND_REFERENCE,4.7,6547.0,100000.0
Alipay,FINANCE,3.4,42497.0,1000000.0
EG | Explore Folegandros,TRAVEL_AND_LOCAL,4.193338315362443,0.0,0.0
EGW Writings,BOOKS_AND_REFERENCE,4.7,24278.0,1000000.0
Bible with EGW Comments,BOOKS_AND_REFERENCE,4.7,3776.0,100000.0
Eg Call,COMMUNICATION,4.2,91.0,10000.0
EG India,LIFESTYLE,5.0,3.0,100.0
Fashion Pony Girls Dress Up Makeup Game,FAMILY,4.5,256.0,10000.0
My Little Pony Celebration,FAMILY,4.3,63192.0,1000000.0
My Little Pony AR Guide,BOOKS_AND_REFERENCE,3.3,7993.0,1000000.0
MY LITTLE PONY: Magic Princess,FAMILY,4.4,1309728.0,50000000.0
Equestria Girl Snapchat Addict,FAMILY,4.193338315362443,20.0,1000.0
L.A. Crime Stories 2 Mad City Crime,GAME,4.2,3946.0,100000.0
LA Stories 4 New Order Sandbox 2018,GAME,4.2,17453.0,1000000.0
SDA Sabbath School Quarterly,BOOKS_AND_REFERENCE,4.7,14773.0,500000.0
Sirens Fashion Style Game,FAMILY,4.3,2282.0,500000.0
Equestria Amino for MLP,SOCIAL,4.8,8369.0,50000.0
Propertyfinder,LIFESTYLE,4.2,1506.0,100000.0
L.A. Crime Stories Mad City Crime,GAME,4.0,30008.0,1000000.0
My Little Pony: Story Creator,FAMILY,4.2,11002.0,1000000.0
Pocket Little Pony,FAMILY,4.1,47576.0,1000000.0
Dance Magic Fashion Style Games,FAMILY,4.6,2533.0,100000.0
Inventory & Barcode scanner & WIFI scanner,PRODUCTIVITY,4.6,1880.0,50000.0
MLP Colouring Adventures,FAMILY,3.8,7379.0,1000000.0
Miraculous Ladybug & Cat Noir - The Official Game,GAME,4.5,185382.0,10000000.0
Fashion Girls Dress up Makeup,FAMILY,4.4,115.0,10000.0
My Little Pony: Harmony Quest,FAMILY,4.1,148405.0,10000000.0
Home Pony 2,FAMILY,4.0,20977.0,1000000.0
Eh Volevi!,FAMILY,3.9,1619.0,100000.0
VITEK EH DVR Viewer (Pro),TOOLS,3.5,78.0,10000.0
Eh Bee Wallpapers HD,PERSONALIZATION,5.0,4.0,100.0
EH!,LIFESTYLE,4.6,10.0,1000.0
Me-eh,FAMILY,4.193338315362443,13.0,100.0
Arogyam EH,MEDICAL,3.6,18.0,1000.0
Betul Ke Bohong Eh?,GAME,4.2,601.0,100000.0
EH National Mobile Banking,FINANCE,4.193338315362443,0.0,50.0
EH Autolink,BUSINESS,4.193338315362443,1.0,100.0
Eh Amego!,GAME,3.8,13388.0,500000.0
Eh Plus English Application,FAMILY,4.193338315362443,1.0,100.0
EH kontrollrakendus,TOOLS,3.4,43.0,5000.0
Fit the Fat 2,SPORTS,3.8,35746.0,5000000.0
My Theme Park: RollerCoaster & Water Park Tycoon,FAMILY,4.2,128.0,10000.0
Doomsday Preppers™,FAMILY,4.2,137167.0,1000000.0
TAXI DRIVER,FAMILY,3.7,7203.0,1000000.0
Crazy Doctor,FAMILY,4.0,267636.0,10000000.0
MazeMilitia Classic Multiplayer Shooting Game,GAME,4.4,1294.0,50000.0
Endress+Hauser Operations,BUSINESS,4.5,234.0,10000.0
ZOMBIE RIPPER,GAME,3.7,16073.0,500000.0
Soldiers of Glory: Modern War,FAMILY,4.2,64815.0,5000000.0
Driving School 3D 2017,FAMILY,3.9,5075.0,500000.0
Retro Camera,PHOTOGRAPHY,4.0,125616.0,10000000.0
Horror Hospital,GAME,3.7,63986.0,1000000.0
Ludo Family Dice Game,FAMILY,4.2,3593.0,500000.0
Mad Skills Motocross,GAME,4.0,32522.0,1000000.0
Masterchef Cooking Games: Fun Restaurant & Kitchen,FAMILY,3.9,1036.0,100000.0
US Army Training Courses Game,FAMILY,4.1,27130.0,5000000.0
Pineapple Pen,GAME,4.3,157264.0,10000000.0
Instant Buttons: The Best Soundboard,FAMILY,4.5,157322.0,5000000.0
Guess The Emoji,GAME,4.5,76627.0,5000000.0
Camping RV Caravan Parking 3D,GAME,3.3,5290.0,500000.0
Grand Bat Superhero Flying Assault Rescue Mission,GAME,4.4,1094.0,500000.0
Zombie Frontier,GAME,4.2,326689.0,10000000.0
eHub,BUSINESS,4.2,6969.0,100000.0
Voice Changer,FAMILY,4.1,138050.0,10000000.0
Heart Surgery Emergency Doctor,FAMILY,4.1,2248.0,100000.0
RUN JUMP RUN-fun games for free,GAME,4.4,661.0,100000.0
100 Doors of Revenge,FAMILY,4.1,105766.0,10000000.0
Lie Detector Prank,FAMILY,3.9,80313.0,10000000.0
Virtual Mother Surgery Doctor : Emergency Hospital,FAMILY,3.9,70.0,10000.0
Princess Palace: Royal Pony,FAMILY,4.4,11442.0,1000000.0
EI Mobile,FINANCE,3.8,4231.0,100000.0
TAMAGO,FAMILY,3.0,42515.0,5000000.0
Ei Electronics AudioLINK,TOOLS,3.4,59.0,10000.0
Ei Samay - Bengali News Paper,NEWS_AND_MAGAZINES,4.3,20620.0,1000000.0
Vital Tones EI Pro,HEALTH_AND_FITNESS,4.193338315362443,2.0,50.0
EI HabitTracker,FAMILY,4.193338315362443,2.0,100.0
NEMA ei,BUSINESS,5.0,4.0,100.0
ei,COMMUNICATION,4.193338315362443,2.0,10.0
the Egg - crack the egg,FAMILY,4.1,211.0,10000.0
Yeled EI,FAMILY,4.193338315362443,0.0,100.0
EI SmartMiles,FINANCE,2.4,9.0,1000.0
Code on the egg,TOOLS,3.9,146.0,10000.0
Sensenuts eI,BUSINESS,4.193338315362443,0.0,5.0
EI!,PRODUCTIVITY,4.193338315362443,0.0,10.0
EI App 1,FAMILY,4.193338315362443,0.0,10.0
EI Calculator,TOOLS,4.0,8.0,100.0
Verdant EI,TOOLS,4.193338315362443,0.0,50.0
Tamago egg,GAME,3.0,49.0,5000.0
Ei-ij Spelling Dutch,FAMILY,4.193338315362443,20.0,10000.0
Esporte Interativo - Notícias e Resultados Ao Vivo,SPORTS,4.4,4600.0,500000.0
Let's Poke The Egg,GAME,3.4,9051.0,1000000.0
Egg,FAMILY,2.9,72.0,5000.0
ei Calc,TOOLS,5.0,2.0,10.0
Disaster Will Strike,FAMILY,4.5,14692.0,1000000.0
Egg: clicker,FAMILY,3.7,40678.0,1000000.0
Egg for Pou,FAMILY,3.0,59096.0,5000000.0
EI App 2,FAMILY,4.193338315362443,0.0,10.0
Survival: Prison Escape,GAME,4.0,127810.0,10000000.0
Crack the blue angry birds egg,FAMILY,3.2,85.0,10000.0
Tamago Tap Clicker Egg,FAMILY,3.6,209.0,50000.0
Tap The Easter Egg!,FAMILY,3.2,111.0,5000.0
Esporte Interativo Plus,SPORTS,3.7,27179.0,1000000.0
EI国际,FAMILY,4.7,15.0,1000.0
Egg Baby,FAMILY,4.4,351607.0,5000000.0
Surprise Eggs,FAMILY,3.9,81543.0,10000000.0
PJ Masks: Moonlight Heroes,FAMILY,4.4,87045.0,10000000.0
Crack Attack,FAMILY,4.3,31970.0,1000000.0
Aaj Bangla: ei samay er khobor,NEWS_AND_MAGAZINES,4.9,34.0,1000.0
Break the Egg,FAMILY,2.6,366.0,50000.0
"Kolkata News:Anandbazar Patrika,ei samay&AllRating",NEWS_AND_MAGAZINES,5.0,10.0,100.0
PJ Masks: HQ,FAMILY,4.1,13731.0,1000000.0
Ei Somoy & Dainik Sangbad & Statesman (PDF),NEWS_AND_MAGAZINES,4.0,4.0,100.0
TAMAGO Monsters Returns,GAME,4.1,104583.0,1000000.0
EJ.by,NEWS_AND_MAGAZINES,4.193338315362443,10.0,500.0
EJ Elite Prospects League,SPORTS,3.3,3.0,1000.0
Super Sport Car Simulator,FAMILY,4.2,58553.0,1000000.0
EJ Insight,NEWS_AND_MAGAZINES,4.0,33.0,1000.0
Ambulance Rescue Simulator 17,FAMILY,4.3,6669.0,1000000.0
EJ Trívia Game,FAMILY,4.193338315362443,1.0,1.0
Bad Piggies HD,FAMILY,4.4,764967.0,10000000.0
EJ messenger,COMMUNICATION,5.0,1.0,10.0
Traffic Sniper Counter Attack,GAME,4.3,5339.0,1000000.0
Rope Superhero Unlimited,GAME,4.4,6735.0,1000000.0
Painel EJ SSH - INTERNET GRÁTIS,TOOLS,4.193338315362443,10.0,50.0
EJ Ecuador,LIFESTYLE,4.193338315362443,9.0,100.0
Ej-buy,BUSINESS,4.193338315362443,2.0,5.0
Extreme Super Car Driving 3D,GAME,3.9,23104.0,1000000.0
Footej Camera,PHOTOGRAPHY,4.3,13258.0,1000000.0
Sport Car Simulator,FAMILY,4.0,48731.0,5000000.0
Fast Racing Car Simulator,GAME,3.8,8482.0,1000000.0
Silence Premium Do Not Disturb,TOOLS,4.5,3356.0,10000.0
パーリーゲイツ公式通販｜EJ STYLE（イージェイスタイル）,SHOPPING,4.193338315362443,1.0,100.0
Beach Head Shooting Assault,GAME,3.8,555.0,100000.0
Stickman Warriors Heroes 2,GAME,4.4,13714.0,1000000.0
Dead Target Zombie Shooting US Sniper Killer Squad,GAME,4.3,240.0,50000.0
Learn Music Notes,FAMILY,4.7,143.0,1000.0
Luxury Car Simulator,FAMILY,3.9,35989.0,1000000.0
Dubai Racing,GAME,4.2,16237.0,500000.0
Office Bike Racing Simulator,FAMILY,3.8,21149.0,1000000.0
Pregnant Mom Surgery Newborn Twins Baby Birth Care,FAMILY,4.3,95.0,10000.0
Pet Beauty Salon,FAMILY,3.8,20292.0,1000000.0
Booking Revolution,SPORTS,4.2,140883.0,5000000.0
Nights Keeper (do not disturb),LIFESTYLE,4.5,16426.0,500000.0
Farming Simulator 16,FAMILY,4.2,32812.0,500000.0
Lily & Leo - Crazy Circus Day,FAMILY,3.6,8091.0,1000000.0
WIZARD Card Game,GAME,4.0,48.0,1000.0
"Period Tracker, Pregnancy Calculator & Calendar 🌸",HEALTH_AND_FITNESS,4.193338315362443,0.0,10000.0
Fake Call From Wengie Prank,FAMILY,3.5,352.0,50000.0
Robot Fighting Games™ - Real Boxing Champions 3D,GAME,4.4,30.0,5000.0
Ghost Hunting camera,GAME,3.5,3048.0,500000.0
Santa Panda Bubble Christmas,GAME,4.1,101.0,10000.0
TeamWard – live help for LoL,FAMILY,4.8,3136.0,100000.0
3D Metal Piano Keys Keyboard Theme,FOOD_AND_DRINK,4.4,467.0,100000.0
OffRoad US Army Train Driving Simulator,FAMILY,4.3,1216.0,500000.0
Do Not Disturb! 2 - Challenge Your Prank Skills!,FAMILY,4.0,34417.0,1000000.0
WiFi Tether Router,COMMUNICATION,4.2,5599.0,100000.0
Local weather Forecast,WEATHER,4.4,5482.0,1000000.0
Kiss Me! Lip Kissing Test,FAMILY,3.5,191.0,50000.0
Smoke Effect Name Art Maker-Avatar Text Art Editor,PERSONALIZATION,4.3,1961.0,100000.0
The Emirates App,TRAVEL_AND_LOCAL,4.4,22776.0,1000000.0
ek tuhi,VIDEO_PLAYERS,4.7,316.0,10000.0
Master E.K,FAMILY,5.0,90.0,1000.0
EK Platinum,LIFESTYLE,3.8,52.0,10000.0
EK Bailey Preaching Conference,EVENTS,5.0,3.0,500.0
Ek Maratha,SOCIAL,4.8,725.0,10000.0
Ek Onkar,FAMILY,4.9,107.0,10000.0
Racing Moto,GAME,4.3,697805.0,50000000.0
Pyaar Ek Dhoka hai Game - Anti Valentines,FAMILY,4.193338315362443,8.0,100.0
Pyaar Ek Dhoka,FAMILY,5.0,18.0,50.0
Ek Biladi Jadi Video Song,FAMILY,4.193338315362443,3.0,5000.0
Duaa Ek Ibaadat,BOOKS_AND_REFERENCE,4.9,122.0,5000.0
Ek Onkar Mantras,LIFESTYLE,4.9,82.0,5000.0
Alex Fuel Calculator for EK,TOOLS,4.9,19.0,500.0
Ringtones Of Ek Onkar,FAMILY,4.5,6.0,1000.0
EK Carevec,FAMILY,4.193338315362443,1.0,10.0
Ek Kahani Aisi Bhi Season 2 - The Horror Story,FAMILY,4.5,28.0,1000.0
Ek Bander Ne Kholi Dukan,FAMILY,5.0,10.0,10000.0
Hum Ek Hain 2.02,SOCIAL,5.0,2.0,10.0
Ek Kahani Aisi Bhi Season 3 - The Horror Story,FAMILY,3.0,1.0,100.0
Ek IRA,COMMUNICATION,4.193338315362443,0.0,10.0
Sanu Ek Pal Chain - Raid,TOOLS,4.193338315362443,1.0,500.0
Sai Baba - Sabka Malik Ek,PRODUCTIVITY,4.9,42.0,1000.0
Ek Vote,PRODUCTIVITY,5.0,43.0,500.0
Asha Ek Hope - ALS/ MND,MEDICAL,5.0,2.0,100.0
Meslek Lisesi YGS Ek Puan,FAMILY,4.193338315362443,11.0,1000.0
Airplane Pilot Car Transporter,FAMILY,4.1,182363.0,10000000.0
Mahila Vashikaran(Ek rat me)-Hindi,FAMILY,4.193338315362443,0.0,1000.0
Ek Kauwa Pyasa Tha,FAMILY,4.1,35.0,50000.0
Train Racing Games 3D 2 Player,GAME,4.3,192374.0,10000000.0
Video Maker with Photo and Music,PHOTOGRAPHY,4.3,4871.0,1000000.0
SIM Card Info,TOOLS,4.1,4234.0,1000000.0
Toilet Ek Prem Katha Songs Lyrics in Hindi,FAMILY,4.7,3.0,1000.0
Ek Do Teen Song Videos - Baaghi 2 Video Songs,FAMILY,4.193338315362443,2.0,1000.0
Sanu Ek Pal Chain Song Videos - RAID Movie Songs,FAMILY,4.9,11.0,5000.0
"Phogy, 3D Camera",PHOTOGRAPHY,4.0,35725.0,1000000.0
Ek Qissa He Quran Se (Qurani Waqiyat),FAMILY,5.0,4.0,100.0
Lyrics of Ek Paheli Leela,FAMILY,5.0,4.0,500.0
Ek-yatri: Travel where you Belong,TRAVEL_AND_LOCAL,4.193338315362443,0.0,1.0
Exiled Kingdoms RPG,FAMILY,4.6,49210.0,1000000.0
Sabka Malik Ek Sai,SOCIAL,4.2,17.0,1000.0
Voice Lock Screen,LIFESTYLE,3.7,6667.0,1000000.0
Shabad Gurubani Punjabi mp3 free - Ek Onkar Satnam,FAMILY,5.0,5.0,100.0
Bus Driver 3D: Hill Station,FAMILY,4.3,31705.0,5000000.0
Extreme Motorbike Jump 3D,FAMILY,4.0,94308.0,10000000.0
el,FAMILY,4.3,32405.0,1000000.0
El Pollo Loco - Loco Rewards,FOOD_AND_DRINK,4.0,848.0,100000.0
El Chavo,FAMILY,4.0,751.0,10000.0
EL AL Flights,TRAVEL_AND_LOCAL,3.1,1563.0,100000.0
DreamStream By EL AL,TRAVEL_AND_LOCAL,3.4,595.0,100000.0
Learn English with El Chavo.,FAMILY,4.2,6133.0,100000.0
Learn Math with el Chavo,FAMILY,4.2,840.0,100000.0
El Nuevo Día,NEWS_AND_MAGAZINES,4.1,8011.0,500000.0
EL NORTE,NEWS_AND_MAGAZINES,3.4,2436.0,100000.0
El Nueve,NEWS_AND_MAGAZINES,4.193338315362443,221.0,50000.0
El Laberinto del Demonio 3D,FAMILY,4.0,20421.0,1000000.0
Monastery of El Escorial,TRAVEL_AND_LOCAL,4.193338315362443,12.0,1000.0
Learn to code with el Chavo,FAMILY,3.9,5933.0,1000000.0
El Falı,FAMILY,4.8,36968.0,1000000.0
El Laberinto del Demonio 2,FAMILY,4.1,3654.0,100000.0
TV Local El Salvador,FAMILY,4.3,323.0,10000.0
Tigo Money El Salvador,FINANCE,4.3,4642.0,100000.0
Hangman,FAMILY,4.4,23302.0,5000000.0
Explora con el Chavo,FAMILY,4.193338315362443,0.0,100000.0
El Dorado App,TRAVEL_AND_LOCAL,4.4,221.0,10000.0
Adivina el cantante de Trap y Reggaeton,GAME,4.5,1914.0,100000.0
The translator,TOOLS,4.5,23805.0,1000000.0
Fernanfloo,GAME,4.8,526595.0,10000000.0
Weather 14 Days,WEATHER,4.4,279917.0,10000000.0
The dollar in mexico,FINANCE,4.5,4254.0,100000.0
Real Madrid App,SPORTS,4.6,161423.0,5000000.0
OWLIE BOO,FAMILY,4.6,834.0,100000.0
Trazado de tuberia El Tubero,TOOLS,4.5,313.0,10000.0
Adivina el Emoji,GAME,4.193338315362443,2536.0,100000.0
Weather by eltiempo.es,WEATHER,4.2,67854.0,5000000.0
The Game of Life,GAME,4.4,18652.0,100000.0
Spanish English Translator,BOOKS_AND_REFERENCE,4.2,87919.0,10000000.0
The Holy Rosary,LIFESTYLE,4.7,56197.0,1000000.0
Western Union US - Send Money Transfers Quickly,FINANCE,4.5,80904.0,5000000.0
"Maps, GPS Navigation & Directions, Street View",MAPS_AND_NAVIGATION,4.2,207440.0,10000000.0
Human Anatomy Atlas 2018: Complete 3D Human Body,MEDICAL,4.5,2923.0,100000.0
Red Hands – 2-Player Games,GAME,4.2,93608.0,10000000.0
Narcos: Cartel Wars,FAMILY,4.7,244797.0,5000000.0
Get 'Em,GAME,4.1,7904.0,500000.0
EM Launcher for EMUI,PERSONALIZATION,4.1,3175.0,500000.0
Live Hold’em Pro Poker - Free Casino Games,GAME,4.6,1123190.0,10000000.0
Beach Shoot Em Up: Head Hunter,GAME,4.4,1218.0,500000.0
Connect'Em,FAMILY,4.5,49381.0,1000000.0
Stick 'Em Up 2 Starter Edition,GAME,3.8,2102.0,100000.0
Shoot`Em Down: Shooting game,GAME,3.9,7972.0,500000.0
Texas Hold’em Poker + | Social,GAME,3.5,4416.0,500000.0
PlayTexas Hold'em Poker Free,GAME,3.8,3543.0,1000000.0
EM Launcher Pro,PERSONALIZATION,4.2,35.0,1000.0
HAWK – Force of an Arcade Shooter. Shoot 'em up,GAME,4.6,190274.0,5000000.0
Shoot Em Down Free,FAMILY,3.7,2850.0,500000.0
Game for KIDS: KIDS match'em,FAMILY,4.4,7006.0,1000000.0
Texas Hold'em Poker,GAME,3.6,12846.0,1000000.0
Nuke Em All,FAMILY,3.4,2714.0,500000.0
Poker Equity Calculator Pro for No Limit Hold'em,GAME,4.0,21.0,5000.0
Poker Live! 3D Texas Hold'em,GAME,4.3,6143.0,100000.0
"CBS Sports App - Scores, News, Stats & Watch Live",SPORTS,4.3,91035.0,5000000.0
Fun Texas Hold'em Poker,GAME,4.5,32831.0,500000.0
Elevator Simulator Lift EM ALL,FAMILY,4.4,2941.0,100000.0
Dragonplay™ Poker Texas Holdem,GAME,4.5,197979.0,1000000.0
Punch em,GAME,4.1,2208.0,500000.0
Zynga Poker – Texas Holdem,GAME,4.4,1986068.0,50000000.0
Boyaa Poker (En) – Social Texas Hold’em,GAME,4.3,71468.0,1000000.0
World Series of Poker – WSOP Free Texas Holdem,GAME,4.5,910051.0,10000000.0
Connect'Em Halloween,FAMILY,4.5,6673.0,500000.0
Yahoo Fantasy Sports - #1 Rated Fantasy App,SPORTS,4.2,277939.0,5000000.0
Texas Holdem Poker Pro,GAME,4.5,114479.0,5000000.0
Rage Fight of Streets - Beat Em Up Game,GAME,4.3,1489.0,100000.0
HANGAME Casino - Baccarat & Texas Hold'em,GAME,4.1,8608.0,500000.0
PokerStars Play: Free Texas Holdem Poker Game,GAME,4.6,14989.0,500000.0
Yoong: Kick 'Em Up!,SPORTS,4.3,7107.0,100000.0
Texas Holdem Poker,GAME,4.0,127831.0,10000000.0
Instabridge - Free WiFi Passwords and Hotspots,TOOLS,4.4,211308.0,10000000.0
Big Fish Casino – Play Slots & Vegas Games,GAME,4.4,382100.0,10000000.0
Em Fuga Brasil,FAMILY,4.193338315362443,1317.0,100000.0
LocaToWeb - Live GPS tracking,SPORTS,4.6,200.0,1000.0
TRANSFORMERS: Forged to Fight,GAME,4.6,291941.0,10000000.0
Texas Holdem & Omaha Poker: Pokerist,GAME,4.3,187200.0,10000000.0
Governor of Poker 2 - OFFLINE POKER GAME,GAME,4.3,246538.0,5000000.0
Squadron - Bullet Hell Shooter,GAME,4.2,177542.0,10000000.0
Telemundo Deportes - En Vivo,SPORTS,4.5,36255.0,1000000.0
Holy Knight EN,FAMILY,4.0,26202.0,1000000.0
Hello English: Learn English,FAMILY,4.6,750321.0,10000000.0
Dictionary - Merriam-Webster,BOOKS_AND_REFERENCE,4.5,454412.0,10000000.0
English in a Month Free,FAMILY,3.8,6577.0,1000000.0
Words With Friends – Play Free,GAME,4.3,711719.0,10000000.0
FRANCE 24,NEWS_AND_MAGAZINES,4.3,47069.0,5000000.0
JW Library,BOOKS_AND_REFERENCE,4.9,922752.0,10000000.0
Learn Body Parts in English,FAMILY,4.0,7243.0,1000000.0
ai.type keyboard Plus + Emoji,TOOLS,4.5,57076.0,100000.0
Edmodo,FAMILY,4.1,200214.0,10000000.0
Learn English Daily,FAMILY,4.5,7881.0,500000.0
Orfox: Tor Browser for Android,COMMUNICATION,4.2,44233.0,10000000.0
"NewsDog - Latest News, Breaking News, Local News",NEWS_AND_MAGAZINES,4.4,291901.0,10000000.0
Keyboard ManMan,TOOLS,4.4,121304.0,10000000.0
RightNow English Conversation,FAMILY,4.0,5118.0,1000000.0
HTC Sense Input - EN,TOOLS,4.3,24175.0,5000000.0
"busuu: Learn Languages - Spanish, English & More",FAMILY,4.3,207294.0,10000000.0
Classic Words Solo,GAME,4.4,135739.0,5000000.0
"Ginger Keyboard - Emoji, GIFs, Themes & Games",PRODUCTIVITY,4.4,162831.0,5000000.0
English Audio Books - Librivox,FAMILY,4.0,10773.0,1000000.0
Learn Top 300 English Words,FAMILY,4.7,61600.0,1000000.0
"Univision Deportes: Liga MX, MLS, Fútbol En Vivo",SPORTS,4.2,75566.0,5000000.0
Chess Free,GAME,4.5,1375988.0,50000000.0
Oxford Dictionary of English : Free,BOOKS_AND_REFERENCE,4.1,364452.0,10000000.0
English Hindi Dictionary,BOOKS_AND_REFERENCE,4.4,384368.0,10000000.0
English to Hindi Dictionary,BOOKS_AND_REFERENCE,4.1,71328.0,5000000.0
EO.TRADE - Coin sale,FINANCE,4.3,95.0,10000.0
EO Network,BUSINESS,3.5,13.0,1000.0
The EO Bar,HEALTH_AND_FITNESS,4.7,416.0,10000.0
EO Mumbai,COMMUNICATION,4.193338315362443,0.0,10.0
EO Global,BUSINESS,2.6,13.0,1000.0
EO SouthAsia,BUSINESS,4.2,8.0,100.0
EO RAIPUR,SOCIAL,4.193338315362443,1.0,10.0
EO Forum,BUSINESS,4.193338315362443,0.0,100.0
EO Events,BUSINESS,4.193338315362443,0.0,10.0
EO KOREA,BUSINESS,4.193338315362443,0.0,50.0
EO App. SelfCompassion to you,HEALTH_AND_FITNESS,4.193338315362443,1.0,100.0
EO GSEA,BUSINESS,4.193338315362443,1.0,10.0
EO Guide,HEALTH_AND_FITNESS,4.193338315362443,15.0,1000.0
EO SA Benefits,BUSINESS,4.193338315362443,0.0,10.0
FAST EO,EVENTS,5.0,1.0,10.0
23rd QM BDE EO,BUSINESS,4.193338315362443,0.0,10.0
EO Bijbel Open,LIFESTYLE,4.3,102.0,10000.0
EO LAC,LIFESTYLE,4.193338315362443,0.0,10.0
EO Hub,BUSINESS,4.193338315362443,0.0,50.0
Kenny e o Cupcake,FAMILY,4.193338315362443,0.0,1.0
EO,BUSINESS,4.193338315362443,0.0,50.0
4Eternity EO,BUSINESS,4.193338315362443,0.0,10.0
Masha and the Bear,FAMILY,4.4,15105.0,1000000.0
Free games: Masha and the Bear,FAMILY,4.3,34514.0,5000000.0
Masha and the Bear- House Cleaning Games for Girls,FAMILY,4.193338315362443,0.0,100.0
EO Hotels,TRAVEL_AND_LOCAL,4.193338315362443,4.0,100.0
Masha and the Bear Child Games,FAMILY,4.1,288606.0,10000000.0
Masha and the Bear - Hair Salon and MakeUp Games,FAMILY,4.193338315362443,1.0,100.0
Masha and Bear: Cooking Dash,FAMILY,4.3,151374.0,10000000.0
Masha and the Bear: Evolution,FAMILY,4.5,2062.0,500000.0
Cryptocurrency Trading - How To Trade Crypto,FINANCE,4.193338315362443,1.0,100.0
Masha and the Bear. Games for kids,FAMILY,4.6,6231.0,1000000.0
Masha and The Bear Jam Day Match 3 games for kids,FAMILY,4.6,50060.0,1000000.0
Where's My Water?,FAMILY,4.7,188740.0,1000000.0
O Céu e o Inferno,BOOKS_AND_REFERENCE,4.193338315362443,14.0,500.0
Frozen Free Fall,FAMILY,4.3,1574546.0,50000000.0
Urban Car Simulator,FAMILY,4.2,23292.0,1000000.0
Masha and the Bear: House Cleaning Games for Girls,FAMILY,4.5,43852.0,10000000.0
Masha and The Bear Puzzle Game,FAMILY,4.3,13330.0,1000000.0
Masha and the Bear. Educational Games,FAMILY,4.5,46369.0,10000000.0
Bluetooth Pair,TOOLS,3.5,1960.0,1000000.0
Sports Car Driving Simulator 2018,GAME,4.3,2178.0,500000.0
Masha and the Bear: Good Night!,FAMILY,4.6,29155.0,1000000.0
Masha and the Bear: Climb Racing and Car Games,FAMILY,4.5,2200.0,1000000.0
Episode - Choose Your Story,FAMILY,4.3,1842381.0,50000000.0
Out There Chronicles - Ep. 1,FAMILY,4.4,1516.0,50000.0
EP FCU,FINANCE,4.193338315362443,2.0,100.0
EP Home Energy Hub,PRODUCTIVITY,4.193338315362443,4.0,100.0
EP,BUSINESS,4.193338315362443,3.0,100.0
EP Spotter,FAMILY,3.4,9.0,500.0
EP Mobile,MEDICAL,4.3,267.0,50000.0
EP RSS Reader,COMMUNICATION,3.8,4.0,100.0
Out There Chronicles - Ep. 2,FAMILY,4.5,144.0,1000.0
EP Cloud,PRODUCTIVITY,4.193338315362443,9.0,10.0
eP Scanner,EVENTS,4.193338315362443,0.0,100.0
EP McGuffey Primer,FAMILY,4.193338315362443,0.0,50.0
EP Church Annapolis,LIFESTYLE,5.0,2.0,100.0
EP Horlogerie,LIFESTYLE,4.9,18.0,1000.0
ep-liggare - Elektronisk personalliggare,TOOLS,4.193338315362443,0.0,100.0
EP Calipers,MEDICAL,4.193338315362443,4.0,100.0
EP Radio,FAMILY,5.0,3.0,50.0
EP Joaillerie,LIFESTYLE,4.193338315362443,54.0,5000.0
Tester EP,TOOLS,4.193338315362443,9.0,100.0
The Great Wobo Escape Ep. 1,GAME,4.2,5449.0,500000.0
The Visitor: Ep.2 - Sleepover Slaughter,GAME,4.3,5731.0,1000000.0
Superbrothers Sword & Sworcery,GAME,4.4,11023.0,100000.0
EP Lab Digest,MEDICAL,2.3,11.0,500.0
EP Research Service,BOOKS_AND_REFERENCE,4.7,14.0,1000.0
eP Finder,AUTO_AND_VEHICLES,4.193338315362443,0.0,10.0
EP Music,FAMILY,4.193338315362443,0.0,10.0
EP Coding,MEDICAL,4.193338315362443,0.0,50.0
EP Kalkulator el. energije,TOOLS,4.4,13.0,100.0
The Great Wobo Escape Ep.1,FAMILY,4.3,11.0,500.0
The Visitor: Ep.1 - Kitty Cat Carnage,GAME,4.4,3017.0,500000.0
EP Cook Book,MEDICAL,4.193338315362443,0.0,0.0
Dr.Slender Ep 1 Guide (Eng),GAME,4.0,454.0,10000.0
Decay: The Mare - Ep.1 (Trial),GAME,3.6,5291.0,100000.0
EP Search and Find,FAMILY,4.193338315362443,20.0,500.0
What's Your Story?™ ft Charmed,FAMILY,4.1,39661.0,1000000.0
EP Gem Hunter,GAME,4.6,79.0,1000.0
EP Chain Reaction,FAMILY,3.9,249.0,10000.0
Gate Of Death Ep: 1,GAME,4.4,7.0,100.0
EP Mobil,SHOPPING,4.193338315362443,3.0,100.0
Sonic 4™ Episode I,GAME,3.7,8014.0,100000.0
Naruto Shippuden - Watch Free!,VIDEO_PLAYERS,3.9,141515.0,10000000.0
Lean EQ,BUSINESS,4.193338315362443,6.0,10.0
Operate Now: Hospital,FAMILY,4.3,254861.0,10000000.0
Multi Surgery ER Emergency Hospital : Doctor Game,FAMILY,4.1,227.0,10000.0
ER Surgery Simulator,FAMILY,3.6,19601.0,1000000.0
Dentist Surgery ER Emergency Doctor Hospital Games,FAMILY,3.5,2580.0,100000.0
Eye Transplant : ER Emergency Hospital,FAMILY,3.9,1938.0,1000000.0
Lifeguard Beach Rescue ER Emergency Hospital Games,FAMILY,3.9,519.0,100000.0
Hospital ER Emergency Heart Surgery: Doctor Games,FAMILY,3.8,1652.0,100000.0
Superhero Doctor 2 -ER Surgery,FAMILY,4.0,39647.0,10000000.0
ER,LIFESTYLE,4.193338315362443,2.0,500.0
Noot-Noot-er!,FAMILY,4.5,74.0,5000.0
Doctor X - ER On Wheels,FAMILY,3.6,12781.0,1000000.0
Foot Surgery Hospital Simulator: ER Doctor Games,FAMILY,3.9,314.0,100000.0
ER Heart Surgery - Emergency Simulator Game,FAMILY,4.3,429.0,100000.0
Pregnant Mom ER Emergency Doctor Hospital Games,FAMILY,4.0,325.0,50000.0
Doctr – ER wait times in Canada,MEDICAL,4.2,980.0,50000.0
Plastic Surgery Surgeon Simulator Er Doctor Games,FAMILY,3.7,3482.0,500000.0
Shoulder Surgery ER Emergency Doctor Game,FAMILY,3.9,55.0,10000.0
Superhero Doctor 3 ER Surgery,FAMILY,4.2,2801.0,500000.0
Mom Doctor ER Emergency Family Game,FAMILY,3.5,173.0,10000.0
ER Blood Draw Doctor & Surgeon,FAMILY,4.0,154.0,50000.0
"ER Emergency Hospital - Brain, Knee, Eye Surgery",FAMILY,3.8,25.0,1000.0
Super Doctor 1-Pregnant Mom ER Surgery Simulator,FAMILY,4.1,290.0,10000.0
Multi Surgery Hospital Pro: Virtual Doctor ER Game,FAMILY,4.2,23.0,1000.0
Clumsy Santa ER Surgery,FAMILY,4.1,214.0,100000.0
Little Eye Surgery Simulator - ER Doctor Game,FAMILY,4.4,12.0,1000.0
Spinal Cord Surgery Doctor: Operation ER surgery,FAMILY,3.7,52.0,10000.0
ER Neck Surgery: Hospital Christmas Emergency,FAMILY,4.193338315362443,11.0,5000.0
Super Doctor 2 - My Newborn Baby ER Injection,FAMILY,4.7,54.0,1000.0
Virtual Brain Surgery Simulator : Kid ER Emergency,FAMILY,3.8,20.0,5000.0
Crazy ER Open Heart Surgery Simulator,FAMILY,4.0,2936.0,500000.0
ER Injection Simulator: Blood Test Doctor Hospital,FAMILY,4.2,3263.0,1000000.0
Kids Doctor ER Emergency Rescue Kids Hospital Game,FAMILY,3.8,515.0,100000.0
Heart Surgery Doctor - ER Emergency Game,FAMILY,3.9,2510.0,500000.0
Virtual Mom Surgery Doctor : ER Emergency Hospital,FAMILY,4.0,1130.0,100000.0
ER Doctor Kids Emergency Room,FAMILY,3.1,4798.0,500000.0
ER Assist,PRODUCTIVITY,5.0,3.0,10.0
Blood Injection : ER Emergency Doctor ER injection,FAMILY,3.5,246.0,50000.0
Lead'er,FINANCE,4.1,54.0,5000.0
Doctor Games For Girls - Hospital ER,FAMILY,4.5,51.0,5000.0
Open Heart Surgery Hospital ER: Crazy Doctor Sim,FAMILY,4.7,7.0,1000.0
Hand Doctor Games ER Surgery Simulator,FAMILY,4.1,120.0,10000.0
Get SMART ER/LA Opioids,MEDICAL,4.193338315362443,0.0,500.0
ER Doctor City Emergency - Surgery City Doc FREE,FAMILY,3.9,1909.0,100000.0
ER Hospital Simulator,FAMILY,4.0,286.0,100000.0
DMC ER Now,MEDICAL,4.3,6.0,1000.0
Nose Surgery ER Simulator Lite,FAMILY,3.1,269.0,50000.0
FAHREDDİN er-RÂZİ TEFSİRİ,BOOKS_AND_REFERENCE,4.193338315362443,9.0,1000.0
Cardinal Glennon ER Reference,MEDICAL,4.2,19.0,1000.0
The NBC App - Watch Live TV and Full Episodes,FAMILY,4.1,58104.0,5000000.0
Scanner Radio - Fire and Police Scanner,FAMILY,4.4,175509.0,10000000.0
Fill 'er Up,TRAVEL_AND_LOCAL,3.2,58.0,5000.0
SnakeBite911 ER,MEDICAL,4.193338315362443,1.0,500.0
Ankle Surgery ER Emergency,FAMILY,3.3,10449.0,1000000.0
Voxer Walkie Talkie Messenger,COMMUNICATION,4.3,230564.0,10000000.0
ES File Explorer/Manager PRO,PRODUCTIVITY,4.7,81614.0,500000.0
ES Task Manager (Task Killer ),BUSINESS,4.3,171771.0,10000000.0
ES Audio Player ( Shortcut ),VIDEO_PLAYERS,4.2,1236.0,100000.0
ES Disk Analyzer - Storage Space,PRODUCTIVITY,4.7,5867.0,100000.0
ES App Locker,TOOLS,4.3,32207.0,1000000.0
ES Chromecast plugin,LIBRARIES_AND_DEMO,4.2,23859.0,1000000.0
ES Material Theme for Pro,PRODUCTIVITY,4.2,14428.0,1000000.0
ES Holo Theme for Pro,PRODUCTIVITY,4.2,4737.0,500000.0
ES File Explorer,TOOLS,4.1,278.0,100000.0
ES Dark Theme for free,TOOLS,4.2,7851.0,1000000.0
ES Classic Theme,TOOLS,4.3,20865.0,1000000.0
ES Themes -- Classic Theme,PERSONALIZATION,4.4,77609.0,1000000.0
ES Holo Theme,TOOLS,4.3,11449.0,500000.0
"ES File Explorer & Manager, Locker Xplorer 2018",TOOLS,3.5,11.0,1000.0
ES Summer Chill Theme for Free,TOOLS,4.3,940.0,100000.0
Furrion ES Control,VIDEO_PLAYERS,1.8,26.0,5000.0
OpenGL ES Extensions - The OpenGL Utility,TOOLS,4.2,513.0,50000.0
File Ex - ES File Explorer,TOOLS,4.2,24.0,1000.0
OpenGL ES CapsViewer,TOOLS,4.6,78.0,10000.0
ES-IPTV,VIDEO_PLAYERS,4.0,944.0,50000.0
OpenGL-ES Info,TOOLS,4.3,249.0,10000.0
Dr. ES PV Calculator,TOOLS,5.0,19.0,500.0
ES File Explorer & File Manager 2018,TOOLS,3.8,24.0,5000.0
HTC Sense Input - ES,TOOLS,4.3,3509.0,1000000.0
2019 Tricks Es File Explores,TOOLS,3.0,4.0,1000.0
ES Billing System (Offline App),PRODUCTIVITY,5.0,1.0,100.0
ES Anywhere,BUSINESS,4.7,10.0,100.0
YEBIS OpenGL ES 3.0 Tech Demo,FAMILY,4.6,380.0,10000.0
RAR,TOOLS,4.4,669901.0,50000000.0
Advanced calculator fx 991 es plus & 991 ms plus,FAMILY,4.7,7252.0,500000.0
ES Solar,BUSINESS,5.0,3.0,100.0
File Manager by Xiaomi: release file storage space,TOOLS,4.8,337532.0,10000000.0
ESLock File Recovery Lite,PRODUCTIVITY,3.0,460.0,50000.0
Castle Clash: Epic Empire ES,FAMILY,4.6,584070.0,5000000.0
¿Es Vegan?,FOOD_AND_DRINK,4.6,438.0,10000.0
ES-1,COMMUNICATION,4.193338315362443,6.0,500.0
Moto File Manager,TOOLS,4.1,38679.0,10000000.0
School scientific calculator fx 500 es plus 500 ms,FAMILY,4.6,1553.0,100000.0
Esto Es Guerra TVN,FAMILY,4.5,1303.0,100000.0
Economic Times : Market News,NEWS_AND_MAGAZINES,4.3,93708.0,5000000.0
ET Markets : NSE & BSE India,FINANCE,4.2,24980.0,1000000.0
HBO NOW: Stream TV & Movies,FAMILY,3.9,61230.0,10000000.0
ET Telecom from Economic Times,NEWS_AND_MAGAZINES,4.7,273.0,10000.0
Égalité et Réconciliation,NEWS_AND_MAGAZINES,4.9,58.0,500.0
Economic Times : Market News Go Edition,NEWS_AND_MAGAZINES,4.3,39.0,5000.0
Hymnes et Louanges,BOOKS_AND_REFERENCE,4.4,1877.0,100000.0
Lire avec Sami et Julie,FAMILY,3.6,569.0,100000.0
Lettre et demande d'emploi,FAMILY,4.6,302.0,100000.0
MAPS.ME – Offline Map and Travel Navigation,TRAVEL_AND_LOCAL,4.5,932870.0,50000000.0
Recettes Faciles et Rapides,FOOD_AND_DRINK,4.193338315362443,95.0,50000.0
Blagues et Histoires Drôles,FAMILY,3.9,859.0,100000.0
Lettre de motivation et CV,FAMILY,4.3,979.0,100000.0
Anime et Manga Amino en Français,SOCIAL,4.8,3782.0,50000.0
Google Arts & Culture,FAMILY,3.7,24137.0,5000000.0
"Moneycontrol – Stocks, Sensex, Mutual Funds, IPO",FINANCE,4.4,281635.0,5000000.0
CNBC: Breaking Business News & Live Market Data,FINANCE,4.2,24666.0,1000000.0
Google Earth,TRAVEL_AND_LOCAL,4.3,2339098.0,100000000.0
"Groupon - Shop Deals, Discounts & Coupons",SHOPPING,4.6,1371082.0,50000000.0
"Photo Lab Picture Editor: face effects, art frames",PHOTOGRAPHY,4.5,1536512.0,50000000.0
Google News,NEWS_AND_MAGAZINES,3.9,878065.0,1000000000.0
Empires and Allies,FAMILY,4.3,398746.0,10000000.0
Beauty and the Beast,FAMILY,4.4,70883.0,1000000.0
Hornet - Gay Social Network,SOCIAL,4.0,163679.0,5000000.0
Learn Italian with MosaLingua,FAMILY,4.7,1719.0,50000.0
iTranslate Translator & Dictionary,PRODUCTIVITY,4.3,201718.0,10000000.0
Oggy,GAME,4.5,49971.0,5000000.0
MomentCam Cartoons & Stickers,PHOTOGRAPHY,4.2,1260143.0,50000000.0
News by The Times of India Newspaper - Latest News,NEWS_AND_MAGAZINES,4.2,522205.0,10000000.0
Amino: Communities and Chats,SOCIAL,4.8,1264084.0,10000000.0
Nike Training Club - Workouts & Fitness Plans,HEALTH_AND_FITNESS,4.6,251618.0,10000000.0
Pocket Mortys,FAMILY,4.5,174215.0,10000000.0
Hangouts Dialer - Call Phones,COMMUNICATION,4.0,122512.0,10000000.0
"Ideal Weight, BMI Calculator",HEALTH_AND_FITNESS,4.2,112384.0,5000000.0
Epson iPrint,TOOLS,4.1,108169.0,10000000.0
Offline Maps & Navigation,TRAVEL_AND_LOCAL,4.7,193364.0,5000000.0
Voice changer with effects,FAMILY,4.2,1260903.0,50000000.0
Fitness & Bodybuilding,HEALTH_AND_FITNESS,4.6,95201.0,5000000.0
A+ Gallery - Photos & Videos,PHOTOGRAPHY,4.5,223941.0,10000000.0
EU Mobile Money,FINANCE,3.9,460.0,100000.0
European Union Simulator,FAMILY,3.6,688.0,50000.0
EU Charter,BOOKS_AND_REFERENCE,4.6,33.0,1000.0
EU Council,COMMUNICATION,4.193338315362443,7.0,1000.0
EU Flags Free Live Wallpaper,PERSONALIZATION,3.4,730.0,100000.0
myLPG.eu,TRAVEL_AND_LOCAL,4.2,556.0,50000.0
YouCamp EU,TRAVEL_AND_LOCAL,3.4,39.0,1000.0
EU Economy,PRODUCTIVITY,3.6,47.0,5000.0
Flag of European Union,PERSONALIZATION,4.2,36.0,1000.0
EU Data Protection,BOOKS_AND_REFERENCE,3.5,29.0,1000.0
Flag Of European Union LWP,PERSONALIZATION,4.3,88.0,1000.0
European Union Flag LWP,PERSONALIZATION,4.193338315362443,3.0,100.0
Council Voting Calculator,COMMUNICATION,3.9,33.0,5000.0
EU Flags Live Wallpaper,PERSONALIZATION,4.3,444.0,10000.0
EU FTL Calculator,BUSINESS,3.6,60.0,10000.0
The EU Relocation Programme,FAMILY,4.193338315362443,27.0,1000.0
Passenger rights,TRAVEL_AND_LOCAL,3.9,442.0,50000.0
EU Mobile Money Partenaire Commercial,FINANCE,4.3,70.0,10000.0
Eurostat Country Profiles,PRODUCTIVITY,3.7,87.0,10000.0
EU in the World,FAMILY,4.193338315362443,8.0,100.0
My EU,FAMILY,3.8,4.0,100.0
Invasion: Defend EU,GAME,4.193338315362443,7.0,50.0
R-EU-READY,GAME,4.1,13.0,500.0
taxi.eu,TRAVEL_AND_LOCAL,4.1,1865.0,100000.0
CVRIA,BUSINESS,4.7,68.0,10000.0
Speed Racing Ultimate 2,GAME,4.1,66894.0,1000000.0
EU Flag Live Wallpaper,PERSONALIZATION,4.193338315362443,19.0,1000.0
TAXLANDIA,FAMILY,1.9,141.0,1000.0
European Solidarity Corps,SOCIAL,3.6,9.0,1000.0
Have your say on Europe,COMMUNICATION,3.8,19.0,500.0
EU CBRNE Glossary,LIBRARIES_AND_DEMO,4.193338315362443,3.0,500.0
Doorstep EU,NEWS_AND_MAGAZINES,4.5,67.0,1000.0
EURES - Your Job in Europe,BUSINESS,2.7,358.0,50000.0
Autoroute.EU,BUSINESS,4.193338315362443,10.0,1000.0
Invasive Alien Species Europe,FAMILY,4.5,13.0,1000.0
Countries of the European Union (Quiz),GAME,4.193338315362443,11.0,100.0
EU Exit poll,LIFESTYLE,5.0,10.0,100.0
Schengen/EU App,TOOLS,4.0,24.0,1000.0
I Know Stuff,GAME,4.2,214923.0,5000000.0
EU WHO War,FAMILY,4.193338315362443,0.0,50.0
Lazionews.eu,NEWS_AND_MAGAZINES,4.193338315362443,25.0,1000.0
Brexit EU,FAMILY,4.4,7.0,500.0
Eu sou Rico,FINANCE,4.193338315362443,0.0,0.0
EU Life Explorer,NEWS_AND_MAGAZINES,4.0,2.0,50.0
E.U. Trademark Search Tool,BUSINESS,4.193338315362443,0.0,10.0
EU VAT Checker,BUSINESS,3.1,7.0,1000.0
Dotti EU,BUSINESS,4.193338315362443,15.0,1000.0
EU RCD Guide,BOOKS_AND_REFERENCE,4.193338315362443,0.0,10.0
daskal.eu,FAMILY,5.0,5.0,50.0
Intra- and extra-EU trade data,FINANCE,4.193338315362443,1.0,100.0
Programi podrške EU,COMMUNICATION,4.193338315362443,0.0,100.0
EU FP7 Adventure,BUSINESS,4.193338315362443,2.0,100.0
GastroHunter.EU,LIFESTYLE,4.193338315362443,1.0,10.0
EU IP Codes,BOOKS_AND_REFERENCE,4.193338315362443,2.0,100.0
Eu Sou Rico,FINANCE,4.193338315362443,0.0,0.0
MOTOBAZAR EU,LIFESTYLE,4.193338315362443,1.0,100.0
TattooSupplies.eu,SHOPPING,4.193338315362443,31.0,1000.0
IF YOU TO EU PEGO,FAMILY,4.193338315362443,3.0,100.0
VAT Checker for EU company,BUSINESS,4.7,78.0,1000.0
Inbox.eu,COMMUNICATION,3.7,98.0,10000.0
CALIOPE EU: Air Quality,HEALTH_AND_FITNESS,3.9,21.0,1000.0
Konferencija.eu,BUSINESS,4.193338315362443,3.0,10.0
Reisedealz.eu,SOCIAL,4.193338315362443,0.0,10.0
Going Abroad,FAMILY,3.0,606.0,50000.0
EU GDPR RiskCalc,BUSINESS,4.193338315362443,1.0,50.0
EU Whoiswho,BUSINESS,4.193338315362443,0.0,10.0
EU Brazil Green Business Forum,PRODUCTIVITY,4.193338315362443,0.0,10.0
EU-Schwerbehinderung,NEWS_AND_MAGAZINES,4.193338315362443,3.0,100.0
SK Bosnia Online EU Teplice,SPORTS,4.193338315362443,2.0,5.0
Campervan.Guide Pro,TRAVEL_AND_LOCAL,4.2,238.0,10000.0
Qserve EU MDR First Aid,BUSINESS,3.0,2.0,100.0
I'm Rich/Eu sou Rico/أنا غني/我很有錢,LIFESTYLE,4.193338315362443,0.0,0.0
TrainPal EU- Book German Train Tickets,MAPS_AND_NAVIGATION,4.193338315362443,1.0,100.0
Strawberry Shortcake Ice Cream Island,FAMILY,4.2,32200.0,5000000.0
NativeScript Developer Day EU,BUSINESS,4.193338315362443,2.0,100.0
EU FP7 SAM,BUSINESS,4.193338315362443,0.0,10.0
Rail Planner Eurail/Interrail,MAPS_AND_NAVIGATION,4.2,3596.0,1000000.0
eu sou franky,BUSINESS,3.7,195.0,10000.0
Tasker,TOOLS,4.6,43045.0,1000000.0
efootwear.eu - online store,SHOPPING,4.5,928.0,100000.0
ChargeHub - Find EV & Tesla Charging Stations,MAPS_AND_NAVIGATION,4.6,796.0,50000.0
PlugShare,MAPS_AND_NAVIGATION,4.7,4501.0,100000.0
NEXTCHARGE - Charging Stations,MAPS_AND_NAVIGATION,4.3,891.0,50000.0
NissanConnect® EV & Services,LIFESTYLE,2.3,853.0,50000.0
EV Connect,MAPS_AND_NAVIGATION,2.8,25.0,1000.0
HondaLink EV,TOOLS,2.8,44.0,10000.0
EV Stations Hawaii,MAPS_AND_NAVIGATION,3.6,7.0,1000.0
Emerge EV App (eBike App),LIFESTYLE,3.0,26.0,1000.0
EV Trip Optimizer for Tesla,AUTO_AND_VEHICLES,3.2,46.0,1000.0
JuiceNet - Smart EV Charging,MAPS_AND_NAVIGATION,3.5,106.0,5000.0
Zap-Map: EV charging points UK,MAPS_AND_NAVIGATION,3.8,181.0,10000.0
EV Charging,MAPS_AND_NAVIGATION,3.5,8.0,1000.0
Simple EV Calc,PRODUCTIVITY,4.2,105.0,1000.0
CHOSEN - EV Smart Charger,AUTO_AND_VEHICLES,4.193338315362443,1.0,10.0
Electric Car Charging Points: Ev charger Stations,MAPS_AND_NAVIGATION,4.5,8.0,100.0
ELMO EV Charging,MAPS_AND_NAVIGATION,3.4,14.0,1000.0
Bolt - EV Charging Service,AUTO_AND_VEHICLES,3.0,9.0,100.0
To-U - free EV public charging,TRAVEL_AND_LOCAL,4.4,75.0,1000.0
Light Meter - EV,PHOTOGRAPHY,4.0,26.0,1000.0
Mas Akıllı Ev,HOUSE_AND_HOME,4.193338315362443,13.0,100.0
EV Finder,TOOLS,4.3,29.0,1000.0
SpeedApp EV,AUTO_AND_VEHICLES,4.193338315362443,0.0,5.0
EV Real Estate Search,LIFESTYLE,4.1,88.0,5000.0
Ev Dizayn,LIFESTYLE,3.6,30.0,5000.0
Power Plug EV charger,MAPS_AND_NAVIGATION,3.7,13.0,1000.0
Builder Craft: House Building & Exploration,FAMILY,4.2,20807.0,1000000.0
Texas Hold'em EV Calculator,TOOLS,3.7,6.0,1000.0
Bird - Enjoy The Ride,TRAVEL_AND_LOCAL,4.3,2649.0,500000.0
AÖF Ev İdaresi 1. Sınıf,FAMILY,4.193338315362443,2.0,1000.0
EV Bon Dictionary,FAMILY,4.193338315362443,11.0,500.0
German Vocabulary Trainer,FAMILY,3.3,1218.0,100000.0
REV Robotic Enhance Vehicles,FAMILY,4.4,2558.0,100000.0
Home Workout - No Equipment,HEALTH_AND_FITNESS,4.8,432160.0,10000000.0
myChevrolet,LIFESTYLE,3.5,6747.0,1000000.0
Electric Car Taxi Driver: NY City Cab Taxi Games,FAMILY,4.0,5886.0,1000000.0
EV Calculator,TOOLS,4.9,85.0,1000.0
Home Decoration Game,FAMILY,4.0,17543.0,5000000.0
EvAk Smart Home,LIFESTYLE,4.193338315362443,14.0,500.0
PokeType - Dex,FAMILY,4.6,36813.0,500000.0
Home Security Camera WardenCam - reuse old phones,HOUSE_AND_HOME,4.3,43847.0,1000000.0
Survival Forest : Survivor Home Builder,FAMILY,3.6,9389.0,1000000.0
Room Creator Interior Design,HOUSE_AND_HOME,3.9,59660.0,1000000.0
Doll House Design & Decoration 2: Girls House Game,FAMILY,3.9,2338.0,100000.0
Lux Home Decorating Room Games,FAMILY,4.0,1518.0,100000.0
eCooltra: scooter sharing. Share electric scooters,TRAVEL_AND_LOCAL,4.2,2822.0,100000.0
Design Home,FAMILY,4.4,539931.0,10000000.0
E.W. James & Sons,SHOPPING,4.193338315362443,2.0,500.0
EW Manager,BUSINESS,4.193338315362443,0.0,10.0
PeopleTV - Watch Celebrity News,FAMILY,4.3,2223.0,100000.0
ew-Magazin,NEWS_AND_MAGAZINES,4.193338315362443,2.0,100.0
EW PDF,BOOKS_AND_REFERENCE,4.193338315362443,0.0,5.0
EW Gate,BUSINESS,4.193338315362443,0.0,50.0
E W Bookkeeping & Accountancy,FINANCE,4.193338315362443,1.0,100.0
News 5 Cleveland,NEWS_AND_MAGAZINES,3.7,1032.0,100000.0
EW Login,BUSINESS,4.193338315362443,0.0,10.0
Water Surfer Racing In Moto,GAME,4.3,2233.0,1000000.0
EW Handbook,BUSINESS,4.193338315362443,1.0,100.0
Mee-EW,TOOLS,4.193338315362443,0.0,5.0
EW Widgets for Zooper,TOOLS,3.4,5.0,100.0
"Ew, the small alien",GAME,4.193338315362443,5.0,10.0
The List,NEWS_AND_MAGAZINES,3.5,66.0,10000.0
EW MOTION THERAPY,HEALTH_AND_FITNESS,4.193338315362443,0.0,10.0
European War 6: 1804,FAMILY,4.2,1330.0,10000.0
XCOM®: Enemy Within,FAMILY,4.2,13752.0,100000.0
EW Neuron Scan,TOOLS,4.193338315362443,1.0,10.0
ABC15 Arizona,NEWS_AND_MAGAZINES,3.6,1820.0,100000.0
NATIVE ENTERTAINMENT MAGAZINE - ISSUE # 1,NEWS_AND_MAGAZINES,4.193338315362443,0.0,10.0
Mobile Strike,FAMILY,3.9,903392.0,50000000.0
European War 5:Empire,FAMILY,3.8,9513.0,100000.0
KMTV 3 News Now,NEWS_AND_MAGAZINES,3.8,265.0,10000.0
Rescue Robots Survival Games,GAME,4.0,27557.0,5000000.0
Raytheon F-16 EW 360 VR,FAMILY,4.5,6.0,500.0
Pregnant Emergency Surgery,FAMILY,3.8,127229.0,10000000.0
Eddsworld Amino,SOCIAL,4.9,3071.0,10000.0
TMJ4.com - WTMJ-TV Milwaukee,NEWS_AND_MAGAZINES,3.8,728.0,50000.0
Food Network,FAMILY,4.1,7823.0,500000.0
Storm Shield,WEATHER,3.5,2000.0,100000.0
EdiRange,TOOLS,3.0,736.0,100000.0
TRANSFORMERS: Earth Wars,FAMILY,4.5,256219.0,10000000.0
Beard Live Camera Photo Editor,BEAUTY,4.7,900.0,5000.0
WPTV 5 West Palm Beach,NEWS_AND_MAGAZINES,3.8,1093.0,100000.0
No Pimple - Fun games,FAMILY,3.3,24091.0,5000000.0
WKBW 7 Eyewitness News,NEWS_AND_MAGAZINES,4.0,509.0,50000.0
Web Browser for Android,COMMUNICATION,4.1,55110.0,1000000.0
OMG Gross Zit - Date Nightmare,FAMILY,3.7,70105.0,10000000.0
Garden Fever - Free!,FAMILY,3.9,13253.0,1000000.0
GO SMS PRO EMOJI PLUGIN,PERSONALIZATION,3.5,84779.0,5000000.0
Bike Race - Bike Blast Rush,GAME,4.4,83891.0,10000000.0
Subway Simulator 3D,FAMILY,4.0,25489.0,1000000.0
XCOM: TBG,FAMILY,4.0,2294.0,100000.0
ETERNITY WARRIORS 2,GAME,4.6,568391.0,5000000.0
XE Currency,TRAVEL_AND_LOCAL,4.4,77585.0,10000000.0
Deus Ex GO,FAMILY,4.5,9699.0,100000.0
ADWLauncher 1 EX,PERSONALIZATION,4.3,28728.0,500000.0
XE Currency Pro,TRAVEL_AND_LOCAL,4.4,1090.0,10000.0
GO Launcher EX UI5.0 theme,PERSONALIZATION,4.3,111634.0,5000000.0
Device Info Ex Live Wallpaper,PERSONALIZATION,4.1,2645.0,50000.0
GO Weather EX Theme White,WEATHER,4.2,8723.0,500000.0
Advanced EX for HYUNDAI,TOOLS,2.7,168.0,5000.0
MIUI Style GO Weather EX,WEATHER,4.2,2115.0,500000.0
Remote EX for NISSAN,COMMUNICATION,2.3,223.0,5000.0
Ex Explorer : Dual view exproler / file manager,TOOLS,3.9,361.0,50000.0
Get Over Your Ex,DATING,4.1,10.0,5000.0
Advanced EX for MITSUBISHI,TOOLS,2.9,33.0,1000.0
Advanced EX for KIA,TOOLS,3.3,257.0,5000.0
Money Manager Ex for Android,FINANCE,4.2,2695.0,100000.0
Advanced EX for NISSAN,TOOLS,2.9,164.0,5000.0
Advanced EX for FIAT,TOOLS,3.5,138.0,5000.0
Advanced EX for RENAULT,TOOLS,2.8,130.0,5000.0
EX File Explorer File Manage Pro,PRODUCTIVITY,4.193338315362443,1.0,50.0
Aurum Blade EX,FAMILY,4.3,28151.0,1000000.0
SCI-Ex,HEALTH_AND_FITNESS,3.5,8.0,1000.0
Papyrus Ex,TOOLS,4.6,1092.0,100000.0
GLASS GO Launcher EX Theme,PERSONALIZATION,4.2,18280.0,1000000.0
Moonlight GO Weather EX,WEATHER,4.2,11510.0,1000000.0
My Ex Girlfriend Comes Back,FAMILY,3.7,3258.0,500000.0
An Elite Warrior Ex,GAME,4.7,15.0,100.0
Gods Wars Ex : Vampire,FAMILY,3.9,1550.0,100000.0
BakaReader EX,BOOKS_AND_REFERENCE,4.3,8894.0,100000.0
Snes9x EX+,GAME,4.4,70351.0,5000000.0
X your Ex - Break Up Treatment,HEALTH_AND_FITNESS,4.0,32.0,5000.0
Ex Quotes,LIFESTYLE,4.4,129.0,50000.0
GO Contacts EX Black & Grey,PERSONALIZATION,3.7,21.0,500.0
CYANOGEN GO Launcher EX Theme,PERSONALIZATION,4.3,60298.0,5000000.0
Ex Service Taxis,BUSINESS,3.5,15.0,1000.0
Rejoin Your Ex,SOCIAL,4.193338315362443,0.0,100.0
S.O.L : Stone of Life EX,FAMILY,4.3,171220.0,5000000.0
How To Get Your Ex Back Fast,LIFESTYLE,4.0,22.0,5000.0
ExDialer PRO Key,COMMUNICATION,4.5,5474.0,100000.0
Volume Control Ex,TOOLS,4.2,5.0,100.0
Virtual Dice EX,GAME,4.3,40.0,5000.0
Black Theme Go Launcher EX,PERSONALIZATION,4.1,285.0,50000.0
EY Events,BUSINESS,2.5,31.0,10000.0
EY GlobalOne,BUSINESS,2.7,11.0,1000.0
EY Team Connect,PRODUCTIVITY,4.193338315362443,0.0,50.0
EY eMentor,FAMILY,4.193338315362443,5.0,500.0
EY Conferences,BUSINESS,4.193338315362443,1.0,1000.0
EY Africa,BUSINESS,4.193338315362443,0.0,100.0
EY TaxChat,FINANCE,1.2,44.0,1000.0
EY Expenses,FINANCE,4.193338315362443,0.0,1000.0
EY Tax Briefing,BUSINESS,4.193338315362443,3.0,100.0
EY Digital Direct,BUSINESS,4.193338315362443,0.0,5.0
EY India Tax Insights,BUSINESS,4.7,87.0,10000.0
EY Forensics,FINANCE,4.9,7.0,1000.0
EY India CFO Insights,BUSINESS,4.7,37.0,5000.0
EY Digital Tax AR,BUSINESS,4.193338315362443,2.0,100.0
EY Divest,BUSINESS,4.193338315362443,0.0,5.0
EY ATL Fuel Calculator,PRODUCTIVITY,4.4,15.0,500.0
Fuel Calculator for EY,TOOLS,4.7,32.0,1000.0
EY Digi India Personal Tax,BUSINESS,4.0,2.0,100.0
EY Catalyst Reader,BUSINESS,4.193338315362443,1.0,5.0
Pink Guy - Ey B0ss,FAMILY,4.7,13.0,500.0
EY Staff ENTERTAINER,LIFESTYLE,4.3,218.0,10000.0
EY EMEIA Diversity & Inclusion,BUSINESS,4.193338315362443,4.0,500.0
Ey Sey Storytime រឿងនិទានតាឥសី,FAMILY,4.7,1327.0,10000.0
EY Football,SPORTS,4.193338315362443,0.0,10.0
Eyes - The Scary Horror Game Adventure,GAME,4.4,499483.0,10000000.0
Amleen Ey,SOCIAL,4.193338315362443,0.0,1.0
EY Events Switzerland,PRODUCTIVITY,4.193338315362443,1.0,500.0
EY TaxLaw NL,BUSINESS,4.193338315362443,9.0,100.0
EY-Parthenon,BUSINESS,4.193338315362443,1.0,5.0
EY Belgium Inhouse Day 2018,EVENTS,4.193338315362443,0.0,10.0
Tenh Ey,SHOPPING,4.193338315362443,0.0,10.0
EY Oil & Gas,BUSINESS,4.6,20.0,1000.0
Coupe Adhémar EY 2017,SOCIAL,4.193338315362443,6.0,50.0
哈哈姆特不EY,COMMUNICATION,4.193338315362443,239.0,10000.0
Adhenarcos - Coupe Adhemar EY 2018,FAMILY,4.193338315362443,0.0,100.0
Third Eye,TOOLS,4.4,19877.0,1000000.0
Sudoku Master,GAME,4.4,58387.0,1000000.0
Jungle Monkey Run,GAME,4.4,54082.0,10000000.0
Hey That's Pretty Good!,TOOLS,4.6,222.0,10000.0
Everbridge,COMMUNICATION,3.1,497.0,100000.0
I am Dentist - Save my Teeth,FAMILY,4.3,7443.0,100000.0
Best Auto Call Recorder Free,COMMUNICATION,3.7,7.0,500.0
FilterGrid - Cam&Photo Editor,PHOTOGRAPHY,4.6,126338.0,1000000.0
EyPools,HOUSE_AND_HOME,4.193338315362443,2.0,100.0
Etihad Airways,TRAVEL_AND_LOCAL,4.1,3674.0,500000.0
Beach Volleyball 3D,SPORTS,4.2,43191.0,5000000.0
Organizer,PRODUCTIVITY,4.4,936.0,50000.0
EZ Video Download for Facebook,SOCIAL,4.1,34079.0,1000000.0
EZCast – Cast Media to TV,VIDEO_PLAYERS,3.6,32112.0,1000000.0
EZ Cleaner - Booster Optimizer,TOOLS,4.4,6801.0,500000.0
EZ PZ RPG,FAMILY,3.8,70903.0,1000000.0
EZ Receipts,FINANCE,4.0,2187.0,100000.0
EZ Thanks,BUSINESS,3.2,116.0,10000.0
EZ Inspections,PRODUCTIVITY,2.8,160.0,10000.0
EZ-ELD Update,AUTO_AND_VEHICLES,3.1,14.0,1000.0
EZ Display,PRODUCTIVITY,2.9,280.0,50000.0
EZ Web Video Cast | Chromecast,VIDEO_PLAYERS,4.1,1276.0,100000.0
ez Share Android app,PHOTOGRAPHY,3.3,1461.0,100000.0
EZ File Manager(Root Explorer),PRODUCTIVITY,3.5,626.0,100000.0
EZ Launcher,PERSONALIZATION,4.2,18926.0,1000000.0
EZ-SEE,VIDEO_PLAYERS,2.8,71.0,10000.0
EZ-ELD Driver App (Free),AUTO_AND_VEHICLES,2.1,83.0,5000.0
Ez Mirror Match,GAME,4.4,3344.0,500000.0
EZ Notes Lite,PRODUCTIVITY,4.4,69.0,1000.0
EZ Bluetooth,TOOLS,4.2,789.0,50000.0
Dream EZ,HEALTH_AND_FITNESS,4.1,107.0,10000.0
Ez Texting,BUSINESS,3.3,49.0,10000.0
EZ TV Player,VIDEO_PLAYERS,3.5,51.0,10000.0
EZ-GUI Ground Station,TOOLS,4.7,3696.0,50000.0
Ez iCam,PHOTOGRAPHY,3.1,7300.0,1000000.0
E-Z App™ Train Control,TOOLS,4.3,33.0,1000.0
EZ App Installer,TOOLS,4.1,533.0,100000.0
EZ Clock & Weather Widget,WEATHER,4.2,6849.0,1000000.0
EZ Pass,TOOLS,2.5,15.0,5000.0
EZ Usenet for Easynews®,VIDEO_PLAYERS,3.9,244.0,10000.0
EZ View,BUSINESS,3.0,287.0,50000.0
EZ TAG Express,TRAVEL_AND_LOCAL,3.2,86.0,10000.0
EZ Wifi Notification,COMMUNICATION,4.3,260.0,10000.0
EZ-VPNGate,TOOLS,4.3,36.0,5000.0
EZ Switch Widget,PRODUCTIVITY,4.2,2412.0,100000.0
EZ-Builder Mobile,FAMILY,4.3,51.0,5000.0
EZ LED,TOOLS,2.2,19.0,1000.0
F&M Bank - EZ Banking,FINANCE,3.9,49.0,10000.0
My EZ-Link Mobile,LIFESTYLE,2.8,3187.0,100000.0
EZ Financial Calculator,FINANCE,4.4,32.0,1000.0
EZ Quran,BOOKS_AND_REFERENCE,4.6,595.0,50000.0
EZ Screenshot,TOOLS,4.4,55.0,5000.0
EZ Utilities Extension,TOOLS,3.9,33.0,5000.0
EZ-Placard - Free Placard Calculator,TOOLS,2.9,7.0,1000.0
EZ game screen recorder with audio 1080P,VIDEO_PLAYERS,4.1,40.0,1000.0
FA Player Essentials,SPORTS,5.0,7.0,100.0
HTC Sense Input - FA,TOOLS,4.6,1420.0,100000.0
"FEABIE: Feedees, BBW, BHM & FA",DATING,3.7,1212.0,100000.0
Test Server SMS FA,COMMUNICATION,4.193338315362443,0.0,5.0
"Messages, Text and Video Chat for Messenger",SOCIAL,4.4,49580.0,10000000.0
All Social Networks,SOCIAL,4.2,22650.0,1000000.0
Facebook Face to Face Events,BUSINESS,4.4,4518.0,1000000.0
FA Part 1 & 2 Past Papers Solved Free – Offline,BOOKS_AND_REFERENCE,3.9,46.0,5000.0
CNY Slots : Gong Xi Fa Cai 发财机,GAME,3.6,33.0,5000.0
Il Coccodrillo Come Fa,FAMILY,3.4,17.0,1000.0
Hertfordshire FA,SPORTS,4.193338315362443,0.0,500.0
Farsi Keyboard,TOOLS,4.3,9716.0,1000000.0
Premier League - Official App,SPORTS,4.3,63782.0,5000000.0
Golden HoYeah Slots - Real Casino Slots,GAME,4.4,201537.0,5000000.0
Dio Fa Cose,FAMILY,4.193338315362443,35.0,1000.0
FaFaFa™ Gold Casino: Free slot machines,GAME,4.3,11051.0,1000000.0
Messenger Messenger,SOCIAL,4.3,38826.0,10000000.0
F.A Sumon songs,FAMILY,4.193338315362443,6.0,1000.0
NCLEX-RN Q&A FLASH CARDS - FA Davis,MEDICAL,4.193338315362443,2.0,1000.0
LEADS FA,FINANCE,4.193338315362443,31.0,1000.0
Farm Heroes Saga,FAMILY,4.4,7615646.0,100000000.0
All AJK Board Matric Fa Fsc Results,FAMILY,4.193338315362443,0.0,10.0
ESPN Fantasy Sports,SPORTS,4.0,176487.0,5000000.0
Heart of Vegas™ Slots – Free Slot Casino Games,GAME,4.5,264282.0,10000000.0
Fallout Shelter,FAMILY,4.6,2721923.0,10000000.0
Authy 2-Factor Authentication,TOOLS,4.3,15070.0,1000000.0
Facejjang,PHOTOGRAPHY,4.1,100179.0,10000000.0
Block Puzzle - Wood Legend,FAMILY,4.4,318867.0,10000000.0
Soccer 2018,SPORTS,3.5,172373.0,10000000.0
Flash Light on Call & SMS,TOOLS,4.1,25438.0,1000000.0
Fart sound pranks,FAMILY,3.8,283823.0,50000000.0
Facebook Creator,SOCIAL,4.2,3895.0,1000000.0
Swift for Facebook Lite,SOCIAL,4.3,9562.0,500000.0
Friendly for Facebook,SOCIAL,4.5,42621.0,1000000.0
Facebook Pages Manager,BUSINESS,4.0,1279800.0,50000000.0
Mini for fb lite,TOOLS,4.0,710.0,100000.0
Faster for Facebook Lite,SOCIAL,4.3,24456.0,1000000.0
Facebook Ads Manager,BUSINESS,4.1,19051.0,1000000.0
Who Viewed My FB Profile,FAMILY,3.4,121.0,10000.0
Puffin for Facebook,SOCIAL,4.0,10743.0,500000.0
Lite for Facebook Messenger,COMMUNICATION,4.3,76498.0,1000000.0
Profile Tracker - Who Viewed My Facebook Profile,SOCIAL,4.7,37090.0,500000.0
Who viewed my fb profile pro★★,FAMILY,4.5,6396.0,100000.0
Video Downloader For FB: Save FB Videos 2018,TOOLS,4.3,434.0,50000.0
Pink Color for Facebook,SOCIAL,4.1,5285.0,500000.0
Messenger,SOCIAL,4.1,68025.0,10000000.0
"Stickers for Imo, fb, whatsapp",SOCIAL,4.4,214.0,10000.0
Who Viewed My Facebook Profile - Stalkers Visitors,SOCIAL,4.6,273244.0,5000000.0
Downloader plus for FB,SOCIAL,4.193338315362443,4.0,500.0
Cover Camera for FB,PHOTOGRAPHY,3.8,742.0,100000.0
MB Notifications for FB (Free),SOCIAL,3.9,3047.0,100000.0
MultiMessage for FB Messenger,PRODUCTIVITY,4.2,182.0,50000.0
Messenger Kids – Safer Messaging and Video Chat,FAMILY,4.2,3478.0,500000.0
FB Live,BUSINESS,3.7,27.0,5000.0
Phoenix - Facebook & Messenger,SOCIAL,4.3,9606.0,100000.0
Faster Social for Facebook,SOCIAL,4.2,1236.0,100000.0
Check Your Visitors on FB ?,SOCIAL,3.6,40.0,5000.0
Videos downloader for Facebook:fast fb video saver,VIDEO_PLAYERS,4.3,20.0,5000.0
Stickers for Facebook,SOCIAL,4.3,11066.0,1000000.0
Video Download For FB,TOOLS,4.3,444.0,100000.0
Video Downloader for FB : Video Download with Link,VIDEO_PLAYERS,4.5,1060.0,100000.0
Video Downloader for FB,TOOLS,4.3,53.0,5000.0
FB Photographie,PHOTOGRAPHY,4.7,37.0,1000.0
Lite Messenger for Facebook Lite,SOCIAL,3.8,108.0,10000.0
Download Facebook Photo Albums,TOOLS,4.0,3840.0,100000.0
Mini for Facebook lite,SOCIAL,4.1,260.0,10000.0
FB Advanced Search,SOCIAL,4.193338315362443,2.0,50.0
funny Image Comments for FB,SOCIAL,3.9,19.0,5000.0
IDM for Facebook ★ Downloader,PRODUCTIVITY,4.3,1905.0,100000.0
"Unlimited Group Links - Whatsapp, FB, Telegram",SOCIAL,3.4,44.0,10000.0
EasyLive - FB Live Helper,BUSINESS,4.193338315362443,6.0,500.0
HD VideoDownlaoder For Fb : XXVideo Downloader,VIDEO_PLAYERS,4.2,61.0,10000.0
Barca News - app for Barcelona FC Fans,SPORTS,4.5,207.0,10000.0
FC Barcelona Fantasy Manager: Real football mobile,SPORTS,4.4,15221.0,1000000.0
Classic FC 64 IN 1,FAMILY,4.2,1749.0,100000.0
FC Barcelona Official Keyboard,SPORTS,4.7,5229.0,500000.0
Barcelona Live 2018—Goals & News for Barca FC Fans,SPORTS,4.6,342.0,10000.0
Barcelona News - Sportfusion,SPORTS,4.4,382.0,10000.0
Barcelona Calendar,SPORTS,4.4,670.0,10000.0
"Barca News - FC Barcelona, World Foot & Transfers",SPORTS,4.8,160.0,10000.0
FC Bayern Munich,SPORTS,4.6,37140.0,1000000.0
FC BARCELONA EVENTS,SPORTS,4.3,6.0,100.0
Cambridge English FC,FAMILY,4.4,761.0,50000.0
Barcelona Live - Goal Score & News for Barca Fans,SPORTS,4.4,38.0,10000.0
Seattle Sounders FC,SPORTS,3.3,974.0,10000.0
FCB Connect - FC Barcelona,SOCIAL,4.5,795.0,50000.0
1. FC Köln App,SPORTS,4.6,2019.0,100000.0
File Commander - File Manager/Explorer,BUSINESS,4.3,758590.0,100000000.0
FC Porto,SPORTS,4.9,15883.0,100000.0
Fulham FC,SPORTS,4.3,401.0,10000.0
Barcelona FC Noticias Live,NEWS_AND_MAGAZINES,4.193338315362443,2.0,500.0
Chelsea FC Official Keyboard,PRODUCTIVITY,4.5,91397.0,1000000.0
Burnley FC,SPORTS,4.9,195.0,5000.0
Atlanta United FC,SPORTS,3.7,215.0,10000.0
Barcelona Wallpaper HD,PERSONALIZATION,4.5,93.0,10000.0
Sydney FC Official App,SPORTS,4.6,57.0,5000.0
Birmingham City FC,SPORTS,4.5,191.0,10000.0
FC Browser - Focus Privacy Browser,COMMUNICATION,4.1,26.0,1000.0
My AEK - Official ΑΕΚ FC app,SPORTS,4.8,3346.0,50000.0
FC Parking,MAPS_AND_NAVIGATION,4.193338315362443,0.0,500.0
Noticias FC Barcelona,NEWS_AND_MAGAZINES,5.0,4.0,100.0
Toronto FC,SPORTS,3.4,144.0,10000.0
Middlesbrough FC Official,SPORTS,4.5,152.0,10000.0
The 5th Stand,SPORTS,4.8,1697.0,100000.0
Galaxian(FC),GAME,4.5,2.0,100.0
FC Red Bull Salzburg App,SPORTS,4.5,1526.0,50000.0
FC Zenit official Android app,SPORTS,4.5,5675.0,100000.0
Fan App for Portsmouth FC,SPORTS,4.5,53.0,1000.0
Latest Barcelona News 24h,NEWS_AND_MAGAZINES,4.5,104.0,10000.0
Mobile FC,SPORTS,4.1,5015.0,100000.0
"FirstCry Baby & Kids Shopping, Fashion & Parenting",SHOPPING,4.1,41074.0,5000000.0
Fan App for Reading FC,SPORTS,3.6,9.0,500.0
Deportivo Toluca FC,SPORTS,4.7,2317.0,50000.0
Underdog FC,SPORTS,4.6,216.0,10000.0
Las Vegas Lights FC,SPORTS,4.9,10.0,500.0
APOEL FC,SPORTS,4.6,688.0,10000.0
FD Shift Calendar Widget,TOOLS,4.1,981.0,100000.0
Bank FD Interest Calculator,FINANCE,4.5,166.0,10000.0
FD VR Video Player - (Stored),FAMILY,3.9,751.0,100000.0
FD Mobile,FAMILY,3.9,53.0,5000.0
Formula DRIFT,SPORTS,4.6,169.0,10000.0
FD VR - Virtual 3D Web Browser,FAMILY,3.8,729.0,100000.0
FD Community FCU Mobile,FINANCE,4.7,175.0,1000.0
Female Daily,BEAUTY,3.9,4354.0,100000.0
FD VR - Virtual App Launcher,LIBRARIES_AND_DEMO,4.1,1463.0,100000.0
FD VR Player - for 360 Youtube,FAMILY,3.9,100.0,10000.0
FD VR Store -VR Games and Apps,FAMILY,4.0,105.0,10000.0
Policy And FD Manager,FINANCE,4.3,20.0,500.0
FD VR - Virtual Reality Camera,FAMILY,4.0,1007.0,100000.0
Sports Lite,SPORTS,4.4,16.0,1000.0
FD VR Theater - for Youtube VR,FAMILY,4.1,4585.0,1000000.0
Story Time FD,FAMILY,5.0,2.0,10.0
FD Calculator | Term Deposit | Fixed Deposit,FINANCE,4.8,12.0,1000.0
FD CANNECT,TOOLS,4.193338315362443,1.0,1.0
Financial Calculator India,FINANCE,4.6,13819.0,1000000.0
"FD Calculator (EMI, SIP, RD & Loan Eligilibility)",FINANCE,5.0,104.0,1000.0
FD VR Cardboard Featured 360 Videos,FAMILY,4.2,76.0,10000.0
"EMI, FD, RD - Bank Calculator",FINANCE,4.7,42.0,5000.0
FD VR Player - for Youtube 3D,FAMILY,4.0,2378.0,500000.0
RD/FD Calculator,FINANCE,4.4,92.0,10000.0
FD VR Music Videos - MTV Pop and Rap in 360,FAMILY,4.9,15.0,1000.0
FD VR - Virtual Photo Gallery,FAMILY,3.5,179.0,10000.0
Fix Deposit Calculator (FD),FINANCE,4.1,7.0,1000.0
FD Interest Calculator,FINANCE,4.2,17.0,5000.0
Deposit Calculator FD & RD,FINANCE,4.4,18.0,10000.0
FD Fotografia,PHOTOGRAPHY,4.193338315362443,2.0,100.0
Banking Calculator,FINANCE,4.5,3704.0,100000.0
FD e-paper,NEWS_AND_MAGAZINES,3.1,183.0,10000.0
FD Fitness,HEALTH_AND_FITNESS,4.193338315362443,3.0,50.0
EMI/FD/RD/PV/IRR/BEP/EOQ Calc,FINANCE,4.5,58.0,10000.0
EMI Calculator | FD Calculator | RD calculator,FINANCE,4.6,106.0,10000.0
LineStar for FanDuel,SPORTS,4.3,1539.0,50000.0
HD Video Download for Facebook,VIDEO_PLAYERS,4.4,20755.0,1000000.0
Fire Emblem Heroes,FAMILY,4.6,407694.0,5000000.0
Santa Fe FCU Mobile Banking,FINANCE,4.3,12.0,1000.0
FE Connect,TOOLS,4.8,24.0,5000.0
FE Civil Engineering Exam Prep,FAMILY,2.8,9.0,1000.0
FE CREDIT - TET VUI,FINANCE,4.1,125.0,50000.0
FE Mechanical Engineering Prep,FAMILY,1.0,2.0,1000.0
FE Mobile,BUSINESS,3.0,2.0,10.0
Comunidad De Fe Minitries,LIFESTYLE,5.0,19.0,500.0
Garena Free Fire,GAME,4.5,5534114.0,100000000.0
FE Other Disciplines Engineering Exam Prep,FAMILY,4.193338315362443,0.0,100.0
FE EN ACCIÓN RADIO,FAMILY,4.193338315362443,1.0,10.0
FE Electric & Comp Engineering,FAMILY,4.193338315362443,2.0,500.0
Caprock Santa Fe Credit Union,FINANCE,4.193338315362443,0.0,100.0
FE Chemical Engineering Exam Prep,FAMILY,4.193338315362443,2.0,100.0
Santa Fe Map and Walks,TRAVEL_AND_LOCAL,4.193338315362443,2.0,1000.0
FE IP,TOOLS,4.193338315362443,3.0,1000.0
Safe Santa Fe,FAMILY,5.0,2.0,1000.0
Santa Fe New Mexican e-Edition,NEWS_AND_MAGAZINES,4.1,25.0,1000.0
L!FE Premium Training,HEALTH_AND_FITNESS,4.193338315362443,2.0,100.0
Theme for Galaxy Note FE Launcher | Live Wallpaper,PERSONALIZATION,4.193338315362443,2.0,100.0
Theme for Galaxy Note FE,PERSONALIZATION,4.193338315362443,3.0,100.0
Note FE Theme And Launcher For Samsung Galaxy,PERSONALIZATION,4.4,7.0,1000.0
FE CPS,FINANCE,3.0,62.0,10000.0
Santa Fe Indian Market,FAMILY,3.8,4.0,500.0
FE Connect Fhoton,TOOLS,4.193338315362443,0.0,100.0
Repair Hyundai Santa Fe,AUTO_AND_VEHICLES,3.9,22.0,1000.0
La Fe de Jesús,BOOKS_AND_REFERENCE,4.193338315362443,10.0,500.0
Santa Fe Espresso & News,FOOD_AND_DRINK,4.193338315362443,0.0,10.0
Santa Fe Sentry,HOUSE_AND_HOME,4.193338315362443,0.0,100.0
Santa Fe Thrive,HEALTH_AND_FITNESS,5.0,2.0,50.0
FE Connect Drive-Tech,BUSINESS,4.193338315362443,0.0,100.0
FE Mix - Jokes - Status - Wallpaper,FAMILY,4.193338315362443,3.0,1000.0
Frases Cristianas de Esperanza y Fe,SOCIAL,4.193338315362443,2.0,100.0
Theme for Samsung Galaxy Note FE,PERSONALIZATION,4.5,52.0,10000.0
Santa Fe VIP Tours,TRAVEL_AND_LOCAL,4.193338315362443,1.0,100.0
Santa Fe App,SPORTS,4.193338315362443,196.0,5000.0
Curso Básico y Avanzado la Fe de Jesús Audio-Texto,FAMILY,4.193338315362443,0.0,10.0
Ríos de Fe,LIFESTYLE,5.0,141.0,1000.0
Theme For Galaxy Note FE,PERSONALIZATION,4.193338315362443,0.0,100.0
Le Fe de Jesus,BOOKS_AND_REFERENCE,4.193338315362443,3.0,500.0
FG Mobile,FAMILY,3.3,130.0,5000.0
FG Wallet,FINANCE,4.193338315362443,9.0,1000.0
Burn Your Fat With Me! FG,HEALTH_AND_FITNESS,4.5,38487.0,1000000.0
FG On-The-Go,TOOLS,4.9,55.0,1000.0
FG Autumn Photo Puzzle,FAMILY,4.193338315362443,0.0,10.0
Radio FG Paris Underground,FAMILY,4.193338315362443,3.0,100.0
FG Radio - Radios de France,FAMILY,4.193338315362443,0.0,10.0
FG SPINNER,GAME,4.193338315362443,2.0,10.0
FG Finder,TOOLS,4.193338315362443,154.0,10000.0
FG. Chic - House Lounge Musique - Radios de France,FAMILY,4.193338315362443,1.0,50.0
BROTHER IN WARS: GUNNER CITY WARLORDS,GAME,4.3,8649.0,1000000.0
Angry Birds Space HD,GAME,4.5,43645.0,5000000.0
Survival Prison Escape v2: Free Action Game,FAMILY,4.1,44027.0,5000000.0
FG VOC,BUSINESS,4.8,6.0,1000.0
Police Car Driver,GAME,3.8,83671.0,10000000.0
Modern Sniper Strike: Best Commando Action 2k18,GAME,4.1,164.0,10000.0
Moto Fighter 3D,GAME,3.9,85410.0,10000000.0
FG Rockstar,FAMILY,4.193338315362443,1.0,10.0
BMX Boy,GAME,4.2,839206.0,50000000.0
Crazy Bike attack Racing New: motorcycle racing,GAME,4.2,20364.0,5000000.0
POLARIS 2MFG,FAMILY,4.8,1228.0,10000.0
Gun Disassembly 2,FAMILY,4.1,26347.0,1000000.0
Fields of Battle,GAME,4.1,71476.0,1000000.0
Family Guy The Quest for Stuff,GAME,4.0,995002.0,10000000.0
Ambulance Simulator 3D,FAMILY,3.9,29415.0,1000000.0
Leghe Fantagazzetta,SPORTS,4.1,79464.0,1000000.0
Police Car Driving Sim,FAMILY,4.1,72522.0,10000000.0
Toy Attack,GAME,4.2,3878.0,500000.0
Field Goal Tournament,SPORTS,3.7,2980.0,100000.0
Ghost In Photo,PHOTOGRAPHY,3.9,28429.0,5000000.0
Disney Princess Palace Pets,FAMILY,3.9,60097.0,1000000.0
Police VAZ LADA Simulator,FAMILY,3.6,3502.0,500000.0
Scary Video Maker,FAMILY,3.7,9296.0,500000.0
SnowMobile Parking Adventure,GAME,3.6,12257.0,1000000.0
PBS KIDS Games,FAMILY,4.3,12919.0,1000000.0
Zombie Sniper 3D III,GAME,3.9,8122.0,500000.0
Family Guy- Another Freakin' Mobile Game,FAMILY,4.5,221691.0,5000000.0
FH WiFiCam,PHOTOGRAPHY,2.6,201.0,10000.0
HD Themes Volvo FH Trucks,PERSONALIZATION,4.4,40.0,5000.0
Familial Hypercholesterolaemia,MEDICAL,4.193338315362443,0.0,10.0
Familial Hypercholesterolaemia Handbook,MEDICAL,1.0,2.0,100.0
Themes Volvo FH 16 Trucks,PERSONALIZATION,4.193338315362443,38.0,10000.0
FH Calculator,HEALTH_AND_FITNESS,4.193338315362443,9.0,500.0
Top Themes Volvo FH Trucks,PERSONALIZATION,4.193338315362443,9.0,1000.0
Top Puzzles Volvo FH Trucks,FAMILY,4.193338315362443,4.0,500.0
Wallpapers Volvo FH 16 Trucks,PERSONALIZATION,4.2,13.0,1000.0
Puzzles Volvo FH 16 Trucks,FAMILY,4.8,10.0,1000.0
Jigsaw Volvo FH 16 Trucks,FAMILY,5.0,5.0,1000.0
Shoot Hunter-Gun Killer,GAME,4.3,320334.0,50000000.0
studentsLife by FH Kärnten,FAMILY,4.4,108.0,5000.0
FH® Cost Lookup / FH® CCSalud,MEDICAL,4.5,30.0,1000.0
FH Kufstein App,FAMILY,4.193338315362443,9.0,500.0
FH App,BUSINESS,4.9,27.0,100.0
HD Wallpapers Volvo FH Trucks,PERSONALIZATION,4.193338315362443,4.0,500.0
Jigsaw Puzzles Volvo FH Truck Game,FAMILY,4.193338315362443,4.0,100.0
Themes Volvo FH Trucks,PERSONALIZATION,4.193338315362443,14.0,1000.0
FH School,FAMILY,5.0,4.0,100.0
FH Wallet,FINANCE,4.193338315362443,0.0,1.0
FH Dortmund FB4,FAMILY,4.193338315362443,40.0,1000.0
Fast Motorcycle Driver 2016,GAME,4.2,28151.0,1000000.0
Wallpapers Volvo FH Truck,PERSONALIZATION,4.2,4.0,100.0
HD Jigsaw Volvo FH Trucks,FAMILY,4.193338315362443,2.0,500.0
Jigsaw Puzzles Volvo FH Trucks,FAMILY,4.193338315362443,3.0,1000.0
Angry Shark 2016,FAMILY,4.0,73185.0,5000000.0
First Hawaiian Bank Mobile,FINANCE,2.1,232.0,10000.0
FH CODE,TOOLS,4.193338315362443,13.0,100.0
Strike! Ten Pin Bowling,SPORTS,4.2,18584.0,5000000.0
IKORO FH App Rosenheim,FAMILY,4.193338315362443,22.0,1000.0
My Truck,TOOLS,2.5,247.0,10000.0
Talking Tom Bubble Shooter,FAMILY,4.4,687136.0,50000000.0
Forgotten Hill: Fall,GAME,4.4,1063.0,50000.0
Forgotten Hill Mementoes,GAME,4.6,2027.0,100000.0
EHiN-FH conferenceapp,COMMUNICATION,4.193338315362443,5.0,100.0
BTK-FH Online Campus,FAMILY,4.193338315362443,1.0,500.0
Talking Husky Dog,FAMILY,4.4,26545.0,1000000.0
Bubble Bird Rescue,FAMILY,4.2,70753.0,5000000.0
Forgotten Hill: Surgery,GAME,4.5,2431.0,100000.0
Real Airplane Flight Simulator: Pilot Games,FAMILY,3.3,21735.0,1000000.0
Dolphin and fish coloring book,FAMILY,3.9,2249.0,500000.0
Carpooling FH Hagenberg,COMMUNICATION,4.193338315362443,0.0,100.0
Forgotten Hill: Puppeteer,GAME,4.5,2917.0,100000.0
Airplane Fly Hawaii,FAMILY,4.1,83427.0,1000000.0
FiSwitch,TOOLS,4.8,615.0,10000.0
Signal Info,TOOLS,4.6,424.0,10000.0
Signal Spy - Monitor Signal Strength & Data Usage,TOOLS,4.4,875.0,100000.0
Wi-Fi Auto-connect,COMMUNICATION,3.8,15036.0,1000000.0
Smart Wi-Fi Hotspot PRO,COMMUNICATION,3.7,197.0,10000.0
"Talkie - Wi-Fi Calling, Chats, File Sharing",COMMUNICATION,4.2,4838.0,500000.0
Portable Wi-Fi hotspot Premium,COMMUNICATION,3.7,481.0,10000.0
Avast Wi-Fi Finder,PRODUCTIVITY,4.3,37277.0,1000000.0
Police Field Interview FI Card,PRODUCTIVITY,4.5,112.0,1000.0
LG Hi-Fi Plus Manager,TOOLS,3.5,154.0,10000.0
WeFi - Free Fast WiFi Connect & Find Wi-Fi Map,COMMUNICATION,4.0,13469.0,1000000.0
"Talkie Pro - Wi-Fi Calling, Chats, File Sharing",COMMUNICATION,4.5,201.0,1000.0
Safe Wi-Fi,PRODUCTIVITY,2.9,32.0,1000.0
[root] Pry-Fi,TOOLS,3.9,6736.0,500000.0
Sat-Fi,COMMUNICATION,3.6,97.0,5000.0
WiFi Monitor Pro - analyzer of Wi-Fi networks,TOOLS,4.6,85.0,1000.0
Candy simply-Fi,LIFESTYLE,2.1,2390.0,100000.0
SCI-FI UI,FAMILY,4.7,15.0,100.0
Wi-Fi Rabbit Unlock Key,TOOLS,4.5,142.0,5000.0
Wi-Fi settings shortcut,TOOLS,4.1,479.0,50000.0
Wi-Fi Master,TOOLS,4.5,3673.0,500000.0
Micro Fi,FAMILY,3.7,39.0,5000.0
fi,FAMILY,2.9,691.0,100000.0
Portable Wi-Fi hotspot Free,COMMUNICATION,4.0,1711.0,100000.0
Wi-Fi Networks,PRODUCTIVITY,4.2,115.0,10000.0
FI CFL,FINANCE,3.7,112.0,10000.0
Tassa.fi Finland,LIFESTYLE,3.6,346.0,50000.0
TownWiFi | Wi-Fi Everywhere,COMMUNICATION,3.9,2372.0,500000.0
Jazz Wi-Fi,COMMUNICATION,3.4,49.0,10000.0
Xposed Wi-Fi-Pwd,PERSONALIZATION,3.5,1042.0,100000.0
osmino Wi-Fi: free WiFi,TOOLS,4.2,134203.0,10000000.0
Sat-Fi Voice,COMMUNICATION,3.4,37.0,1000.0
Wi-Fi Visualizer,TOOLS,3.9,132.0,50000.0
Lennox iComfort Wi-Fi,LIFESTYLE,3.0,552.0,50000.0
Sci-Fi Sounds and Ringtones,PERSONALIZATION,3.6,128.0,10000.0
Sci Fi Sounds,FAMILY,3.2,4.0,1000.0
Free Wi-fi HotspoT,COMMUNICATION,4.1,382.0,50000.0
FJ 4x4 Cruiser Offroad Driving,FAMILY,4.1,3543.0,500000.0
FJ 4x4 Cruiser Snow Driving,FAMILY,4.2,1619.0,500000.0
Wallpapers Toyota FJ Cruiser,PERSONALIZATION,4.2,78.0,10000.0
New Wallpapers Toyota FJ Cruiser Theme,PERSONALIZATION,4.193338315362443,1.0,100.0
"FJ Final Join , Circles Game",GAME,4.7,32.0,1000.0
HD Wallpaper - Toyota FJ Cruiser,TOOLS,4.193338315362443,2.0,100.0
FJ Drive: Mercedes-Benz Lease,AUTO_AND_VEHICLES,4.6,107.0,10000.0
Driving n Parking School 2017,FAMILY,4.5,15.0,1000.0
FJ WiFi HDD,TOOLS,4.193338315362443,40.0,5000.0
Offroad Cruiser,FAMILY,4.3,42432.0,1000000.0
HD Themes Toyota Cruiser 70,PERSONALIZATION,4.5,86.0,10000.0
Toyota Cruisers & Trucks Mag,TRAVEL_AND_LOCAL,4.5,10.0,500.0
4 x4 Offroad SUV 3D Truck Simulator Driving 2017,FAMILY,4.4,32.0,1000.0
Cake Shop - Kids Cooking,FAMILY,4.3,30668.0,5000000.0
HD Themes Toyota Cruiser 60,PERSONALIZATION,4.193338315362443,0.0,100.0
HD Themes Toyota Cruiser70,PERSONALIZATION,4.193338315362443,0.0,100.0
HD Themes Toyota Cruiser 80,PERSONALIZATION,4.193338315362443,2.0,100.0
HD Themes Toyota Cruiser 50,PERSONALIZATION,4.193338315362443,1.0,50.0
OFF-ROAD SIMULATOR 4x4 : REAL,FAMILY,4.2,109.0,10000.0
HD Themes Toyota Cruiser 100VX,PERSONALIZATION,4.193338315362443,2.0,100.0
HD Themes Toyota Cruiser 200,PERSONALIZATION,3.7,3.0,100.0
HD Themes Toyota Cruiser 40,PERSONALIZATION,4.193338315362443,2.0,100.0
Fun Kid Racing - Motocross,FAMILY,4.1,59768.0,10000000.0
Offroad 4x4 Car Driving,FAMILY,4.3,26224.0,1000000.0
Motocross Beach Jumping 3D,FAMILY,4.0,105954.0,10000000.0
Offroad drive : 4x4 driving game,GAME,3.5,2071.0,100000.0
Hair saloon - Spa salon,FAMILY,4.2,38473.0,10000000.0
Rope Hero: Vice Town,GAME,4.4,452589.0,10000000.0
Drive 4x4 Luxury SUV Jeep,GAME,4.2,2183.0,500000.0
PIP Selfie Camera Photo Editor,PHOTOGRAPHY,4.4,156322.0,10000000.0
FJ-link,TOOLS,4.193338315362443,1.0,10.0
Motocross Mayhem,GAME,3.8,35171.0,1000000.0
Funny Jokes,FAMILY,3.9,2505.0,100000.0
Flight Simulator: Fly Plane 3D,FAMILY,4.0,660613.0,50000000.0
Motocross Fun Simulator,FAMILY,3.8,22570.0,1000000.0
Dino Defends king 3 – Dinosaur T rex Hunter Games,GAME,3.6,182.0,50000.0
Fast Notes FJ,PRODUCTIVITY,4.2,12.0,500.0
FJ Toolkit,TOOLS,4.193338315362443,1.0,100.0
Block Gun 3D: Haunted Hollow,GAME,3.8,16282.0,1000000.0
Art of F J Taylor,VIDEO_PLAYERS,4.193338315362443,2.0,10.0
Driving Suv Toyota Car Simulator,FAMILY,3.7,187.0,10000.0
Navy Gunner Shoot War 3D,GAME,4.0,103199.0,10000000.0
Drift Legends,GAME,4.2,33788.0,1000000.0
FK,MEDICAL,4.4,1517.0,100000.0
FK (FlightKid),GAME,4.193338315362443,2.0,10.0
FK Sūduva Marijampolė,SPORTS,4.193338315362443,2.0,10.0
Fairy Kingdom: World of Magic and Farming,FAMILY,4.4,129542.0,1000000.0
FK Željezničar,SPORTS,4.9,1420.0,10000.0
FK Oleksandria,SPORTS,4.193338315362443,0.0,10.0
FK CLASSIC FOR YOU,BUSINESS,5.0,1.0,10.0
FK Sileks,SPORTS,4.193338315362443,0.0,1.0
Kernel Manager for Franco Kernel ✨,TOOLS,4.8,12700.0,100000.0
Qarabağ FK,SPORTS,4.193338315362443,9.0,100.0
FK Sloboda Tuzla,SPORTS,4.193338315362443,0.0,10.0
FK Jelgava,SPORTS,4.193338315362443,0.0,5.0
FK Vojvodina,SPORTS,4.193338315362443,5.0,50.0
FK Liepaja,SPORTS,4.193338315362443,4.0,100.0
FK Teplice,SPORTS,4.193338315362443,2.0,50.0
FK Sarajevo,SPORTS,4.193338315362443,6.0,100.0
FK Vardar,SPORTS,4.193338315362443,2.0,10.0
Ray Financial Calculator Pro,FINANCE,4.0,67.0,10000.0
FK Bregalnica Štip,SPORTS,4.193338315362443,0.0,1.0
FK Mladost Lucani,SPORTS,4.193338315362443,0.0,5.0
FK Radnicki Nis,SPORTS,4.193338315362443,1.0,50.0
FK Dukla Prague,SPORTS,4.193338315362443,0.0,10.0
FK Rad,SPORTS,4.193338315362443,1.0,10.0
FK Jablonec,SPORTS,4.193338315362443,2.0,50.0
FK Senica,SPORTS,4.193338315362443,0.0,10.0
FK Vozdovac,SPORTS,4.193338315362443,1.0,10.0
Toy Truck Rally 3D,GAME,4.0,301895.0,50000000.0
FK Mladá Boleslav,SPORTS,4.193338315362443,0.0,10.0
FK Macva Sabac,SPORTS,4.193338315362443,3.0,10.0
FK Crvena zvezda,SPORTS,4.9,1211.0,10000.0
FK Events,PRODUCTIVITY,4.193338315362443,0.0,5.0
PRO MX MOTOCROSS 2,GAME,3.8,25275.0,5000000.0
FK Jonava,SPORTS,4.193338315362443,1.0,5.0
FK Željezničar Izzy,FAMILY,4.9,119.0,1000.0
FK Čukarički,SPORTS,4.193338315362443,0.0,10.0
Austria Wien FK - Fussball - Inoffizielle App,SPORTS,4.193338315362443,2.0,100.0
FK Železiarne Podbrezová,SPORTS,4.193338315362443,0.0,5.0
FK Viktoria Žižkov,SPORTS,4.193338315362443,0.0,10.0
FK Zemun,SPORTS,4.193338315362443,3.0,10.0
FK Atlantas,SPORTS,1.5,2.0,5.0
FK Spartak Subotica,SPORTS,4.193338315362443,0.0,10.0
FK Dedinje BGD,SPORTS,5.0,36.0,100.0
FK Fotbal Třinec,SPORTS,4.193338315362443,0.0,10.0
FK Crvena Zvezda Izzy,TOOLS,4.8,1456.0,50000.0
FK Utenis Utena,SPORTS,4.193338315362443,0.0,5.0
Crazy Freekick,SPORTS,3.9,47688.0,5000000.0
FL State Parks Guide,TRAVEL_AND_LOCAL,3.7,871.0,100000.0
FL SW Fishing Regulations,SPORTS,4.6,60.0,1000.0
Permit Test FL Florida DHSMV,FAMILY,4.7,246.0,10000.0
FL Lottery Results,FAMILY,4.6,1481.0,50000.0
Florida DMV Permit Test -Fl,FAMILY,4.3,87.0,10000.0
Lottery Results: Florida,FAMILY,4.2,582.0,100000.0
Scratch-Off Guide for FL Lotto,FAMILY,4.6,25.0,5000.0
"Charlotte County, FL",PRODUCTIVITY,4.7,10.0,1000.0
Results for FL Lottery,NEWS_AND_MAGAZINES,4.6,146.0,10000.0
Check Lottery Tickets - Florida,FAMILY,2.0,27.0,5000.0
Fish|Hunt FL,LIFESTYLE,3.6,853.0,100000.0
Florida 511,TOOLS,3.2,148.0,50000.0
Florida Storms,WEATHER,3.8,116.0,10000.0
FL Racing Manager 2018 Lite,SPORTS,4.0,1338.0,100000.0
Florida Tides & Weather,WEATHER,3.8,30.0,1000.0
FL Tax-Verify,BUSINESS,3.8,17.0,5000.0
FL House,PRODUCTIVITY,4.4,29.0,1000.0
FL Racing Manager 2015 Pro,SPORTS,4.4,656.0,5000.0
Lottery Driver- Florida Result,FAMILY,4.4,70.0,5000.0
Florida Travel Guide,TRAVEL_AND_LOCAL,3.8,11.0,1000.0
The Florida Trail Guide,TRAVEL_AND_LOCAL,4.3,100.0,5000.0
Florida - Pocket Brainbook,BOOKS_AND_REFERENCE,4.6,7.0,1000.0
Lottery Ticket Checker - Florida Results & Lotto,TOOLS,1.0,3.0,500.0
Florida Statutes (FL Code),BOOKS_AND_REFERENCE,3.2,5.0,1000.0
Discovery Church Florida,LIFESTYLE,4.7,40.0,1000.0
FL Racing Manager 2018 Pro,SPORTS,4.3,340.0,5000.0
Florida Driver License Test,FAMILY,4.5,65.0,5000.0
Free Florida DMV Test 2018,FAMILY,4.1,665.0,50000.0
Canvas FL,FAMILY,4.9,36.0,1000.0
Florida Lottery Results,NEWS_AND_MAGAZINES,4.1,763.0,100000.0
Florida Cooling Supply HVAC,PRODUCTIVITY,4.2,6.0,500.0
Restaurant Inspections - FL,HEALTH_AND_FITNESS,3.5,143.0,10000.0
Florida Keys,TRAVEL_AND_LOCAL,4.2,92.0,10000.0
South Florida AA Meetings,LIFESTYLE,5.0,10.0,1000.0
Florida Travel Guide - TOURIAS,TRAVEL_AND_LOCAL,3.8,80.0,10000.0
Florida State Gameday,SPORTS,4.7,1566.0,50000.0
FL Bankers,EVENTS,4.193338315362443,0.0,10.0
Fort Myers FL,PRODUCTIVITY,4.193338315362443,0.0,100.0
"News-Journal-Daytona Beach, FL",NEWS_AND_MAGAZINES,4.5,76.0,5000.0
Florida map,TRAVEL_AND_LOCAL,4.193338315362443,11.0,5000.0
"Trinity Church Deltona, FL",LIFESTYLE,5.0,33.0,500.0
FL Drone 2,PHOTOGRAPHY,3.3,41.0,5000.0
"Beacon Baptist Jupiter, FL",LIFESTYLE,5.0,14.0,100.0
"Clearwater, FL - weather and more",WEATHER,4.193338315362443,0.0,10.0
University of Florida,FAMILY,4.0,168.0,10000.0
"Ocala Star Banner, FL",NEWS_AND_MAGAZINES,4.5,75.0,5000.0
Alachua County Sheriff FL,LIFESTYLE,3.2,5.0,100.0
Lotto Results - Mega Millions Powerball Lottery US,NEWS_AND_MAGAZINES,4.5,14221.0,1000000.0
Jax Sheriff (FL),LIFESTYLE,4.2,53.0,5000.0
Results for FL Lottery (Florida),FAMILY,4.193338315362443,1.0,100.0
Hidden Object Florida Vacation Adventure Fun Game,FAMILY,3.7,126.0,10000.0
WFLA News Channel 8 - Tampa FL,NEWS_AND_MAGAZINES,3.8,133.0,10000.0
Florida Beach Wallpapers HD,TRAVEL_AND_LOCAL,5.0,3.0,100.0
MY GULFPORT FL,PRODUCTIVITY,4.193338315362443,0.0,50.0
My MLS App,LIFESTYLE,4.1,1213.0,100000.0
Employ Florida Mobile,BUSINESS,2.9,97.0,10000.0
"St. Petersburg, FL - weather and more",WEATHER,4.193338315362443,0.0,10.0
LifePoint Church - FL,LIFESTYLE,4.193338315362443,1.0,50.0
WSVN • South Florida's Source for Weather,WEATHER,4.193338315362443,7.0,1000.0
PriorityONE Credit Union of Fl,FINANCE,4.7,178.0,1000.0
Florida Wildflowers,FAMILY,5.0,5.0,1000.0
Florida Blue,HEALTH_AND_FITNESS,3.2,499.0,100000.0
ORLANDO FLORIDA MAP,TRAVEL_AND_LOCAL,4.193338315362443,3.0,1000.0
Florida Tech Mobile,FAMILY,3.8,87.0,5000.0
Florida Offline Road Map,TRAVEL_AND_LOCAL,3.8,144.0,10000.0
Florida Map offline,TRAVEL_AND_LOCAL,4.6,8.0,1000.0
"The Ledger - Lakeland, Florida",NEWS_AND_MAGAZINES,4.6,89.0,5000.0
FRONTLINE COMMANDO,GAME,4.4,1351833.0,10000000.0
Gainesville Florida Police Department,LIFESTYLE,4.8,4.0,500.0
Gainesville Bus Tracker,MAPS_AND_NAVIGATION,4.2,63.0,10000.0
Florida Today,NEWS_AND_MAGAZINES,3.3,202.0,10000.0
Florida HSMV Driver License,FAMILY,3.9,14.0,1000.0
WSVN - 7 News Miami,NEWS_AND_MAGAZINES,4.5,3320.0,100000.0
WICShopper,SHOPPING,3.9,3023.0,500000.0
First Federal Bank of Florida,FINANCE,4.3,133.0,10000.0
South Florida MLS,LIFESTYLE,4.4,133.0,10000.0
Football Manager Mobile 2018,SPORTS,3.9,11460.0,100000.0
Podcast App: Free & Offline Podcasts by Player FM,NEWS_AND_MAGAZINES,4.6,66407.0,1000000.0
Motorola FM Radio,VIDEO_PLAYERS,3.9,54815.0,100000000.0
FN Cam,PHOTOGRAPHY,3.4,181.0,10000.0
How it Works: FN SCAR assault rifle,FAMILY,4.6,44.0,10000.0
FN pistol Model 1906 explained,BOOKS_AND_REFERENCE,4.193338315362443,1.0,10.0
FN pistol model 1903 explained,BOOKS_AND_REFERENCE,4.193338315362443,1.0,10.0
FutureNet your social app,SOCIAL,4.2,2093.0,100000.0
Jigsaw Puzzles FN FAL Light Automatic Rifle,FAMILY,4.193338315362443,0.0,50.0
Wallpapers FN Herstal FNP 9,PERSONALIZATION,4.193338315362443,0.0,1.0
Ninja FN Button,FAMILY,4.8,12.0,1000.0
Wallpapers FN SCAR H,PERSONALIZATION,5.0,4.0,100.0
Wallpapers FN F2000,PERSONALIZATION,4.193338315362443,0.0,5.0
Wallpapers FN Five seven,PERSONALIZATION,4.193338315362443,0.0,10.0
FN,BUSINESS,5.0,14.0,50.0
Wallpapers FN FAL Light Automatic Rifle,PERSONALIZATION,4.193338315362443,0.0,10.0
"The FN ""Baby"" pistol explained",BOOKS_AND_REFERENCE,4.193338315362443,1.0,10.0
FN FAL rifle explained,BOOKS_AND_REFERENCE,4.193338315362443,1.0,10.0
F N Bail Bonds,LIFESTYLE,3.8,4.0,500.0
The FN HP pistol explained,BOOKS_AND_REFERENCE,4.193338315362443,1.0,10.0
SB · FN 1870 Mobile Banking,FINANCE,2.9,139.0,10000.0
PIP-Camera FN Photo Effect,PHOTOGRAPHY,4.6,8.0,1000.0
Bullet - FN Theme,PERSONALIZATION,3.8,143.0,5000.0
FN model 1900 pistol explained,BOOKS_AND_REFERENCE,4.193338315362443,0.0,10.0
Pistolet FN GP35 expliqué,BOOKS_AND_REFERENCE,4.193338315362443,2.0,5.0
FN Web Radio,COMMUNICATION,4.193338315362443,0.0,10.0
Gun Builder ELITE,GAME,4.1,88941.0,1000000.0
FNH Payment Info,COMMUNICATION,4.193338315362443,0.0,10.0
Magnum 3.0 Gun Custom SImulator,GAME,4.5,16815.0,1000000.0
Pistolet FN 1906 expliqué,BOOKS_AND_REFERENCE,4.193338315362443,0.0,10.0
Circle Colors Pack-FN Theme,PERSONALIZATION,4.2,6.0,50.0
Calculator Fn,TOOLS,4.193338315362443,9.0,500.0
Pint - FN Theme,PERSONALIZATION,2.5,6.0,100.0
HAL-9000 - FN Theme,PERSONALIZATION,3.5,159.0,10000.0
Solitaire+,GAME,4.6,11235.0,100000.0
Fresh News,NEWS_AND_MAGAZINES,4.4,2207.0,100000.0
Future Cloud,PRODUCTIVITY,4.6,1075.0,100000.0
Fruit Ninja Classic,GAME,4.3,85468.0,1000000.0
Hunting Safari 3D,SPORTS,4.2,36183.0,5000000.0
Gun Club Armory,GAME,4.2,55014.0,1000000.0
Ethical Hacking,FAMILY,4.1,128.0,10000.0
Armed Cam Gun Pack,GAME,4.2,1012.0,10000.0
Zombie Defense,FAMILY,4.3,275048.0,10000000.0
Fo File Manager,TOOLS,4.5,1916.0,100000.0
Alarm.fo – choose your info,SOCIAL,4.4,19.0,1000.0
FO Bixby,PERSONALIZATION,5.0,5.0,100.0
Pin-fo,FAMILY,4.6,19.0,500.0
MARKET FO,COMMUNICATION,4.193338315362443,0.0,100.0
FO OP St-Nazaire,COMMUNICATION,4.193338315362443,1.0,100.0
FO SODEXO,COMMUNICATION,4.193338315362443,0.0,100.0
FO RCBT,COMMUNICATION,4.193338315362443,5.0,100.0
FO Interim,COMMUNICATION,4.193338315362443,1.0,100.0
Mu.F.O.,GAME,5.0,2.0,1.0
FO PSA Sept-Fons,COMMUNICATION,4.193338315362443,2.0,100.0
FO BOULANGER,FINANCE,4.193338315362443,10.0,50.0
FO AIRBUS TLSE,COMMUNICATION,4.193338315362443,4.0,1000.0
F-O-Meter,FAMILY,4.193338315362443,0.0,1.0
Theme fo Oppo A30 Wallpaper & Icon,BUSINESS,4.193338315362443,7.0,500.0
Fo Fo Fish,GAME,3.4,5.0,50.0
FO STELIA Méaulte,COMMUNICATION,4.193338315362443,2.0,100.0
RRIMS FO,BUSINESS,4.193338315362443,2.0,100.0
Neon Blue Gaming Wallpaper&Theme fo Lenovo K8 Note,BUSINESS,4.6,7.0,500.0
Photo Editor Collage Maker Pro,PHOTOGRAPHY,4.5,1519671.0,100000000.0
Custos F.O.,BUSINESS,4.193338315362443,0.0,1.0
FO AIRBUS Nantes,COMMUNICATION,4.193338315362443,0.0,100.0
Stylish Fonts,PERSONALIZATION,3.8,153176.0,10000000.0
4x4 Jeep Racer,GAME,4.1,7279.0,1000000.0
Lalafo Pulsuz Elanlar,SHOPPING,4.4,61392.0,1000000.0
My Earthquake Alerts - US & Worldwide Earthquakes,WEATHER,4.4,3471.0,100000.0
FunForMobile Ringtones & Chat,SOCIAL,4.4,68358.0,5000000.0
FarmersOnly Dating,DATING,3.0,1145.0,100000.0
Free Slideshow Maker & Video Editor,PHOTOGRAPHY,4.2,162564.0,10000000.0
Frontline Terrorist Battle Shoot: Free FPS Shooter,GAME,4.2,9183.0,1000000.0
BankNordik,FINANCE,3.9,28.0,5000.0
Sona - Nær við allastaðni,LIFESTYLE,4.2,31.0,1000.0
Firefox Focus: The privacy browser,COMMUNICATION,4.4,36981.0,1000000.0
Mad Dash Fo' Cash,GAME,5.0,14.0,100.0
Launcher Theme for LG K10 2018,PERSONALIZATION,4.0,649.0,100000.0
Mobile Kick,SPORTS,4.3,111809.0,10000000.0
English To Shona Dictionary,BOOKS_AND_REFERENCE,4.6,60.0,10000.0
Posta App,MAPS_AND_NAVIGATION,3.6,8.0,1000.0
Thumbnail Maker,PHOTOGRAPHY,4.4,26252.0,1000000.0
Fon WiFi App – WiFi Connect,TOOLS,4.1,222.0,50000.0
MOD-MASTER for Minecraft PE (Pocket Edition) Free,TOOLS,4.2,271908.0,10000000.0
MX Player Codec (ARMv7),LIBRARIES_AND_DEMO,4.3,332083.0,10000000.0
FP Notebook,MEDICAL,4.5,410.0,50000.0
FeaturePoints: Free Gift Cards,FAMILY,3.9,121321.0,5000000.0
Draw with FP sDraw,TOOLS,4.3,3268.0,100000.0
FP Click sound changer,PERSONALIZATION,3.5,178.0,10000.0
FP Connect,COMMUNICATION,4.193338315362443,0.0,100.0
FP VoiceBot,FAMILY,4.193338315362443,17.0,100.0
FP-safe,BUSINESS,4.193338315362443,0.0,100.0
FP Legacy,MAPS_AND_NAVIGATION,4.0,3.0,1000.0
Race Manager FP,GAME,3.8,196.0,5000.0
FreedomPop Messaging Phone/SIM,COMMUNICATION,3.6,9894.0,500000.0
PhotoFunia,PHOTOGRAPHY,4.3,316378.0,10000000.0
Fingerprint Quick Action,TOOLS,4.2,8484.0,1000000.0
GKPB FP Online Church,LIFESTYLE,5.0,32.0,1000.0
FP BW LCD View,FAMILY,3.4,16.0,500.0
FP Markets,FINANCE,4.193338315362443,1.0,100.0
FP Boss,FINANCE,4.193338315362443,1.0,1.0
FP Opgaver,TOOLS,4.193338315362443,9.0,1000.0
FP Charging Daydream,PERSONALIZATION,3.5,96.0,5000.0
FP Live,COMMUNICATION,4.193338315362443,0.0,10.0
FP Runner,GAME,3.7,38.0,1000.0
Finger Scanner Gestures,TOOLS,4.2,2531.0,100000.0
FP Market,FAMILY,4.193338315362443,24.0,1000.0
FP FCU,FINANCE,3.6,48.0,5000.0
Slickdeals: Coupons & Shopping,SHOPPING,4.5,33599.0,1000000.0
SCM FPS Status,BUSINESS,4.2,123.0,10000.0
Hondata Mobile,MAPS_AND_NAVIGATION,4.3,334.0,10000.0
FreedomPop Friends for Free Data,TOOLS,4.4,58.0,5000.0
Fisher-Price® Smart Connect™,TOOLS,2.7,422.0,50000.0
Fingerprint Lock Screen Prank,TOOLS,4.1,10786.0,1000000.0
FP NFC Rewrite,TOOLS,4.193338315362443,17.0,1000.0
Fast Tract Diet,HEALTH_AND_FITNESS,4.4,35.0,1000.0
Greek Bible FP (Audio),BOOKS_AND_REFERENCE,4.193338315362443,5.0,1000.0
The FP Shield,NEWS_AND_MAGAZINES,4.193338315362443,0.0,10.0
FP Разбитый дисплей,FAMILY,4.5,922.0,50000.0
FP Transportation,AUTO_AND_VEHICLES,4.193338315362443,1.0,1.0
Chat For Strangers - Video Chat,SOCIAL,3.4,622.0,100000.0
FreedomPop Diagnostics,TOOLS,2.9,452.0,100000.0
NFP 2018,EVENTS,4.8,8.0,500.0
FQ Magazine,LIFESTYLE,4.193338315362443,1.0,100.0
Modern Counter Terrorist FPS Shoot,GAME,4.0,795.0,100000.0
FQ METER,PRODUCTIVITY,3.9,17.0,1000.0
FQ Load Board for Transporters,BUSINESS,4.193338315362443,0.0,100.0
FQ India,LIFESTYLE,4.193338315362443,0.0,10.0
Miss FQ,NEWS_AND_MAGAZINES,4.193338315362443,0.0,10.0
FQ - Football Quiz,SPORTS,4.193338315362443,1.0,1.0
Monster Ride Pro,GAME,5.0,1.0,10.0
BEBONCOOL GAMEPAD V1.0,GAME,3.9,404.0,100000.0
Union League,FAMILY,4.0,939.0,10000.0
Fortune Quest: Savior,FAMILY,3.6,135.0,10000.0
Modern Counter 3: FPS Multiplayers battlegro 3,FAMILY,4.1,17.0,1000.0
Modern Strike Online,GAME,4.3,834117.0,10000000.0
Trine 2: Complete Story,GAME,3.8,252.0,10000.0
Modern Counter Terror Attack – Shooting Game,GAME,4.2,340.0,50000.0
Big Hunter,GAME,4.3,245455.0,10000000.0
"sugar, sugar",FAMILY,4.2,1405.0,10000.0
ChopAssistant,TOOLS,4.2,455.0,50000.0
Modern Counter Global Strike 3D,GAME,4.1,297.0,50000.0
Fountain Live Wallpaper HD – Dubai Wallpaper 3D,PERSONALIZATION,4.193338315362443,1.0,500.0
Modern Counter Global Strike 3D V2,GAME,4.0,368.0,50000.0
HipChat - beta version,COMMUNICATION,4.1,1035.0,50000.0
Winter Wonderland,GAME,4.0,1287.0,50000.0
Soccer Clubs Logo Quiz,GAME,4.2,21661.0,1000000.0
Sid Story,GAME,4.4,28510.0,500000.0
PopStar,FAMILY,4.193338315362443,13.0,1000.0
Reindeer VPN - Proxy VPN,TOOLS,4.2,7339.0,100000.0
Inf VPN - Global Proxy & Unlimited Free WIFI VPN,TOOLS,4.7,61445.0,1000000.0
Fuel Rewards® program,LIFESTYLE,4.6,32433.0,1000000.0
Word Search Tab 1 FR,FAMILY,4.193338315362443,0.0,50.0
Fr Daoud Lamei,SOCIAL,4.7,2036.0,100000.0
FR Roster,TOOLS,4.1,174.0,5000.0
Fr Ignacio Outreach,FAMILY,4.9,52.0,1000.0
FR: My Famous Lover,FAMILY,4.0,185.0,10000.0
Fatal Raid - No.1 Mobile FPS,GAME,4.3,56496.0,1000000.0
Poker Pro.Fr,GAME,4.2,5442.0,100000.0
Scoreboard FR,LIFESTYLE,4.3,3.0,100.0
SnakeBite911 FR,MEDICAL,4.193338315362443,1.0,500.0
My FR App,TOOLS,4.193338315362443,2.0,100.0
lesparticuliers.fr,LIFESTYLE,4.193338315362443,96.0,50000.0
Castle Clash: RPG War and Strategy FR,FAMILY,4.7,376223.0,1000000.0
Fr Lupupa Sermons,BUSINESS,4.8,19.0,100.0
FR Plus 1.6,AUTO_AND_VEHICLES,4.193338315362443,4.0,100.0
Fr Agnel Pune,FAMILY,4.1,80.0,1000.0
DICT.fr Mobile,BUSINESS,4.193338315362443,20.0,10000.0
FR: My Secret Pets! ,FAMILY,4.0,785.0,50000.0
Golden Dictionary (FR-AR),BOOKS_AND_REFERENCE,4.2,5775.0,500000.0
FieldBi FR Offline,BUSINESS,4.193338315362443,2.0,100.0
HTC Sense Input - FR,TOOLS,4.0,885.0,100000.0
Gold Quote - Gold.fr,FINANCE,4.193338315362443,96.0,10000.0
Fanfic-FR,BOOKS_AND_REFERENCE,3.3,52.0,5000.0
Fr. Daoud Lamei,FAMILY,5.0,22.0,1000.0
Poop FR,FAMILY,4.193338315362443,6.0,50.0
PLMGSS FR,PRODUCTIVITY,4.193338315362443,0.0,10.0
List iptv FR,VIDEO_PLAYERS,4.193338315362443,1.0,100.0
Cardio-FR,MEDICAL,4.193338315362443,67.0,10000.0
Naruto & Boruto FR,SOCIAL,4.193338315362443,7.0,100.0
Frim: get new friends on local chat rooms,SOCIAL,4.0,88486.0,5000000.0
Fr Agnel Ambarnath,FAMILY,4.2,117.0,5000.0
Manga-FR - Anime Vostfr,COMICS,3.4,291.0,10000.0
Bulgarian French Dictionary Fr,BOOKS_AND_REFERENCE,4.6,603.0,10000.0
News Minecraft.fr,NEWS_AND_MAGAZINES,3.8,881.0,100000.0
payermonstationnement.fr,MAPS_AND_NAVIGATION,4.193338315362443,38.0,5000.0
FR Tides,WEATHER,3.8,1195.0,100000.0
Chemin (fr),BOOKS_AND_REFERENCE,4.8,44.0,1000.0
FR Calculator,FAMILY,4.0,7.0,500.0
FR Forms,BUSINESS,4.193338315362443,0.0,10.0
Sya9a Maroc - FR,FAMILY,4.5,38.0,5000.0
Fr. Mike Schmitz Audio Teachings,FAMILY,5.0,4.0,100.0
Parkinson Exercices FR,MEDICAL,4.193338315362443,3.0,1000.0
The SCP Foundation DB fr nn5n,BOOKS_AND_REFERENCE,4.5,114.0,1000.0
iHoroscope - 2018 Daily Horoscope & Astrology,LIFESTYLE,4.5,398307.0,10000000.0
